[{"code":"110118001","name":"鼓楼街道办事处"},{"code":"110118002","name":"果园街道办事处"},{"code":"110118003","name":"檀营地区办事处"},{"code":"110118100","name":"密云镇"},{"code":"110118101","name":"溪翁庄镇"},{"code":"110118102","name":"西田各庄镇"},{"code":"110118103","name":"十里堡镇"},{"code":"110118104","name":"河南寨镇"},{"code":"110118105","name":"巨各庄镇"},{"code":"110118106","name":"穆家峪镇"},{"code":"110118107","name":"太师屯镇"},{"code":"110118108","name":"高岭镇"},{"code":"110118109","name":"不老屯镇"},{"code":"110118110","name":"冯家峪镇"},{"code":"110118111","name":"古北口镇"},{"code":"110118112","name":"大城子镇"},{"code":"110118113","name":"东邵渠镇"},{"code":"110118114","name":"北庄镇"},{"code":"110118115","name":"新城子镇"},{"code":"110118116","name":"石城镇"},{"code":"110118400","name":"北京密云经济开发区"}]