[{"code":"110102001","name":"西长安街街道办事处"},{"code":"110102003","name":"新街口街道办事处"},{"code":"110102007","name":"月坛街道办事处"},{"code":"110102009","name":"展览路街道办事处"},{"code":"110102010","name":"德胜街道办事处"},{"code":"110102011","name":"金融街街道办事处"},{"code":"110102012","name":"什刹海街道办事处"},{"code":"110102013","name":"大栅栏街道办事处"},{"code":"110102014","name":"天桥街道办事处"},{"code":"110102015","name":"椿树街道办事处"},{"code":"110102016","name":"陶然亭街道办事处"},{"code":"110102017","name":"广安门内街道办事处"},{"code":"110102018","name":"牛街街道办事处"},{"code":"110102019","name":"白纸坊街道办事处"},{"code":"110102020","name":"广安门外街道办事处"}]