[{"code":"110114001","name":"城北街道办事处"},{"code":"110114002","name":"南口地区办事处"},{"code":"110114003","name":"马池口地区办事处"},{"code":"110114004","name":"沙河地区办事处"},{"code":"110114005","name":"城南街道办事处"},{"code":"110114007","name":"东小口地区办事处"},{"code":"110114008","name":"天通苑北街道办事处"},{"code":"110114009","name":"天通苑南街道办事处"},{"code":"110114010","name":"霍营街道办事处"},{"code":"110114011","name":"回龙观街道办事处"},{"code":"110114012","name":"龙泽园街道办事处"},{"code":"110114013","name":"史各庄街道办事处"},{"code":"110114104","name":"阳坊镇"},{"code":"110114110","name":"小汤山镇"},{"code":"110114111","name":"南邵镇"},{"code":"110114112","name":"崔村镇"},{"code":"110114113","name":"百善镇"},{"code":"110114115","name":"北七家镇"},{"code":"110114116","name":"兴寿镇"},{"code":"110114118","name":"流村镇"},{"code":"110114119","name":"十三陵镇"},{"code":"110114120","name":"延寿镇"}]