[{"code":"110115001","name":"兴丰街道办事处"},{"code":"110115002","name":"林校路街道办事处"},{"code":"110115003","name":"清源街道办事处"},{"code":"110115004","name":"亦庄地区办事处"},{"code":"110115005","name":"黄村地区办事处"},{"code":"110115006","name":"旧宫地区办事处"},{"code":"110115007","name":"西红门地区办事处"},{"code":"110115008","name":"瀛海地区办事处"},{"code":"110115009","name":"观音寺街道办事处"},{"code":"110115010","name":"天宫院街道办事处"},{"code":"110115011","name":"高米店街道办事处"},{"code":"110115012","name":"荣华街道办事处"},{"code":"110115013","name":"博兴街道办事处"},{"code":"110115103","name":"青云店镇"},{"code":"110115104","name":"采育镇"},{"code":"110115105","name":"安定镇"},{"code":"110115106","name":"礼贤镇"},{"code":"110115107","name":"榆垡镇"},{"code":"110115108","name":"庞各庄镇"},{"code":"110115109","name":"北臧村镇"},{"code":"110115110","name":"魏善庄镇"},{"code":"110115111","name":"长子营镇"},{"code":"110115403","name":"北京经济技术开发区"},{"code":"110115404","name":"中关村国家自主创新示范区大兴生物医药产业基地"},{"code":"110115405","name":"国家新媒体产业基地"}]