[{"code":"120111001","name":"西营门街道"},{"code":"120111002","name":"李七庄街道"},{"code":"120111003","name":"赤龙南街道"},{"code":"120111100","name":"中北镇"},{"code":"120111101","name":"杨柳青镇"},{"code":"120111102","name":"辛口镇"},{"code":"120111103","name":"张家窝镇"},{"code":"120111104","name":"精武镇"},{"code":"120111105","name":"大寺镇"},{"code":"120111106","name":"王稳庄镇"},{"code":"120111400","name":"天津开发区微电子小区"},{"code":"120111401","name":"新技术产业园区"},{"code":"120111402","name":"西青高校区"},{"code":"120111450","name":"西青区开发区"}]