[{"code":"130131100","name":"平山镇"},{"code":"130131101","name":"东回舍镇"},{"code":"130131102","name":"温塘镇"},{"code":"130131103","name":"南甸镇"},{"code":"130131104","name":"岗南镇"},{"code":"130131105","name":"古月镇"},{"code":"130131106","name":"下槐镇"},{"code":"130131107","name":"孟家庄镇"},{"code":"130131108","name":"小觉镇"},{"code":"130131109","name":"蛟潭庄镇"},{"code":"130131110","name":"西柏坡镇"},{"code":"130131111","name":"下口镇"},{"code":"130131200","name":"西大吾乡"},{"code":"130131201","name":"上三汲乡"},{"code":"130131202","name":"两河乡"},{"code":"130131203","name":"东王坡乡"},{"code":"130131204","name":"苏家庄乡"},{"code":"130131205","name":"宅北乡"},{"code":"130131207","name":"北冶乡"},{"code":"130131209","name":"上观音堂乡"},{"code":"130131210","name":"杨家桥乡"},{"code":"130131211","name":"营里乡"},{"code":"130131212","name":"合河口乡"}]