[{"code":"130126100","name":"灵寿镇"},{"code":"130126101","name":"青同镇"},{"code":"130126102","name":"塔上镇"},{"code":"130126103","name":"陈庄镇"},{"code":"130126104","name":"慈峪镇"},{"code":"130126105","name":"岔头镇"},{"code":"130126200","name":"三圣院乡"},{"code":"130126201","name":"北洼乡"},{"code":"130126202","name":"牛城乡"},{"code":"130126203","name":"狗台乡"},{"code":"130126204","name":"南寨乡"},{"code":"130126205","name":"南燕川乡"},{"code":"130126206","name":"北谭庄乡"},{"code":"130126207","name":"寨头乡"},{"code":"130126208","name":"南营乡"}]