[{"code":"130202001","name":"学院南路街道办事处"},{"code":"130202002","name":"友谊街道办事处"},{"code":"130202003","name":"广场街道办事处"},{"code":"130202004","name":"永红桥街道办事处"},{"code":"130202005","name":"小山街道办事处"},{"code":"130202006","name":"文北街道办事处"},{"code":"130202007","name":"钱营街道办事处"},{"code":"130202008","name":"惠民道街道办事处"},{"code":"130202009","name":"梁家屯路街道办事处"},{"code":"130202102","name":"稻地镇"},{"code":"130202200","name":"女织寨乡"}]