[{"code":"130425100","name":"大名镇"},{"code":"130425101","name":"杨桥镇"},{"code":"130425102","name":"万堤镇"},{"code":"130425103","name":"龙王庙镇"},{"code":"130425104","name":"束馆镇"},{"code":"130425105","name":"金滩镇"},{"code":"130425106","name":"沙圪塔镇"},{"code":"130425107","name":"大街镇"},{"code":"130425201","name":"王村乡"},{"code":"130425202","name":"铺上乡"},{"code":"130425203","name":"黄金堤乡"},{"code":"130425205","name":"旧治乡"},{"code":"130425206","name":"西未庄乡"},{"code":"130425207","name":"孙甘店乡"},{"code":"130425208","name":"西付集乡"},{"code":"130425209","name":"埝头乡"},{"code":"130425210","name":"北峰乡"},{"code":"130425211","name":"张铁集乡"},{"code":"130425212","name":"红庙乡"},{"code":"130425213","name":"营镇回族乡"}]