[{"code":"130404001","name":"胜利桥街道办事处"},{"code":"130404002","name":"百家村街道办事处"},{"code":"130404003","name":"铁路大院街道办事处"},{"code":"130404004","name":"化林路街道办事处"},{"code":"130404005","name":"庞村街道办事处"},{"code":"130404006","name":"二六七二街道办事处"},{"code":"130404007","name":"石化街道办事处"},{"code":"130404100","name":"户村镇"},{"code":"130404200","name":"彭家寨乡"},{"code":"130404201","name":"康庄乡"}]