[{"code":"130521103","name":"晏家屯镇"},{"code":"130521104","name":"南石门镇"},{"code":"130521105","name":"羊范镇"},{"code":"130521106","name":"皇寺镇"},{"code":"130521107","name":"会宁镇"},{"code":"130521108","name":"西黄村镇"},{"code":"130521109","name":"路罗镇"},{"code":"130521110","name":"将军墓镇"},{"code":"130521111","name":"浆水镇"},{"code":"130521112","name":"宋家庄镇"},{"code":"130521200","name":"太子井乡"},{"code":"130521201","name":"龙泉寺乡"},{"code":"130521202","name":"北小庄乡"},{"code":"130521203","name":"城计头乡"},{"code":"130521204","name":"白岸乡"},{"code":"130521206","name":"冀家村乡"}]