[{"code":"130582001","name":"褡裢街道办事处"},{"code":"130582002","name":"桥东街道办事处"},{"code":"130582003","name":"桥西街道办事处"},{"code":"130582004","name":"赞善办事处"},{"code":"130582005","name":"周庄街道办事处"},{"code":"130582101","name":"新城镇"},{"code":"130582102","name":"白塔镇"},{"code":"130582103","name":"十里亭镇"},{"code":"130582104","name":"綦村镇"},{"code":"130582201","name":"册井乡"},{"code":"130582202","name":"刘石岗乡"},{"code":"130582203","name":"柴关乡"},{"code":"130582204","name":"蝉房乡"}]