[{"code":"130633100","name":"易州镇"},{"code":"130633101","name":"梁格庄镇"},{"code":"130633102","name":"西陵镇"},{"code":"130633103","name":"裴山镇"},{"code":"130633104","name":"塘湖镇"},{"code":"130633105","name":"狼牙山镇"},{"code":"130633106","name":"良岗镇"},{"code":"130633107","name":"紫荆关镇"},{"code":"130633108","name":"高村镇"},{"code":"130633200","name":"桥头乡"},{"code":"130633201","name":"白马乡"},{"code":"130633202","name":"流井乡"},{"code":"130633204","name":"高陌乡"},{"code":"130633205","name":"大龙华乡"},{"code":"130633206","name":"安格庄乡"},{"code":"130633207","name":"凌云册乡"},{"code":"130633208","name":"西山北乡"},{"code":"130633209","name":"尉都乡"},{"code":"130633210","name":"独乐乡"},{"code":"130633211","name":"七峪乡"},{"code":"130633212","name":"富岗乡"},{"code":"130633213","name":"坡仓乡"},{"code":"130633214","name":"牛岗乡"},{"code":"130633215","name":"桥家河乡"},{"code":"130633216","name":"甘河净乡"},{"code":"130633217","name":"蔡家峪乡"},{"code":"130633218","name":"南城司乡"}]