[{"code":"130608100","name":"清苑镇"},{"code":"130608101","name":"冉庄镇"},{"code":"130608102","name":"阳城镇"},{"code":"130608103","name":"魏村镇"},{"code":"130608104","name":"温仁镇"},{"code":"130608105","name":"张登镇"},{"code":"130608106","name":"大庄镇"},{"code":"130608107","name":"臧村镇"},{"code":"130608200","name":"白团乡"},{"code":"130608201","name":"北店乡"},{"code":"130608202","name":"石桥乡"},{"code":"130608203","name":"李庄乡"},{"code":"130608204","name":"北王力乡"},{"code":"130608205","name":"东吕乡"},{"code":"130608206","name":"何桥乡"},{"code":"130608207","name":"孙村乡"},{"code":"130608208","name":"阎庄乡"},{"code":"130608209","name":"望亭乡"},{"code":"130608400","name":"河北清苑经济开发区"}]