[{"code":"130609100","name":"安肃镇"},{"code":"130609101","name":"崔庄镇"},{"code":"130609102","name":"大因镇"},{"code":"130609103","name":"遂城镇"},{"code":"130609104","name":"高林村镇"},{"code":"130609105","name":"大王店镇"},{"code":"130609106","name":"漕河镇"},{"code":"130609200","name":"东史端乡"},{"code":"130609201","name":"留村乡"},{"code":"130609202","name":"正村乡"},{"code":"130609203","name":"户木乡"},{"code":"130609204","name":"瀑河乡"},{"code":"130609205","name":"东釜山乡"},{"code":"130609206","name":"义联庄乡"}]