[{"code":"130824001","name":"中兴路街道办事处"},{"code":"130824100","name":"滦平镇"},{"code":"130824101","name":"长山峪镇"},{"code":"130824102","name":"红旗镇"},{"code":"130824103","name":"金沟屯镇"},{"code":"130824104","name":"虎什哈镇"},{"code":"130824105","name":"巴克什营镇"},{"code":"130824106","name":"张百湾镇"},{"code":"130824107","name":"付营子镇"},{"code":"130824200","name":"平坊满族乡"},{"code":"130824201","name":"安纯沟门满族乡"},{"code":"130824205","name":"小营满族乡"},{"code":"130824206","name":"西沟满族乡"},{"code":"130824207","name":"邓厂满族乡"},{"code":"130824208","name":"五道营子满族乡"},{"code":"130824209","name":"马营子满族乡"},{"code":"130824210","name":"付家店满族乡"},{"code":"130824211","name":"火斗山乡"},{"code":"130824212","name":"两间房乡"},{"code":"130824213","name":"涝洼乡"},{"code":"130824214","name":"大屯满族乡"}]