[{"code":"130825001","name":"安州街道办事处"},{"code":"130825100","name":"隆化镇"},{"code":"130825101","name":"韩麻营镇"},{"code":"130825102","name":"中关镇"},{"code":"130825103","name":"七家镇"},{"code":"130825104","name":"汤头沟镇"},{"code":"130825105","name":"张三营镇"},{"code":"130825106","name":"唐三营镇"},{"code":"130825107","name":"蓝旗镇"},{"code":"130825108","name":"步古沟镇"},{"code":"130825109","name":"郭家屯镇"},{"code":"130825200","name":"荒地乡"},{"code":"130825201","name":"章吉营乡"},{"code":"130825202","name":"茅荆坝乡"},{"code":"130825203","name":"尹家营满族乡"},{"code":"130825204","name":"庙子沟蒙古族满族乡"},{"code":"130825205","name":"偏坡营满族乡"},{"code":"130825206","name":"山湾乡"},{"code":"130825207","name":"八达营蒙古族乡"},{"code":"130825208","name":"太平庄满族乡"},{"code":"130825209","name":"旧屯满族乡"},{"code":"130825210","name":"西阿超满族蒙古族乡"},{"code":"130825211","name":"白虎沟满族蒙古族乡"},{"code":"130825212","name":"碱房乡"},{"code":"130825213","name":"韩家店乡"},{"code":"130825214","name":"湾沟门乡"}]