[{"code":"130828100","name":"围场镇"},{"code":"130828101","name":"四合永镇"},{"code":"130828102","name":"克勒沟镇"},{"code":"130828103","name":"棋盘山镇"},{"code":"130828104","name":"半截塔镇"},{"code":"130828105","name":"朝阳地镇"},{"code":"130828106","name":"朝阳湾镇"},{"code":"130828107","name":"腰站镇"},{"code":"130828108","name":"龙头山镇"},{"code":"130828109","name":"新拨镇"},{"code":"130828110","name":"御道口镇"},{"code":"130828200","name":"道坝子乡"},{"code":"130828203","name":"黄土坎乡"},{"code":"130828204","name":"四道沟乡"},{"code":"130828205","name":"兰旗卡伦乡"},{"code":"130828206","name":"银窝沟乡"},{"code":"130828207","name":"新地乡"},{"code":"130828208","name":"广发永乡"},{"code":"130828209","name":"育太和乡"},{"code":"130828210","name":"郭家湾乡"},{"code":"130828211","name":"杨家湾乡"},{"code":"130828212","name":"大唤起乡"},{"code":"130828213","name":"哈里哈乡"},{"code":"130828215","name":"张家湾乡"},{"code":"130828216","name":"宝元栈乡"},{"code":"130828217","name":"山湾子乡"},{"code":"130828218","name":"三义永乡"},{"code":"130828219","name":"姜家店乡"},{"code":"130828220","name":"下伙房乡"},{"code":"130828221","name":"燕格柏乡"},{"code":"130828222","name":"牌楼乡"},{"code":"130828223","name":"城子乡"},{"code":"130828224","name":"老窝铺乡"},{"code":"130828226","name":"石桌子乡"},{"code":"130828227","name":"大头山乡"},{"code":"130828228","name":"南山嘴乡"},{"code":"130828229","name":"西龙头乡"},{"code":"130828450","name":"塞罕坝机械林场"},{"code":"130828500","name":"国营御道口牧场"}]