[{"code":"130982001","name":"新华路街道"},{"code":"130982002","name":"西环路街道"},{"code":"130982003","name":"永丰路街道"},{"code":"130982004","name":"中华路办事处"},{"code":"130982100","name":"出岸镇"},{"code":"130982101","name":"石门桥镇"},{"code":"130982102","name":"吕公堡镇"},{"code":"130982103","name":"长丰镇"},{"code":"130982104","name":"鄚州镇"},{"code":"130982105","name":"苟各庄镇"},{"code":"130982106","name":"梁召镇"},{"code":"130982107","name":"辛中驿镇"},{"code":"130982108","name":"麻家坞镇"},{"code":"130982203","name":"议论堡乡"},{"code":"130982204","name":"青塔乡"},{"code":"130982205","name":"北辛庄乡"},{"code":"130982206","name":"七间房乡"},{"code":"130982207","name":"北汉乡"},{"code":"130982208","name":"于村乡"},{"code":"130982400","name":"华北石油管理局"},{"code":"130982500","name":"开发区管理委员会"},{"code":"130982501","name":"河北任丘雁翎工业园区"}]