[{"code":"130921100","name":"旧州镇"},{"code":"130921101","name":"兴济镇"},{"code":"130921102","name":"杜生镇"},{"code":"130921103","name":"崔尔庄镇"},{"code":"130921200","name":"薛官屯乡"},{"code":"130921201","name":"捷地回族乡"},{"code":"130921202","name":"张官屯乡"},{"code":"130921203","name":"李天木回族乡"},{"code":"130921204","name":"风化店乡"},{"code":"130921205","name":"姚官屯乡"},{"code":"130921206","name":"杜林回族乡"},{"code":"130921207","name":"汪家铺乡"},{"code":"130921208","name":"刘家庙乡"},{"code":"130921209","name":"仵龙堂乡"},{"code":"130921210","name":"大官厅乡"},{"code":"130921211","name":"高川乡"},{"code":"130921212","name":"黄递铺乡"},{"code":"130921213","name":"大褚村回族乡"},{"code":"130921214","name":"纸房头乡"}]