[{"code":"131023001","name":"城区街道办事处"},{"code":"131023100","name":"永清镇"},{"code":"131023101","name":"韩村镇"},{"code":"131023102","name":"后奕镇"},{"code":"131023103","name":"别古庄镇"},{"code":"131023104","name":"里澜城镇"},{"code":"131023200","name":"管家务回族乡"},{"code":"131023201","name":"曹家务乡"},{"code":"131023202","name":"龙虎庄乡"},{"code":"131023203","name":"刘街乡"},{"code":"131023204","name":"三圣口乡"},{"code":"131023400","name":"永清县工业园区"}]