[{"code":"131126100","name":"郑口镇"},{"code":"131126101","name":"夏庄镇"},{"code":"131126102","name":"青罕镇"},{"code":"131126103","name":"故城镇"},{"code":"131126104","name":"武官寨镇"},{"code":"131126105","name":"饶阳店镇"},{"code":"131126106","name":"军屯镇"},{"code":"131126107","name":"建国镇"},{"code":"131126108","name":"西半屯镇"},{"code":"131126200","name":"辛庄乡"},{"code":"131126201","name":"里老乡"},{"code":"131126202","name":"房庄乡"},{"code":"131126203","name":"三朗乡"}]