[{"code":"140225100","name":"永安镇"},{"code":"140225101","name":"西坊城镇"},{"code":"140225102","name":"蔡村镇"},{"code":"140225103","name":"沙圪坨镇"},{"code":"140225104","name":"王庄堡镇"},{"code":"140225105","name":"大磁窑镇"},{"code":"140225201","name":"东坊城乡"},{"code":"140225203","name":"裴村乡"},{"code":"140225204","name":"驼峰乡"},{"code":"140225205","name":"西留村乡"},{"code":"140225206","name":"下韩村乡"},{"code":"140225208","name":"南榆林乡"},{"code":"140225210","name":"吴城乡"},{"code":"140225212","name":"黄花滩乡"},{"code":"140225213","name":"大仁庄乡"},{"code":"140225215","name":"千佛岭乡"},{"code":"140225218","name":"官儿乡"},{"code":"140225220","name":"青磁窑乡"}]