[{"code":"140602001","name":"北城街道办事处"},{"code":"140602002","name":"南城街道办事处"},{"code":"140602003","name":"神头街道办事处"},{"code":"140602004","name":"北旺庄街道办事处"},{"code":"140602100","name":"神头镇"},{"code":"140602101","name":"利民镇"},{"code":"140602200","name":"下团堡乡"},{"code":"140602201","name":"小平易乡"},{"code":"140602202","name":"滋润乡"},{"code":"140602203","name":"福善庄乡"},{"code":"140602204","name":"南榆林乡"},{"code":"140602205","name":"贾庄乡"},{"code":"140602206","name":"沙塄河乡"},{"code":"140602207","name":"窑子头乡"},{"code":"140602208","name":"张蔡庄乡"}]