[{"code":"140726100","name":"明星镇"},{"code":"140726101","name":"胡村镇"},{"code":"140726102","name":"范村镇"},{"code":"140726200","name":"侯城乡"},{"code":"140726201","name":"北汪乡"},{"code":"140726202","name":"水秀乡"},{"code":"140726203","name":"阳邑乡"},{"code":"140726204","name":"小白乡"},{"code":"140726205","name":"任村乡"},{"code":"140726401","name":"白塔区管委会"},{"code":"140726402","name":"北城区管委会"},{"code":"140726403","name":"南城区管委会"}]