[{"code":"140727001","name":"昌源城区管理委员会"},{"code":"140727002","name":"丹枫城区管理委员会"},{"code":"140727003","name":"麓台城区管理委员会"},{"code":"140727100","name":"昭馀镇"},{"code":"140727101","name":"东观镇"},{"code":"140727102","name":"古县镇"},{"code":"140727103","name":"贾令镇"},{"code":"140727104","name":"城赵镇"},{"code":"140727105","name":"来远镇"},{"code":"140727200","name":"西六支乡"},{"code":"140727201","name":"峪口乡"},{"code":"140727400","name":"祁县经济开发区管理委员会"}]