[{"code":"140823100","name":"桐城镇"},{"code":"140823101","name":"郭家庄镇"},{"code":"140823102","name":"畖底镇"},{"code":"140823103","name":"薛店镇"},{"code":"140823104","name":"东镇镇"},{"code":"140823105","name":"礼元镇"},{"code":"140823106","name":"河底镇"},{"code":"140823200","name":"神柏乡"},{"code":"140823201","name":"阳隅乡"},{"code":"140823202","name":"侯村乡"},{"code":"140823203","name":"裴社乡"},{"code":"140823204","name":"后宫乡"},{"code":"140823205","name":"石门乡"},{"code":"140823400","name":"社区管理办公室"}]