[{"code":"140881001","name":"城西街道办事处"},{"code":"140881002","name":"城北街道办事处"},{"code":"140881003","name":"城东街道办事处"},{"code":"140881100","name":"虞乡镇"},{"code":"140881101","name":"卿头镇"},{"code":"140881102","name":"开张镇"},{"code":"140881103","name":"栲栳镇"},{"code":"140881104","name":"蒲州镇"},{"code":"140881105","name":"韩阳镇"},{"code":"140881106","name":"张营镇"},{"code":"140881400","name":"伍姓湖农场"},{"code":"140881401","name":"虞乡农场"},{"code":"140881402","name":"董村农场"}]