[{"code":"140926100","name":"鹅城镇"},{"code":"140926101","name":"杜家村镇"},{"code":"140926102","name":"康家会镇"},{"code":"140926103","name":"丰润镇"},{"code":"140926201","name":"堂尔上乡"},{"code":"140926202","name":"中庄乡"},{"code":"140926203","name":"双路乡"},{"code":"140926204","name":"段家寨乡"},{"code":"140926205","name":"辛村乡"},{"code":"140926206","name":"王村乡"},{"code":"140926207","name":"神峪沟乡"},{"code":"140926208","name":"娘子神乡"},{"code":"140926209","name":"娑婆乡"},{"code":"140926210","name":"赤泥洼乡"}]