[{"code":"140931100","name":"东关镇"},{"code":"140931101","name":"义门镇"},{"code":"140931102","name":"桥头镇"},{"code":"140931103","name":"杨家湾镇"},{"code":"140931200","name":"腰庄乡"},{"code":"140931201","name":"韩家川乡"},{"code":"140931202","name":"林遮峪乡"},{"code":"140931203","name":"冯家川乡"},{"code":"140931204","name":"土崖塔乡"},{"code":"140931205","name":"孙家沟乡"},{"code":"140931206","name":"窑洼乡"},{"code":"140931207","name":"窑圪台乡"},{"code":"140931208","name":"南河沟乡"}]