[{"code":"141024100","name":"大槐树镇"},{"code":"141024101","name":"甘亭镇"},{"code":"141024102","name":"曲亭镇"},{"code":"141024103","name":"苏堡镇"},{"code":"141024104","name":"广胜寺镇"},{"code":"141024105","name":"明姜镇"},{"code":"141024106","name":"赵城镇"},{"code":"141024107","name":"万安镇"},{"code":"141024108","name":"刘家垣镇"},{"code":"141024200","name":"淹底乡"},{"code":"141024201","name":"兴唐寺乡"},{"code":"141024202","name":"堤村乡"},{"code":"141024203","name":"辛村乡"},{"code":"141024204","name":"龙马乡"},{"code":"141024205","name":"山头乡"},{"code":"141024206","name":"左木乡"}]