[{"code":"150403001","name":"西露天街道办事处"},{"code":"150403002","name":"平庄城区街道办事处"},{"code":"150403003","name":"平庄东城街道办事处"},{"code":"150403004","name":"平庄西城街道办事处"},{"code":"150403005","name":"马林街道办事处"},{"code":"150403006","name":"云杉路街道办事处"},{"code":"150403100","name":"风水沟镇"},{"code":"150403101","name":"元宝山镇"},{"code":"150403102","name":"美丽河镇"},{"code":"150403103","name":"平庄镇"},{"code":"150403104","name":"五家镇"},{"code":"150403200","name":"小五家乡"}]