[{"code":"150422100","name":"林东镇"},{"code":"150422101","name":"隆昌镇"},{"code":"150422102","name":"十三敖包镇"},{"code":"150422103","name":"碧流台镇"},{"code":"150422104","name":"富河镇"},{"code":"150422105","name":"白音勿拉镇"},{"code":"150422106","name":"哈拉哈达镇"},{"code":"150422200","name":"查干哈达苏木"},{"code":"150422201","name":"乌兰达坝苏木"},{"code":"150422202","name":"三山乡"},{"code":"150422203","name":"花加拉嘎乡"},{"code":"150422400","name":"上京高新技术产业集中区"},{"code":"150422401","name":"南塔工业集中区"},{"code":"150422402","name":"凤凰山工业集中区"},{"code":"150422403","name":"林东西城街道办事处"},{"code":"150422404","name":"林东东城街道办事处"}]