[{"code":"150602001","name":"交通街道办事处"},{"code":"150602002","name":"公园街道办事处"},{"code":"150602003","name":"林荫街道办事处"},{"code":"150602004","name":"建设街道办事处"},{"code":"150602005","name":"富兴街道办事处"},{"code":"150602006","name":"天骄街道办事处"},{"code":"150602007","name":"诃额伦街道办事处"},{"code":"150602008","name":"巴音门克街道办事处"},{"code":"150602010","name":"幸福街道办事处"},{"code":"150602011","name":"纺织街道办事处"},{"code":"150602012","name":"兴盛街道办事处"},{"code":"150602013","name":"民族街道办事处"},{"code":"150602100","name":"泊尔江海子镇"},{"code":"150602101","name":"罕台镇"},{"code":"150602102","name":"铜川镇"},{"code":"150602400","name":"鄂尔多斯市装备制造基地"},{"code":"150602401","name":"东胜区轻纺工业园区"},{"code":"150602404","name":"铜川汽车博览园"}]