[{"code":"150622001","name":"兴隆街道"},{"code":"150622002","name":"迎泽街道"},{"code":"150622003","name":"蓝天街道"},{"code":"150622004","name":"友谊街道"},{"code":"150622100","name":"薛家湾镇"},{"code":"150622101","name":"沙圪堵镇"},{"code":"150622102","name":"大路镇"},{"code":"150622103","name":"纳日松镇"},{"code":"150622104","name":"龙口镇"},{"code":"150622105","name":"准格尔召镇"},{"code":"150622200","name":"暖水乡"},{"code":"150622201","name":"十二连城乡"},{"code":"150622202","name":"布尔陶亥苏木乡"},{"code":"150622400","name":"准格尔经济开发区"},{"code":"150622401","name":"大路煤化工基地"}]