[{"code":"150784001","name":"拉布达林街道办事处"},{"code":"150784002","name":"上库力街道办事处"},{"code":"150784101","name":"黑山头镇"},{"code":"150784103","name":"莫尔道嘎镇"},{"code":"150784104","name":"恩和哈达镇"},{"code":"150784200","name":"三河回族乡"},{"code":"150784210","name":"恩和俄罗斯族民族乡"},{"code":"150784211","name":"蒙兀室韦苏木"},{"code":"150784212","name":"奇乾乡"},{"code":"150784400","name":"海拉尔农垦集团有限公司拉布大林农场分公司"},{"code":"150784401","name":"三河金騋农牧有限责任公司"},{"code":"150784402","name":"海拉尔农垦集团有限责任公司上库力农场分公司"},{"code":"150784403","name":"海拉尔农垦集团有限责任公司苏沁牧场分公司"}]