[{"code":"150823100","name":"乌拉山镇"},{"code":"150823101","name":"白彦花镇"},{"code":"150823102","name":"先锋镇"},{"code":"150823103","name":"新安镇"},{"code":"150823104","name":"西小召镇"},{"code":"150823105","name":"大佘太镇"},{"code":"150823106","name":"明安镇"},{"code":"150823107","name":"小佘太镇"},{"code":"150823108","name":"苏独仑镇"},{"code":"150823200","name":"额尔登布拉格苏木"},{"code":"150823201","name":"沙德格苏木"},{"code":"150823400","name":"巴彦淖尔市中滩农场"},{"code":"150823401","name":"巴彦淖尔市西山咀农场"},{"code":"150823402","name":"巴彦淖尔市新安农场"},{"code":"150823403","name":"巴彦淖尔市苏独仑农场"},{"code":"150823404","name":"巴彦淖尔市大佘太牧场"},{"code":"150823405","name":"巴彦淖尔市乌梁素海渔场"}]