[{"code":"150927103","name":"科布尔镇"},{"code":"150927104","name":"铁沙盖镇"},{"code":"150927105","name":"黄羊城镇"},{"code":"150927106","name":"广益隆镇"},{"code":"150927107","name":"乌素图镇"},{"code":"150927216","name":"大滩乡"},{"code":"150927217","name":"宏盘乡"},{"code":"150927218","name":"巴音乡"},{"code":"150927219","name":"库联苏木"},{"code":"150927220","name":"乌兰哈页苏木"},{"code":"150927221","name":"察右中旗土城子乡"},{"code":"150927400","name":"辉腾锡勒园区管理委员会"}]