[{"code":"150926105","name":"土贵乌拉镇"},{"code":"150926106","name":"平地泉镇"},{"code":"150926107","name":"玫瑰营镇"},{"code":"150926108","name":"巴音塔拉镇"},{"code":"150926109","name":"黄旗海镇"},{"code":"150926209","name":"乌拉哈乌拉乡"},{"code":"150926210","name":"黄茂营乡"},{"code":"150926211","name":"三岔口乡"},{"code":"150926212","name":"老圈沟乡"},{"code":"150926400","name":"察右前旗天皮山冶金化工工业园区"},{"code":"150926401","name":"察右前旗察哈尔工业园区"}]