[{"code":"152223100","name":"音德尔镇"},{"code":"152223101","name":"新林镇"},{"code":"152223102","name":"巴彦高勒镇"},{"code":"152223103","name":"胡尔勒镇"},{"code":"152223104","name":"阿尔本格勒镇"},{"code":"152223105","name":"巴达尔胡镇"},{"code":"152223106","name":"图牧吉镇"},{"code":"152223107","name":"好力保镇"},{"code":"152223201","name":"巴彦乌兰苏木"},{"code":"152223202","name":"宝力根花苏木"},{"code":"152223203","name":"阿拉达尔吐苏木"},{"code":"152223204","name":"巴彦扎拉嘎乡"},{"code":"152223205","name":"努文木仁乡"},{"code":"152223400","name":"内蒙古自治区图牧吉强制隔离戒毒所"},{"code":"152223401","name":"保安沼监狱"},{"code":"152223402","name":"乌兰监狱"},{"code":"152223403","name":"乌塔其监狱"},{"code":"152223404","name":"种畜场"},{"code":"152223405","name":"八一牧场"},{"code":"152223406","name":"巴达尔胡农场"}]