[{"code":"152222100","name":"巴彦呼舒镇"},{"code":"152222101","name":"巴仁哲里木镇"},{"code":"152222102","name":"吐列毛都镇"},{"code":"152222103","name":"杜尔基镇"},{"code":"152222104","name":"高力板镇"},{"code":"152222105","name":"好腰苏木镇"},{"code":"152222200","name":"代钦塔拉苏木"},{"code":"152222201","name":"新佳木苏木"},{"code":"152222202","name":"哈日诺尔苏木"},{"code":"152222203","name":"额木庭高勒苏木"},{"code":"152222204","name":"巴彦茫哈苏木"},{"code":"152222205","name":"巴彦淖尔苏木"},{"code":"152222400","name":"布敦化牧场"},{"code":"152222401","name":"吐列毛杜农场"},{"code":"152222402","name":"孟恩套力盖矿区工作部"},{"code":"152222403","name":"布敦化矿区工作部"}]