[{"code":"152921102","name":"温都尔勒图镇"},{"code":"152921105","name":"巴润别立镇"},{"code":"152921110","name":"巴彦浩特镇"},{"code":"152921111","name":"嘉尔嘎勒赛汉镇"},{"code":"152921112","name":"吉兰泰镇"},{"code":"152921113","name":"宗别立镇"},{"code":"152921114","name":"敖伦布拉格镇"},{"code":"152921115","name":"腾格里额里斯镇"},{"code":"152921203","name":"巴彦木仁苏木乡"},{"code":"152921213","name":"乌力吉苏木乡"},{"code":"152921214","name":"巴彦诺日公苏木乡"},{"code":"152921215","name":"额尔克哈什哈苏木乡"},{"code":"152921216","name":"银根苏木"},{"code":"152921217","name":"超格图呼热苏木"},{"code":"152921401","name":"腾格里经济技术开发区"},{"code":"152921402","name":"巴彦浩特额鲁特街道办事处"},{"code":"152921403","name":"巴彦浩特南环路街道办事处"},{"code":"152921404","name":"巴彦浩特新华街道办事处"},{"code":"152921405","name":"巴彦浩特王府街道办事处"}]