[{"code":"210212001","name":"登峰街道"},{"code":"210212002","name":"市场街道"},{"code":"210212003","name":"得胜街道"},{"code":"210212004","name":"光荣街道"},{"code":"210212005","name":"水师营街道"},{"code":"210212006","name":"龙王塘街道"},{"code":"210212007","name":"铁山街道"},{"code":"210212009","name":"双岛湾街道"},{"code":"210212010","name":"三涧堡街道"},{"code":"210212011","name":"长城街道"},{"code":"210212012","name":"龙头街道"},{"code":"210212013","name":"北海街道"},{"code":"210212400","name":"旅顺经济开发区"},{"code":"210212401","name":"大连奶牛场"},{"code":"210212402","name":"龙头分园"}]