[{"code":"210213001","name":"拥政街道"},{"code":"210213002","name":"友谊街道"},{"code":"210213003","name":"光明街道"},{"code":"210213004","name":"马桥子街道"},{"code":"210213005","name":"海青岛街道"},{"code":"210213006","name":"大孤山街道"},{"code":"210213007","name":"中长街道"},{"code":"210213008","name":"站前街道"},{"code":"210213009","name":"先进街道"},{"code":"210213011","name":"董家沟街道"},{"code":"210213012","name":"金石滩街道"},{"code":"210213013","name":"湾里街道"},{"code":"210213014","name":"二十里堡街道"},{"code":"210213016","name":"亮甲店街道"},{"code":"210213017","name":"登沙河街道"},{"code":"210213019","name":"大魏家街道"},{"code":"210213020","name":"杏树街道"},{"code":"210213021","name":"七顶山街道"},{"code":"210213022","name":"华家街道"},{"code":"210213023","name":"向应街道"},{"code":"210213024","name":"大李家街道"},{"code":"210213025","name":"得胜街道"},{"code":"210213026","name":"大窑湾街道"},{"code":"210213027","name":"炮台街道"},{"code":"210213028","name":"复州湾街道"},{"code":"210213029","name":"三十里堡街道"},{"code":"210213030","name":"石河街道"}]