[{"code":"210321001","name":"八角台街道办事处"},{"code":"210321002","name":"台东街道办事处"},{"code":"210321003","name":"台南街道办事处"},{"code":"210321004","name":"台北街道办事处"},{"code":"210321101","name":"西佛镇"},{"code":"210321102","name":"新开河镇"},{"code":"210321103","name":"黄沙坨镇"},{"code":"210321104","name":"高力房镇"},{"code":"210321105","name":"桑林镇"},{"code":"210321106","name":"富家镇"},{"code":"210321107","name":"达牛镇"},{"code":"210321109","name":"台安县韭菜台镇"},{"code":"210321110","name":"新台镇"},{"code":"210321111","name":"桓洞镇"},{"code":"210321400","name":"新华农场"},{"code":"210321401","name":"洪家农牧场"},{"code":"210321402","name":"西平林场"}]