[{"code":"210423100","name":"清原镇"},{"code":"210423101","name":"红透山镇"},{"code":"210423103","name":"草市镇"},{"code":"210423104","name":"英额门镇"},{"code":"210423105","name":"南口前镇"},{"code":"210423106","name":"南山城镇"},{"code":"210423107","name":"湾甸子镇"},{"code":"210423108","name":"大孤家镇"},{"code":"210423109","name":"夏家堡镇"},{"code":"210423203","name":"土口子乡"},{"code":"210423204","name":"北三家乡"},{"code":"210423206","name":"敖家堡乡"},{"code":"210423207","name":"大苏河乡"},{"code":"210423208","name":"枸乃甸乡"}]