[{"code":"210403002","name":"东洲街道"},{"code":"210403003","name":"张甸街道"},{"code":"210403004","name":"搭连街道"},{"code":"210403005","name":"龙凤街道"},{"code":"210403006","name":"新屯街道"},{"code":"210403007","name":"万新街道"},{"code":"210403008","name":"老虎台街道"},{"code":"210403009","name":"平山街道"},{"code":"210403012","name":"章党街道"},{"code":"210403013","name":"抚东街道"},{"code":"210403103","name":"章党镇"},{"code":"210403104","name":"哈达镇"},{"code":"210403202","name":"碾盘乡"},{"code":"210403215","name":"兰山乡"}]