[{"code":"210681001","name":"大东街道"},{"code":"210681002","name":"新兴街道"},{"code":"210681003","name":"新城街道"},{"code":"210681101","name":"孤山镇"},{"code":"210681104","name":"前阳镇"},{"code":"210681105","name":"长安镇"},{"code":"210681106","name":"十字街镇"},{"code":"210681107","name":"长山镇"},{"code":"210681108","name":"北井子镇"},{"code":"210681109","name":"椅圈镇"},{"code":"210681110","name":"黄土坎镇"},{"code":"210681113","name":"马家店镇"},{"code":"210681114","name":"龙王庙镇"},{"code":"210681115","name":"小甸子镇"},{"code":"210681117","name":"菩萨庙镇"},{"code":"210681118","name":"黑沟镇"},{"code":"210681119","name":"新农镇"},{"code":"210681206","name":"合隆满族乡"},{"code":"210681401","name":"示范农场"},{"code":"210681402","name":"黄土坎农场"},{"code":"210681403","name":"海洋红农场"},{"code":"210681404","name":"兴隆农场"},{"code":"210681405","name":"五四农场"}]