[{"code":"210603001","name":"头道桥街道"},{"code":"210603002","name":"站前街道"},{"code":"210603003","name":"临江街道"},{"code":"210603004","name":"六道沟街道"},{"code":"210603005","name":"帽盔山街道"},{"code":"210603006","name":"纤维街道"},{"code":"210603007","name":"永昌街道"},{"code":"210603008","name":"花园街道"},{"code":"210603009","name":"江海街道"},{"code":"210603010","name":"西城街道办事处"},{"code":"210603101","name":"浪头镇"},{"code":"210603102","name":"安民镇"},{"code":"210603103","name":"汤池镇"}]