[{"code":"210726001","name":"黑山街道办事处"},{"code":"210726002","name":"大虎山街道办事处"},{"code":"210726101","name":"芳山镇"},{"code":"210726102","name":"白厂门镇"},{"code":"210726103","name":"常兴镇"},{"code":"210726104","name":"姜屯镇"},{"code":"210726105","name":"励家镇"},{"code":"210726106","name":"绕阳河镇"},{"code":"210726107","name":"半拉门镇"},{"code":"210726108","name":"无梁殿镇"},{"code":"210726109","name":"胡家镇"},{"code":"210726110","name":"新立屯镇"},{"code":"210726111","name":"八道壕镇"},{"code":"210726113","name":"四家子镇"},{"code":"210726114","name":"新兴镇"},{"code":"210726116","name":"太和镇"},{"code":"210726117","name":"镇安镇"},{"code":"210726201","name":"英城子乡"},{"code":"210726209","name":"段家乡"},{"code":"210726210","name":"大兴乡"},{"code":"210726212","name":"薛屯乡"},{"code":"210726400","name":"辽宁省锦州市小东种畜场"}]