[{"code":"210711001","name":"太和街道"},{"code":"210711002","name":"兴隆街道"},{"code":"210711003","name":"汤河子街道"},{"code":"210711004","name":"凌西街道"},{"code":"210711007","name":"大薛街道"},{"code":"210711008","name":"女儿河街道办事处"},{"code":"210711009","name":"营盘街道办事处"},{"code":"210711010","name":"新民街道办事处"},{"code":"210711070","name":"王家街道"},{"code":"210711071","name":"天桥街道"},{"code":"210711072","name":"杏山街道"},{"code":"210711073","name":"娘娘宫街道办事处"},{"code":"210711080","name":"凌南街道"},{"code":"210711081","name":"松山街道办事处"},{"code":"210711480","name":"锦州市果树农场"}]