[{"code":"210881001","name":"鼓楼街道"},{"code":"210881002","name":"西城街道"},{"code":"210881003","name":"东城街道"},{"code":"210881004","name":"太阳升街道"},{"code":"210881005","name":"团山街道"},{"code":"210881006","name":"西海街道"},{"code":"210881007","name":"九垄地街道"},{"code":"210881008","name":"归州街道"},{"code":"210881102","name":"高屯镇"},{"code":"210881105","name":"沙岗镇"},{"code":"210881109","name":"九寨镇"},{"code":"210881110","name":"万福镇"},{"code":"210881111","name":"卧龙泉镇"},{"code":"210881112","name":"青石岭镇"},{"code":"210881113","name":"暖泉镇"},{"code":"210881116","name":"榜式堡镇"},{"code":"210881117","name":"团甸镇"},{"code":"210881118","name":"双台镇"},{"code":"210881119","name":"杨运镇"},{"code":"210881120","name":"徐屯镇"},{"code":"210881121","name":"什字街镇"},{"code":"210881122","name":"矿洞沟镇"},{"code":"210881123","name":"陈屯镇"},{"code":"210881124","name":"梁屯镇"},{"code":"210881216","name":"小石棚乡"},{"code":"210881217","name":"果园乡"},{"code":"210881218","name":"二台乡"}]