[{"code":"211382001","name":"东城街道"},{"code":"211382002","name":"北街街道"},{"code":"211382003","name":"南街街道"},{"code":"211382004","name":"凌北街道"},{"code":"211382006","name":"热水汤街道"},{"code":"211382007","name":"兴源街道"},{"code":"211382008","name":"红山街道"},{"code":"211382009","name":"城关街道"},{"code":"211382101","name":"万元店镇"},{"code":"211382102","name":"宋杖子镇"},{"code":"211382103","name":"三十家子镇"},{"code":"211382104","name":"杨杖子镇"},{"code":"211382105","name":"刀尔登镇"},{"code":"211382106","name":"松岭子镇"},{"code":"211382107","name":"四官营子镇"},{"code":"211382108","name":"沟门子镇"},{"code":"211382110","name":"小城子镇"},{"code":"211382111","name":"四合当镇"},{"code":"211382113","name":"乌兰白镇"},{"code":"211382114","name":"瓦房店镇"},{"code":"211382115","name":"大河北镇"},{"code":"211382116","name":"牛营子镇"},{"code":"211382117","name":"三道河子镇"},{"code":"211382204","name":"大王杖子乡"},{"code":"211382205","name":"刘杖子乡"},{"code":"211382206","name":"前进乡"},{"code":"211382210","name":"北炉乡"},{"code":"211382217","name":"三家子蒙古族乡"},{"code":"211382219","name":"佛爷洞乡"},{"code":"211382220","name":"河坎子乡"}]