[{"code":"211402001","name":"连山街道"},{"code":"211402002","name":"站前街道"},{"code":"211402003","name":"渤海街道"},{"code":"211402004","name":"兴工街道"},{"code":"211402005","name":"石油街道"},{"code":"211402006","name":"化工街道"},{"code":"211402007","name":"化机街道"},{"code":"211402008","name":"水泥街道"},{"code":"211402011","name":"锦郊街道"},{"code":"211402104","name":"钢屯镇"},{"code":"211402105","name":"寺儿堡镇"},{"code":"211402106","name":"新台门蒙古族镇"},{"code":"211402201","name":"沙河营乡"},{"code":"211402202","name":"孤竹营子乡"},{"code":"211402203","name":"白马石乡"},{"code":"211402205","name":"山神庙子乡"},{"code":"211402206","name":"塔山乡"},{"code":"211402210","name":"杨郊乡"},{"code":"211402400","name":"杨家杖子经济开发区"}]