[{"code":"211403001","name":"葫芦岛街道"},{"code":"211403002","name":"东街道"},{"code":"211403003","name":"西街道"},{"code":"211403004","name":"望海寺街道"},{"code":"211403005","name":"龙湾街道"},{"code":"211403006","name":"滨海街道"},{"code":"211403007","name":"双龙街道"},{"code":"211403008","name":"玉皇街道"},{"code":"211403009","name":"连湾街道"},{"code":"211403010","name":"北港街道"},{"code":"211403201","name":"双树乡"},{"code":"211403400","name":"葫芦岛经济开发区"},{"code":"211403401","name":"葫芦岛市专利技术园区"}]