[{"code":"211422100","name":"建昌镇"},{"code":"211422101","name":"八家子镇"},{"code":"211422102","name":"喇嘛洞镇"},{"code":"211422103","name":"药王庙镇"},{"code":"211422104","name":"汤神庙镇"},{"code":"211422105","name":"玲珑塔镇"},{"code":"211422106","name":"大屯镇"},{"code":"211422201","name":"牤牛营子乡"},{"code":"211422203","name":"素珠营子乡"},{"code":"211422204","name":"石佛乡"},{"code":"211422206","name":"王宝营子乡"},{"code":"211422207","name":"老大杖子乡"},{"code":"211422208","name":"要路沟乡"},{"code":"211422209","name":"魏家岭乡"},{"code":"211422210","name":"西碱厂乡"},{"code":"211422211","name":"头道营子乡"},{"code":"211422212","name":"新开岭乡"},{"code":"211422213","name":"贺杖子乡"},{"code":"211422214","name":"养马甸子乡"},{"code":"211422215","name":"和尚房子乡"},{"code":"211422218","name":"杨树湾子乡"},{"code":"211422219","name":"黑山科乡"},{"code":"211422220","name":"雷家店乡"},{"code":"211422222","name":"小德营子乡"},{"code":"211422223","name":"二道湾子蒙古族乡"},{"code":"211422224","name":"巴什罕乡"},{"code":"211422225","name":"娘娘庙乡"},{"code":"211422226","name":"谷杖子乡"}]