[{"code":"220113001","name":"九台街道办事处"},{"code":"220113002","name":"营城街道办事处"},{"code":"220113003","name":"九郊街道办事处"},{"code":"220113004","name":"西营城街道办事处"},{"code":"220113005","name":"土们岭街道办事处"},{"code":"220113006","name":"苇子沟街道办事处"},{"code":"220113007","name":"兴隆街道办事处"},{"code":"220113008","name":"纪家街道办事处"},{"code":"220113009","name":"波泥河街道办事处"},{"code":"220113010","name":"卡伦湖街道办事处"},{"code":"220113011","name":"东湖街道办事处"},{"code":"220113012","name":"龙嘉街道办事处"},{"code":"220113100","name":"沐石河镇"},{"code":"220113101","name":"城子街镇"},{"code":"220113102","name":"其塔木镇"},{"code":"220113103","name":"上河湾镇"},{"code":"220113200","name":"胡家回族乡"},{"code":"220113201","name":"莽卡满族乡"}]