[{"code":"220105001","name":"东盛街道办事处"},{"code":"220105002","name":"吉林街道办事处"},{"code":"220105003","name":"荣光街道办事处"},{"code":"220105004","name":"东站街道办事处"},{"code":"220105005","name":"远达街道办事处"},{"code":"220105006","name":"八里堡街道办事处"},{"code":"220105007","name":"长青街道办事处"},{"code":"220105100","name":"英俊镇"},{"code":"220105173","name":"劝农山镇（长春莲花山生态旅游度假区省级）"},{"code":"220105174","name":"泉眼镇"},{"code":"220105270","name":"四家乡（长春莲花山生态旅游度假区省级）"}]