[{"code":"220282001","name":"明桦街道办事处"},{"code":"220282002","name":"永吉街道办事处"},{"code":"220282003","name":"胜利街道办事处"},{"code":"220282004","name":"新华街道办事处"},{"code":"220282005","name":"启新街道办事处"},{"code":"220282100","name":"夹皮沟镇"},{"code":"220282101","name":"二道甸子镇"},{"code":"220282102","name":"红石砬子镇"},{"code":"220282103","name":"八道河子镇"},{"code":"220282104","name":"常山镇"},{"code":"220282105","name":"金沙镇"},{"code":"220282200","name":"桦郊乡"},{"code":"220282201","name":"横道河子乡"},{"code":"220282204","name":"公吉乡"}]