[{"code":"220502001","name":"东昌街道办事处"},{"code":"220502002","name":"民主街道办事处"},{"code":"220502003","name":"老站街道办事处"},{"code":"220502004","name":"团结街道办事处"},{"code":"220502005","name":"新站街道办事处"},{"code":"220502006","name":"光明街道办事处"},{"code":"220502007","name":"龙泉街道办事处"},{"code":"220502100","name":"金厂镇"},{"code":"220502120","name":"通化经济开发区（特殊乡镇）"},{"code":"220502200","name":"环通乡"},{"code":"220502201","name":"江东乡"}]