[{"code":"220523100","name":"朝阳镇"},{"code":"220523101","name":"辉南镇"},{"code":"220523102","name":"样子哨镇"},{"code":"220523103","name":"杉松岗镇"},{"code":"220523104","name":"石道河镇"},{"code":"220523105","name":"辉发城镇"},{"code":"220523106","name":"抚民镇"},{"code":"220523107","name":"金川镇"},{"code":"220523108","name":"团林镇"},{"code":"220523109","name":"庆阳镇"},{"code":"220523200","name":"楼街朝鲜族乡"},{"code":"220523400","name":"辉南县经济技术开发区"}]