[{"code":"220723100","name":"乾安镇"},{"code":"220723101","name":"大布苏镇"},{"code":"220723102","name":"水字镇"},{"code":"220723103","name":"让字镇"},{"code":"220723104","name":"所字镇"},{"code":"220723105","name":"安字镇"},{"code":"220723200","name":"余字乡"},{"code":"220723201","name":"道字乡"},{"code":"220723202","name":"严字乡"},{"code":"220723203","name":"赞字乡"},{"code":"220723400","name":"国营林场"},{"code":"220723401","name":"腾字种畜场"},{"code":"220723402","name":"大遐畜牧场"},{"code":"220723403","name":"乾安鹿场"},{"code":"220723404","name":"来字良种繁育基地"},{"code":"220723405","name":"地字种畜场"}]