[{"code":"220781001","name":"和兴街道办事处"},{"code":"220781002","name":"育才街道办事处"},{"code":"220781003","name":"联盟街道办事处"},{"code":"220781004","name":"士英街道办事处"},{"code":"220781005","name":"铁西街道办事处"},{"code":"220781100","name":"三岔河镇"},{"code":"220781101","name":"长春岭镇"},{"code":"220781102","name":"五家站镇"},{"code":"220781103","name":"陶赖昭镇"},{"code":"220781104","name":"蔡家沟镇"},{"code":"220781105","name":"弓棚子镇"},{"code":"220781106","name":"三井子镇"},{"code":"220781107","name":"增盛镇"},{"code":"220781108","name":"新万发镇"},{"code":"220781109","name":"大林子镇"},{"code":"220781110","name":"新源镇"},{"code":"220781111","name":"得胜镇"},{"code":"220781200","name":"三骏满族蒙古族锡伯族乡"},{"code":"220781201","name":"永平乡"},{"code":"220781203","name":"新站乡"},{"code":"220781204","name":"更新乡"},{"code":"220781206","name":"肖家乡"},{"code":"220781400","name":"伊家店农场"},{"code":"220781401","name":"拉林灌区管理局"},{"code":"220781402","name":"下岱吉灌区管理局"}]