[{"code":"220722100","name":"长岭镇"},{"code":"220722101","name":"太平川镇"},{"code":"220722102","name":"巨宝镇"},{"code":"220722103","name":"太平山镇"},{"code":"220722104","name":"前七号镇"},{"code":"220722105","name":"新安镇"},{"code":"220722106","name":"三青山镇"},{"code":"220722107","name":"大兴镇"},{"code":"220722108","name":"北正镇"},{"code":"220722109","name":"流水镇"},{"code":"220722110","name":"永久镇"},{"code":"220722111","name":"利发盛镇"},{"code":"220722120","name":"太平川（镇）农业园区（特殊乡镇）"},{"code":"220722122","name":"双龙工业园区（特殊乡镇）"},{"code":"220722123","name":"长岭经济开发区（特殊乡镇）"},{"code":"220722200","name":"集体乡"},{"code":"220722201","name":"光明乡"},{"code":"220722202","name":"三县堡乡"},{"code":"220722203","name":"海青乡"},{"code":"220722204","name":"前进乡"},{"code":"220722205","name":"东岭乡"},{"code":"220722206","name":"腰坨子乡"},{"code":"220722207","name":"八十八乡"},{"code":"220722208","name":"三团乡"},{"code":"220722209","name":"三十号乡"},{"code":"220722400","name":"长岭种马场"},{"code":"220722405","name":"太平川机械林场"},{"code":"220722406","name":"三团机械林场"},{"code":"220722407","name":"东岭机械林场"},{"code":"220722408","name":"十四号种畜场"},{"code":"220722409","name":"良种繁育场"},{"code":"220722410","name":"前七号机械林场"}]