[{"code":"222401001","name":"进学街道办事处"},{"code":"222401002","name":"北山街道办事处"},{"code":"222401003","name":"新兴街道办事处"},{"code":"222401004","name":"公园街道办事处"},{"code":"222401005","name":"河南街道办事处"},{"code":"222401006","name":"建工街道办事处"},{"code":"222401100","name":"小营镇"},{"code":"222401101","name":"依兰镇"},{"code":"222401102","name":"三道湾镇"},{"code":"222401105","name":"朝阳川镇"},{"code":"222401400","name":"延吉市林业局"},{"code":"222401401","name":"东山农场"},{"code":"222401402","name":"延边原种场"},{"code":"222401404","name":"延边新兴工业集中区"}]