[{"code":"230113001","name":"双城市街道管委会"},{"code":"230113002","name":"五家街道办事处"},{"code":"230113003","name":"新兴街道办事处"},{"code":"230113004","name":"兰棱街道办事处"},{"code":"230113005","name":"周家街道办事处"},{"code":"230113006","name":"公正街道办事处"},{"code":"230113007","name":"承旭街道办事处"},{"code":"230113008","name":"承恩街道办事处"},{"code":"230113009","name":"永治街道办事处"},{"code":"230113010","name":"永和街道办事处"},{"code":"230113011","name":"幸福街道办事处"},{"code":"230113104","name":"韩甸镇"},{"code":"230113105","name":"单城镇"},{"code":"230113106","name":"东官镇"},{"code":"230113107","name":"农丰满族锡伯族镇"},{"code":"230113108","name":"杏山镇"},{"code":"230113109","name":"西官镇"},{"code":"230113200","name":"朝阳乡"},{"code":"230113201","name":"金城乡"},{"code":"230113203","name":"青岭满族乡"},{"code":"230113204","name":"联兴满族乡"},{"code":"230113208","name":"永胜乡"},{"code":"230113209","name":"临江乡"},{"code":"230113210","name":"水泉乡"},{"code":"230113211","name":"乐群满族乡"},{"code":"230113214","name":"万隆乡"},{"code":"230113216","name":"希勤满族乡"},{"code":"230113217","name":"同心满族乡"}]