[{"code":"230522100","name":"友谊镇"},{"code":"230522101","name":"兴隆镇"},{"code":"230522102","name":"龙山镇"},{"code":"230522103","name":"凤岗镇"},{"code":"230522200","name":"兴盛乡"},{"code":"230522201","name":"东建乡"},{"code":"230522202","name":"庆丰乡"},{"code":"230522203","name":"建设乡"},{"code":"230522204","name":"友邻乡"},{"code":"230522205","name":"新镇乡"},{"code":"230522206","name":"成富朝鲜族满族乡"},{"code":"230522501","name":"红兴隆管理局局直"},{"code":"230522502","name":"友谊农场"}]