[{"code":"230523100","name":"宝清镇"},{"code":"230523101","name":"七星泡镇"},{"code":"230523102","name":"青原镇"},{"code":"230523103","name":"夹信子镇"},{"code":"230523104","name":"龙头镇"},{"code":"230523105","name":"小城子镇"},{"code":"230523202","name":"朝阳乡"},{"code":"230523203","name":"万金山乡"},{"code":"230523204","name":"尖山子乡"},{"code":"230523209","name":"七星河乡"},{"code":"230523400","name":"双鸭山林业局上游经营所"},{"code":"230523401","name":"双鸭山林业局南瓮泉经营所"},{"code":"230523402","name":"双鸭山林业局七一林场"},{"code":"230523403","name":"双鸭山林业局七星河林场"},{"code":"230523404","name":"双鸭山林业局红旗林场"},{"code":"230523405","name":"双鸭山林业局三岔河林场"},{"code":"230523406","name":"双鸭山林业局青龙林场"},{"code":"230523407","name":"双鸭山林业局宝石经营所"},{"code":"230523408","name":"双鸭山林业局七星河金矿"},{"code":"230523409","name":"桦南林业局岚峰林场"},{"code":"230523500","name":"五九七农场"},{"code":"230523501","name":"八五二农场"},{"code":"230523502","name":"八五三农场"}]