[{"code":"230722100","name":"朝阳镇"},{"code":"230722101","name":"乌云镇"},{"code":"230722102","name":"乌拉嘎镇"},{"code":"230722200","name":"常胜乡"},{"code":"230722201","name":"向阳乡"},{"code":"230722202","name":"沪嘉乡"},{"code":"230722203","name":"红光乡"},{"code":"230722204","name":"保兴乡"},{"code":"230722205","name":"青山乡"},{"code":"230722400","name":"太平林场"},{"code":"230722402","name":"清河林场"},{"code":"230722404","name":"马连林场"},{"code":"230722500","name":"嘉荫农场"}]