[{"code":"230715001","name":"红星街道办事处"},{"code":"230715400","name":"清水河经营所"},{"code":"230715401","name":"五星河经营所"},{"code":"230715402","name":"汤洪岭林场"},{"code":"230715403","name":"汤北林场"},{"code":"230715404","name":"霍吉河林场"},{"code":"230715405","name":"二杨经营所"},{"code":"230715406","name":"三杨林场"},{"code":"230715407","name":"汤南林场"},{"code":"230715408","name":"共青经营所"},{"code":"230715409","name":"库斯特林场"},{"code":"230715410","name":"二皮河经营所"}]