[{"code":"230703002","name":"西水街道办事处"},{"code":"230703004","name":"联合街道办事处"},{"code":"230703005","name":"东升街道办事处"},{"code":"230703101","name":"晨明镇"},{"code":"230703102","name":"浩良河镇"},{"code":"230703200","name":"迎春乡"},{"code":"230703400","name":"三岔河林场"},{"code":"230703401","name":"四合营林场"},{"code":"230703402","name":"亮子河林场"},{"code":"230703403","name":"石头河林场"},{"code":"230703405","name":"岩石经营所"},{"code":"230703406","name":"奋斗经营所"},{"code":"230703407","name":"桦阳经营所"},{"code":"230703408","name":"浩良河经营所"},{"code":"230703409","name":"太平经营所"},{"code":"230703410","name":"南岔经营所"},{"code":"230703411","name":"威岭经营所"},{"code":"230703413","name":"松青经营所"},{"code":"230703414","name":"柳树经营所"},{"code":"230703579","name":"浩良河化肥厂"}]