[{"code":"230781100","name":"铁力镇"},{"code":"230781101","name":"双丰镇"},{"code":"230781102","name":"桃山镇"},{"code":"230781104","name":"朗乡镇"},{"code":"230781200","name":"年丰乡"},{"code":"230781201","name":"工农乡"},{"code":"230781202","name":"王杨乡"},{"code":"230781400","name":"铁力林业局"},{"code":"230781401","name":"双丰林业局"},{"code":"230781402","name":"桃山林业局"},{"code":"230781403","name":"朗乡林业局"},{"code":"230781500","name":"铁力农场"}]