[{"code":"230902011","name":"兴安社区公共服务站"},{"code":"230902012","name":"兴乐社区公共服务站"},{"code":"230902013","name":"兴富社区公共服务站"},{"code":"230902014","name":"兴秀社区公共服务站"},{"code":"230902015","name":"兴平社区公共服务站"},{"code":"230902016","name":"兴和社区公共服务站"},{"code":"230902017","name":"兴城社区公共服务站"},{"code":"230902018","name":"兴盛社区公共服务站"},{"code":"230902019","name":"北山社区公共服务站"},{"code":"230902020","name":"欣源社区公共服务站"},{"code":"230902021","name":"冬梅社区公共服务站"},{"code":"230902022","name":"枫叶社区公共服务站"},{"code":"230902023","name":"安居社区公共服务站"},{"code":"230902024","name":"河南社区公共服务站"},{"code":"230902025","name":"新立社区公共服务站"},{"code":"230902026","name":"新建社区公共服务站"},{"code":"230902027","name":"新城社区公共服务站"},{"code":"230902028","name":"缸窑沟社区公共服务站"},{"code":"230902100","name":"红旗镇"},{"code":"230902200","name":"长兴乡"},{"code":"230902480","name":"种畜场"},{"code":"230902500","name":"北兴农场"},{"code":"230902579","name":"黑龙江红兴隆农垦宝利采金"}]