[{"code":"231283100","name":"海伦镇"},{"code":"231283101","name":"海北镇"},{"code":"231283102","name":"伦河镇"},{"code":"231283103","name":"共合镇"},{"code":"231283104","name":"海兴镇"},{"code":"231283105","name":"祥富镇"},{"code":"231283106","name":"东风镇"},{"code":"231283107","name":"百祥镇"},{"code":"231283202","name":"前进乡"},{"code":"231283203","name":"向荣乡"},{"code":"231283204","name":"长发乡"},{"code":"231283205","name":"东林乡"},{"code":"231283208","name":"海南乡"},{"code":"231283209","name":"共荣乡"},{"code":"231283210","name":"乐业乡"},{"code":"231283211","name":"福民乡"},{"code":"231283212","name":"丰山乡"},{"code":"231283213","name":"永富乡"},{"code":"231283216","name":"联发乡"},{"code":"231283217","name":"永和乡"},{"code":"231283218","name":"爱民乡"},{"code":"231283220","name":"扎音河乡"},{"code":"231283221","name":"双录乡"},{"code":"231283400","name":"林场公司"},{"code":"231283401","name":"东方红水库地区"},{"code":"231283500","name":"海伦农场"},{"code":"231283501","name":"红光农场"},{"code":"231283581","name":"海伦二粮种场"},{"code":"231283582","name":"海伦种畜场"}]