[{"code":"231221100","name":"望奎镇"},{"code":"231221101","name":"通江镇"},{"code":"231221102","name":"卫星镇"},{"code":"231221103","name":"海丰镇"},{"code":"231221104","name":"莲花镇"},{"code":"231221105","name":"惠七满族镇"},{"code":"231221106","name":"先锋镇"},{"code":"231221107","name":"火箭镇"},{"code":"231221108","name":"东郊镇"},{"code":"231221202","name":"灵山满族乡"},{"code":"231221203","name":"后三乡"},{"code":"231221207","name":"灯塔乡"},{"code":"231221209","name":"东升乡"},{"code":"231221210","name":"恭六乡"},{"code":"231221211","name":"厢白满族乡"},{"code":"231221400","name":"白四林场"},{"code":"231221580","name":"种畜场"},{"code":"231221581","name":"第一良种场"},{"code":"231221582","name":"第二良种场"}]