[{"code":"310106006","name":"江宁路街道"},{"code":"310106011","name":"石门二路街道"},{"code":"310106012","name":"南京西路街道"},{"code":"310106013","name":"静安寺街道"},{"code":"310106014","name":"曹家渡街道"},{"code":"310106015","name":"天目西路街道"},{"code":"310106016","name":"北站街道"},{"code":"310106017","name":"宝山路街道"},{"code":"310106018","name":"共和新路街道"},{"code":"310106019","name":"大宁路街道"},{"code":"310106020","name":"彭浦新村街道"},{"code":"310106021","name":"临汾路街道"},{"code":"310106022","name":"芷江西路街道"},{"code":"310106101","name":"彭浦镇"}]