[{"code":"310110001","name":"定海路街道"},{"code":"310110006","name":"平凉路街道"},{"code":"310110008","name":"江浦路街道"},{"code":"310110009","name":"四平路街道"},{"code":"310110012","name":"控江路街道"},{"code":"310110013","name":"长白新村街道"},{"code":"310110015","name":"延吉新村街道"},{"code":"310110016","name":"殷行街道"},{"code":"310110018","name":"大桥街道"},{"code":"310110019","name":"五角场街道"},{"code":"310110020","name":"新江湾城街道"},{"code":"310110101","name":"五角场镇"}]