[{"code":"320115001","name":"东山街道"},{"code":"320115002","name":"秣陵街道"},{"code":"320115003","name":"汤山街道"},{"code":"320115004","name":"淳化街道"},{"code":"320115005","name":"禄口街道"},{"code":"320115006","name":"江宁街道"},{"code":"320115007","name":"谷里街道"},{"code":"320115008","name":"湖熟街道"},{"code":"320115009","name":"横溪街道"},{"code":"320115010","name":"麒麟街道"},{"code":"320115401","name":"青龙山林场"},{"code":"320115402","name":"江宁开发区"},{"code":"320115403","name":"江宁滨江开发区"},{"code":"320115404","name":"江宁高新技术产业园"},{"code":"320115405","name":"麒麟科技创新园（生态科技城）"}]