[{"code":"320322001","name":"沛城街道办事处"},{"code":"320322002","name":"大屯街道办事处"},{"code":"320322003","name":"汉源街道办事处"},{"code":"320322004","name":"汉兴街道办事处"},{"code":"320322101","name":"龙固镇"},{"code":"320322102","name":"杨屯镇"},{"code":"320322105","name":"胡寨镇"},{"code":"320322106","name":"魏庙镇"},{"code":"320322107","name":"五段镇"},{"code":"320322108","name":"张庄镇"},{"code":"320322109","name":"张寨镇"},{"code":"320322110","name":"敬安镇"},{"code":"320322111","name":"河口镇"},{"code":"320322112","name":"栖山镇"},{"code":"320322113","name":"鹿楼镇"},{"code":"320322114","name":"朱寨镇"},{"code":"320322115","name":"安国镇"},{"code":"320322401","name":"中煤集团大屯煤电（集团）公司"},{"code":"320322403","name":"沛县湖西农场管理委员会"}]