[{"code":"320381001","name":"新安街道办事处"},{"code":"320381002","name":"北沟街道办事处"},{"code":"320381003","name":"墨河街道办事处"},{"code":"320381004","name":"唐店街道办事处"},{"code":"320381102","name":"瓦窑镇"},{"code":"320381103","name":"港头镇"},{"code":"320381105","name":"合沟镇"},{"code":"320381106","name":"草桥镇"},{"code":"320381107","name":"窑湾镇"},{"code":"320381108","name":"棋盘镇"},{"code":"320381109","name":"马陵山镇"},{"code":"320381110","name":"新店镇"},{"code":"320381111","name":"邵店镇"},{"code":"320381113","name":"时集镇"},{"code":"320381114","name":"高流镇"},{"code":"320381115","name":"阿湖镇"},{"code":"320381116","name":"双塘镇"},{"code":"320381401","name":"经济开发区"},{"code":"320381402","name":"锡沂高新技术产业开发区"},{"code":"320381403","name":"马陵山风景名胜区"}]