[{"code":"320505001","name":"横塘街道"},{"code":"320505002","name":"狮山街道"},{"code":"320505003","name":"枫桥街道"},{"code":"320505004","name":"镇湖街道"},{"code":"320505100","name":"浒墅关镇"},{"code":"320505101","name":"通安镇"},{"code":"320505102","name":"东渚镇"},{"code":"320505400","name":"浒墅关经济技术开发区"},{"code":"320505405","name":"苏州高新技术创业服务中心"},{"code":"320505407","name":"苏州科技城"},{"code":"320505408","name":"苏州高新区综合保税区"}]