[{"code":"320508001","name":"双塔街道"},{"code":"320508002","name":"沧浪街道"},{"code":"320508003","name":"胥江街道"},{"code":"320508004","name":"吴门桥街道"},{"code":"320508005","name":"葑门街道"},{"code":"320508006","name":"友新街道"},{"code":"320508007","name":"观前街道"},{"code":"320508008","name":"平江街道"},{"code":"320508009","name":"苏锦街道"},{"code":"320508010","name":"娄门街道"},{"code":"320508011","name":"城北街道"},{"code":"320508012","name":"桃花坞街道"},{"code":"320508013","name":"石路街道"},{"code":"320508014","name":"金阊街道"},{"code":"320508015","name":"留园街道"},{"code":"320508016","name":"虎丘街道"},{"code":"320508017","name":"白洋湾街道"}]