[{"code":"320924100","name":"合德镇"},{"code":"320924101","name":"临海镇"},{"code":"320924102","name":"千秋镇"},{"code":"320924104","name":"四明镇"},{"code":"320924106","name":"海河镇"},{"code":"320924108","name":"海通镇"},{"code":"320924109","name":"兴桥镇"},{"code":"320924110","name":"新坍镇"},{"code":"320924111","name":"长荡镇"},{"code":"320924112","name":"盘湾镇"},{"code":"320924113","name":"特庸镇"},{"code":"320924114","name":"洋马镇"},{"code":"320924117","name":"黄沙港镇"},{"code":"320924400","name":"县经济开发区"},{"code":"320924401","name":"淮海农场"},{"code":"320924402","name":"临海农场"},{"code":"320924403","name":"新洋农场"},{"code":"320924404","name":"盐场"},{"code":"320924406","name":"射阳港经济区"}]