[{"code":"320904100","name":"大中镇"},{"code":"320904101","name":"草堰镇"},{"code":"320904102","name":"白驹镇"},{"code":"320904103","name":"刘庄镇"},{"code":"320904104","name":"西团镇"},{"code":"320904105","name":"小海镇"},{"code":"320904106","name":"大桥镇"},{"code":"320904107","name":"草庙镇"},{"code":"320904108","name":"万盈镇"},{"code":"320904109","name":"南阳镇"},{"code":"320904110","name":"新丰镇"},{"code":"320904111","name":"三龙镇"},{"code":"320904400","name":"大中农场"},{"code":"320904401","name":"方强农场"},{"code":"320904402","name":"东坝头农场"},{"code":"320904403","name":"大丰经济开发区管委会"},{"code":"320904404","name":"大丰港经济开发区管委会"},{"code":"320904405","name":"大丰常州高新区管委会"}]