[{"code":"321084001","name":"高邮街道"},{"code":"321084101","name":"龙虬镇"},{"code":"321084106","name":"汤庄镇"},{"code":"321084107","name":"卸甲镇"},{"code":"321084108","name":"三垛镇"},{"code":"321084109","name":"甘垛镇"},{"code":"321084112","name":"界首镇"},{"code":"321084113","name":"周山镇"},{"code":"321084115","name":"临泽镇"},{"code":"321084116","name":"送桥镇"},{"code":"321084200","name":"菱塘回族乡"},{"code":"321084401","name":"城南经济新区（车逻镇）"},{"code":"321084406","name":"经济开发区（马棚街道）"},{"code":"321084451","name":"菱塘光电科技园"}]