[{"code":"321323100","name":"众兴镇"},{"code":"321323101","name":"爱园镇"},{"code":"321323102","name":"王集镇"},{"code":"321323103","name":"裴圩镇"},{"code":"321323104","name":"新袁镇"},{"code":"321323105","name":"李口镇"},{"code":"321323106","name":"临河镇"},{"code":"321323107","name":"穿城镇"},{"code":"321323108","name":"张家圩镇"},{"code":"321323109","name":"高渡镇"},{"code":"321323110","name":"卢集镇"},{"code":"321323200","name":"庄圩乡"},{"code":"321323201","name":"里仁乡"},{"code":"321323202","name":"三庄乡"},{"code":"321323203","name":"南刘集乡"},{"code":"321323204","name":"八集乡"},{"code":"321323400","name":"棉花原种场"},{"code":"321323401","name":"泗阳农场"},{"code":"321323402","name":"江苏泗阳开发区"}]