[{"code":"330206001","name":"大榭街道"},{"code":"330206002","name":"新碶街道"},{"code":"330206003","name":"小港街道"},{"code":"330206004","name":"大碶街道"},{"code":"330206005","name":"霞浦街道"},{"code":"330206006","name":"柴桥街道"},{"code":"330206007","name":"戚家山街道"},{"code":"330206008","name":"春晓街道"},{"code":"330206009","name":"梅山街道"},{"code":"330206010","name":"郭巨街道"},{"code":"330206011","name":"白峰街道"},{"code":"330206401","name":"保税区"}]