[{"code":"330226001","name":"跃龙街道"},{"code":"330226002","name":"桃源街道"},{"code":"330226003","name":"梅林街道"},{"code":"330226004","name":"桥头胡街道"},{"code":"330226101","name":"长街镇"},{"code":"330226102","name":"力洋镇"},{"code":"330226104","name":"一市镇"},{"code":"330226105","name":"岔路镇"},{"code":"330226106","name":"前童镇"},{"code":"330226107","name":"桑洲镇"},{"code":"330226108","name":"黄坛镇"},{"code":"330226109","name":"大佳何镇"},{"code":"330226110","name":"强蛟镇"},{"code":"330226111","name":"西店镇"},{"code":"330226112","name":"深甽镇"},{"code":"330226200","name":"胡陈乡"},{"code":"330226201","name":"茶院乡"},{"code":"330226202","name":"越溪乡"}]