[{"code":"330302006","name":"五马街道"},{"code":"330302023","name":"七都街道"},{"code":"330302024","name":"滨江街道"},{"code":"330302025","name":"南汇街道"},{"code":"330302026","name":"松台街道"},{"code":"330302027","name":"双屿街道"},{"code":"330302028","name":"仰义街道"},{"code":"330302029","name":"大南街道"},{"code":"330302030","name":"蒲鞋市街道"},{"code":"330302031","name":"南郊街道"},{"code":"330302032","name":"广化街道"},{"code":"330302033","name":"丰门街道"},{"code":"330302102","name":"藤桥镇"},{"code":"330302105","name":"山福镇"}]