[{"code":"330381001","name":"安阳街道"},{"code":"330381002","name":"玉海街道"},{"code":"330381003","name":"锦湖街道"},{"code":"330381004","name":"东山街道"},{"code":"330381005","name":"上望街道"},{"code":"330381007","name":"莘塍街道"},{"code":"330381008","name":"汀田街道"},{"code":"330381009","name":"飞云街道"},{"code":"330381010","name":"仙降街道"},{"code":"330381011","name":"南滨街道"},{"code":"330381012","name":"潘岱街道"},{"code":"330381013","name":"云周街道"},{"code":"330381101","name":"塘下镇"},{"code":"330381116","name":"马屿镇"},{"code":"330381120","name":"陶山镇"},{"code":"330381122","name":"湖岭镇"},{"code":"330381125","name":"高楼镇"},{"code":"330381126","name":"桐浦镇"},{"code":"330381127","name":"林川镇"},{"code":"330381128","name":"曹村镇"},{"code":"330381129","name":"平阳坑镇"},{"code":"330381221","name":"芳庄乡"},{"code":"330381222","name":"北麂乡"}]