[{"code":"330683001","name":"剡湖街道"},{"code":"330683002","name":"三江街道"},{"code":"330683003","name":"鹿山街道"},{"code":"330683004","name":"浦口街道"},{"code":"330683100","name":"甘霖镇"},{"code":"330683101","name":"长乐镇"},{"code":"330683102","name":"崇仁镇"},{"code":"330683103","name":"黄泽镇"},{"code":"330683104","name":"三界镇"},{"code":"330683105","name":"石璜镇"},{"code":"330683106","name":"谷来镇"},{"code":"330683107","name":"仙岩镇"},{"code":"330683108","name":"金庭镇"},{"code":"330683109","name":"北漳镇"},{"code":"330683110","name":"下王镇"},{"code":"330683200","name":"贵门乡"},{"code":"330683201","name":"里南乡"},{"code":"330683202","name":"竹溪乡"},{"code":"330683203","name":"雅璜乡"},{"code":"330683204","name":"王院乡"},{"code":"330683205","name":"通源乡"},{"code":"330683400","name":"嵊州经济开发区"}]