[{"code":"331181001","name":"龙渊街道"},{"code":"331181002","name":"西街街道"},{"code":"331181003","name":"剑池街道"},{"code":"331181004","name":"石达石街道"},{"code":"331181100","name":"八都镇"},{"code":"331181101","name":"上垟镇"},{"code":"331181102","name":"小梅镇"},{"code":"331181103","name":"查田镇"},{"code":"331181104","name":"安仁镇"},{"code":"331181105","name":"锦溪镇"},{"code":"331181106","name":"住龙镇"},{"code":"331181107","name":"屏南镇"},{"code":"331181200","name":"兰巨乡"},{"code":"331181202","name":"宝溪乡"},{"code":"331181203","name":"竹垟畲族乡"},{"code":"331181204","name":"道太乡"},{"code":"331181205","name":"岩樟乡"},{"code":"331181206","name":"城北乡"},{"code":"331181207","name":"龙南乡"}]