[{"code":"331122001","name":"五云街道办事处"},{"code":"331122002","name":"新碧街道办事处"},{"code":"331122003","name":"仙都街道办事处"},{"code":"331122101","name":"壶镇镇"},{"code":"331122102","name":"新建镇"},{"code":"331122103","name":"舒洪镇"},{"code":"331122105","name":"大洋镇"},{"code":"331122106","name":"东渡镇"},{"code":"331122107","name":"东方镇"},{"code":"331122108","name":"大源镇"},{"code":"331122203","name":"七里乡"},{"code":"331122206","name":"前路乡"},{"code":"331122207","name":"三溪乡"},{"code":"331122208","name":"溶江乡"},{"code":"331122209","name":"双溪口乡"},{"code":"331122210","name":"胡源乡"},{"code":"331122211","name":"方溪乡"},{"code":"331122212","name":"石笕乡"}]