[{"code":"331102001","name":"紫金街道办事处"},{"code":"331102002","name":"岩泉街道办事处"},{"code":"331102003","name":"万象街道办事处"},{"code":"331102004","name":"白云街道办事处"},{"code":"331102007","name":"联城街道办事处"},{"code":"331102008","name":"南明山街道办事处"},{"code":"331102100","name":"碧湖镇"},{"code":"331102102","name":"大港头镇"},{"code":"331102103","name":"老竹畲族镇"},{"code":"331102104","name":"雅溪镇"},{"code":"331102200","name":"太平乡"},{"code":"331102201","name":"仙渡乡"},{"code":"331102202","name":"峰源乡"},{"code":"331102204","name":"丽新畲族乡"},{"code":"331102206","name":"黄村乡"}]