[{"code":"340124100","name":"庐城镇"},{"code":"340124101","name":"冶父山镇"},{"code":"340124102","name":"万山镇"},{"code":"340124103","name":"汤池镇"},{"code":"340124104","name":"郭河镇"},{"code":"340124105","name":"金牛镇"},{"code":"340124106","name":"石头镇"},{"code":"340124107","name":"同大镇"},{"code":"340124108","name":"白山镇"},{"code":"340124109","name":"盛桥镇"},{"code":"340124110","name":"白湖镇"},{"code":"340124111","name":"龙桥镇"},{"code":"340124112","name":"矾山镇"},{"code":"340124113","name":"罗河镇"},{"code":"340124114","name":"泥河镇"},{"code":"340124115","name":"乐桥镇"},{"code":"340124116","name":"柯坦镇"},{"code":"340124400","name":"安徽庐江经济开发区"}]