[{"code":"340104001","name":"三里庵街道"},{"code":"340104002","name":"稻香村街道"},{"code":"340104003","name":"琥珀街道"},{"code":"340104004","name":"南七街道"},{"code":"340104005","name":"西园街道"},{"code":"340104006","name":"五里墩街道"},{"code":"340104007","name":"荷叶地街道"},{"code":"340104008","name":"笔架山街道"},{"code":"340104100","name":"井岗镇"},{"code":"340104101","name":"南岗镇"},{"code":"340104102","name":"小庙镇"},{"code":"340104400","name":"蜀山新产业园区"}]