[{"code":"340503001","name":"沙塘路街道"},{"code":"340503002","name":"解放路街道"},{"code":"340503003","name":"湖东路街道"},{"code":"340503004","name":"桃源路街道"},{"code":"340503005","name":"霍里街道"},{"code":"340503006","name":"金家庄街道"},{"code":"340503007","name":"塘西街道"},{"code":"340503008","name":"慈湖街道"},{"code":"340503009","name":"江东街道"},{"code":"340503101","name":"濮塘镇"},{"code":"340503401","name":"慈湖高新技术产业开发区"}]