[{"code":"340523100","name":"历阳镇"},{"code":"340523102","name":"白桥镇"},{"code":"340523103","name":"姥桥镇"},{"code":"340523104","name":"功桥镇"},{"code":"340523105","name":"西埠镇"},{"code":"340523106","name":"香泉镇"},{"code":"340523107","name":"乌江镇"},{"code":"340523108","name":"善厚镇"},{"code":"340523109","name":"石杨镇"},{"code":"340523400","name":"安徽和县经济开发区"},{"code":"340523401","name":"安徽精细化工产业有机合成基地"},{"code":"340523500","name":"安徽和县台湾农民创业园"}]