[{"code":"340722100","name":"枞阳镇"},{"code":"340722101","name":"欧山镇"},{"code":"340722102","name":"汤沟镇"},{"code":"340722103","name":"老洲镇"},{"code":"340722104","name":"陈瑶湖镇"},{"code":"340722105","name":"周潭镇"},{"code":"340722106","name":"横埠镇"},{"code":"340722107","name":"项铺镇"},{"code":"340722108","name":"钱桥镇"},{"code":"340722109","name":"麒麟镇"},{"code":"340722110","name":"义津镇"},{"code":"340722111","name":"浮山镇"},{"code":"340722112","name":"会宫镇"},{"code":"340722113","name":"官埠桥镇"},{"code":"340722200","name":"铁铜乡"},{"code":"340722201","name":"凤仪乡"},{"code":"340722202","name":"长沙乡"},{"code":"340722203","name":"钱铺乡"},{"code":"340722204","name":"金社乡"},{"code":"340722205","name":"白梅乡"},{"code":"340722206","name":"白湖乡"},{"code":"340722207","name":"雨坛乡"},{"code":"340722400","name":"枞阳经济开发区"}]