[{"code":"340827100","name":"华阳镇"},{"code":"340827101","name":"杨湾镇"},{"code":"340827102","name":"漳湖镇"},{"code":"340827103","name":"赛口镇"},{"code":"340827104","name":"高士镇"},{"code":"340827105","name":"鸦滩镇"},{"code":"340827106","name":"长岭镇"},{"code":"340827107","name":"太慈镇"},{"code":"340827200","name":"凉泉乡"},{"code":"340827201","name":"雷池乡"},{"code":"340827400","name":"望江县经济开发区"},{"code":"340827401","name":"安徽望江桥港经济开发区"}]