[{"code":"341021100","name":"徽城镇"},{"code":"341021101","name":"深渡镇"},{"code":"341021102","name":"北岸镇"},{"code":"341021103","name":"富堨镇"},{"code":"341021104","name":"郑村镇"},{"code":"341021105","name":"桂林镇"},{"code":"341021106","name":"许村镇"},{"code":"341021107","name":"溪头镇"},{"code":"341021108","name":"杞梓里镇"},{"code":"341021109","name":"霞坑镇"},{"code":"341021110","name":"岔口镇"},{"code":"341021111","name":"街口镇"},{"code":"341021112","name":"王村镇"},{"code":"341021113","name":"雄村镇"},{"code":"341021114","name":"三阳镇"},{"code":"341021200","name":"坑口乡"},{"code":"341021202","name":"上丰乡"},{"code":"341021203","name":"昌溪乡"},{"code":"341021204","name":"武阳乡"},{"code":"341021206","name":"金川乡"},{"code":"341021207","name":"小川乡"},{"code":"341021208","name":"新溪口乡"},{"code":"341021209","name":"璜田乡"},{"code":"341021210","name":"长陔乡"},{"code":"341021211","name":"森村乡"},{"code":"341021212","name":"绍濂乡"},{"code":"341021213","name":"石门乡"},{"code":"341021214","name":"狮石乡"},{"code":"341021400","name":"开发区类似乡级单位"}]