[{"code":"341125100","name":"定城镇"},{"code":"341125101","name":"炉桥镇"},{"code":"341125102","name":"永康镇"},{"code":"341125103","name":"吴圩镇"},{"code":"341125104","name":"朱湾镇"},{"code":"341125105","name":"张桥镇"},{"code":"341125106","name":"藕塘镇"},{"code":"341125107","name":"池河镇"},{"code":"341125108","name":"连江镇"},{"code":"341125109","name":"界牌集镇"},{"code":"341125110","name":"仓镇"},{"code":"341125111","name":"三和集镇"},{"code":"341125112","name":"西卅店镇"},{"code":"341125113","name":"桑涧镇"},{"code":"341125114","name":"蒋集镇"},{"code":"341125115","name":"大桥镇"},{"code":"341125200","name":"严桥乡"},{"code":"341125201","name":"拂晓乡"},{"code":"341125202","name":"能仁乡"},{"code":"341125203","name":"七里塘乡"},{"code":"341125204","name":"二龙回族乡"},{"code":"341125205","name":"范岗乡"},{"code":"341125400","name":"安徽定远经济开发区"},{"code":"341125401","name":"定远盐化工业园"},{"code":"341125402","name":"凌家湖农场"}]