[{"code":"341282001","name":"东城办事处"},{"code":"341282002","name":"西城办事处"},{"code":"341282003","name":"颍南办事处"},{"code":"341282100","name":"光武镇"},{"code":"341282101","name":"泉阳镇"},{"code":"341282102","name":"芦村镇"},{"code":"341282103","name":"新马集镇"},{"code":"341282104","name":"大黄镇"},{"code":"341282105","name":"田营镇"},{"code":"341282106","name":"陶庙镇"},{"code":"341282107","name":"王集镇"},{"code":"341282108","name":"砖集镇"},{"code":"341282109","name":"顾集镇"},{"code":"341282110","name":"代桥镇"},{"code":"341282111","name":"舒庄镇"},{"code":"341282200","name":"邴集乡"},{"code":"341282201","name":"靳寨乡"},{"code":"341282202","name":"任寨乡"}]