[{"code":"341324100","name":"泗城镇"},{"code":"341324101","name":"墩集镇"},{"code":"341324102","name":"丁湖镇"},{"code":"341324103","name":"草沟镇"},{"code":"341324104","name":"长沟镇"},{"code":"341324105","name":"黄圩镇"},{"code":"341324106","name":"大庄镇"},{"code":"341324107","name":"山头镇"},{"code":"341324108","name":"刘圩镇"},{"code":"341324109","name":"黑塔镇"},{"code":"341324110","name":"草庙镇"},{"code":"341324111","name":"屏山镇"},{"code":"341324200","name":"大路口乡"},{"code":"341324201","name":"大杨乡"},{"code":"341324202","name":"瓦坊乡"},{"code":"341324400","name":"泗县开发区管委会"}]