[{"code":"341502001","name":"中市街道"},{"code":"341502002","name":"东市街道"},{"code":"341502003","name":"三里桥街道"},{"code":"341502004","name":"望城街道"},{"code":"341502005","name":"清水河街道"},{"code":"341502100","name":"木厂镇"},{"code":"341502101","name":"马头镇"},{"code":"341502102","name":"东桥镇"},{"code":"341502103","name":"张店镇"},{"code":"341502104","name":"毛坦厂镇"},{"code":"341502105","name":"东河口镇"},{"code":"341502106","name":"双河镇"},{"code":"341502107","name":"施桥镇"},{"code":"341502108","name":"孙岗镇"},{"code":"341502109","name":"三十铺镇"},{"code":"341502110","name":"椿树镇"},{"code":"341502200","name":"城北乡"},{"code":"341502201","name":"翁墩乡"},{"code":"341502202","name":"淠东乡"},{"code":"341502203","name":"中店乡"},{"code":"341502204","name":"横塘岗乡"},{"code":"341502205","name":"先生店乡"},{"code":"341502400","name":"六安经济开发区"}]