[{"code":"341503001","name":"鼓楼街道"},{"code":"341503002","name":"西市街道"},{"code":"341503003","name":"小华山街道"},{"code":"341503100","name":"苏埠镇"},{"code":"341503101","name":"韩摆渡镇"},{"code":"341503102","name":"新安镇"},{"code":"341503103","name":"顺河镇"},{"code":"341503104","name":"独山镇"},{"code":"341503105","name":"石婆店镇"},{"code":"341503106","name":"城南镇"},{"code":"341503107","name":"丁集镇"},{"code":"341503108","name":"固镇镇"},{"code":"341503109","name":"徐集镇"},{"code":"341503110","name":"分路口镇"},{"code":"341503111","name":"江家店镇"},{"code":"341503200","name":"单王乡"},{"code":"341503201","name":"青山乡"},{"code":"341503202","name":"石板冲乡"},{"code":"341503203","name":"西河口乡"},{"code":"341503204","name":"平桥乡"},{"code":"341503205","name":"罗集乡"},{"code":"341503206","name":"狮子岗乡"},{"code":"341503400","name":"六安市裕安区经济开发区"}]