[{"code":"341522100","name":"城关镇"},{"code":"341522101","name":"河口镇"},{"code":"341522102","name":"周集镇"},{"code":"341522103","name":"临水镇"},{"code":"341522104","name":"新店镇"},{"code":"341522105","name":"石店镇"},{"code":"341522106","name":"马店镇"},{"code":"341522107","name":"孟集镇"},{"code":"341522108","name":"花园镇"},{"code":"341522109","name":"扈胡镇"},{"code":"341522110","name":"长集镇"},{"code":"341522111","name":"洪集镇"},{"code":"341522112","name":"姚李镇"},{"code":"341522113","name":"乌龙镇"},{"code":"341522114","name":"高塘镇"},{"code":"341522115","name":"龙潭镇"},{"code":"341522116","name":"岔路镇"},{"code":"341522117","name":"冯井镇"},{"code":"341522118","name":"众兴集镇"},{"code":"341522119","name":"夏店镇"},{"code":"341522120","name":"曹庙镇"},{"code":"341522123","name":"范桥镇"},{"code":"341522124","name":"潘集镇"},{"code":"341522200","name":"彭塔乡"},{"code":"341522201","name":"王截流乡"},{"code":"341522203","name":"临淮岗乡"},{"code":"341522204","name":"城西湖乡"},{"code":"341522205","name":"宋店乡"},{"code":"341522206","name":"三流乡"},{"code":"341522207","name":"邵岗乡"},{"code":"341522208","name":"白莲乡"},{"code":"341522210","name":"冯瓴乡"},{"code":"341522400","name":"安徽霍邱经济开发区"},{"code":"341522500","name":"水产局管辖村"}]