[{"code":"341702001","name":"池阳街道办事处"},{"code":"341702002","name":"秋浦街道办事处"},{"code":"341702003","name":"里山街道办事处"},{"code":"341702004","name":"江口街道办事处"},{"code":"341702005","name":"马衙街道办事处"},{"code":"341702006","name":"墩上街道办事处"},{"code":"341702007","name":"梅龙街道办事处"},{"code":"341702008","name":"秋江街道办事处"},{"code":"341702009","name":"杏花村街道办事处"},{"code":"341702010","name":"清风街道办事处"},{"code":"341702011","name":"清溪街道办事处"},{"code":"341702100","name":"殷汇镇"},{"code":"341702101","name":"牛头山镇"},{"code":"341702102","name":"涓桥镇"},{"code":"341702103","name":"梅街镇"},{"code":"341702104","name":"梅村镇"},{"code":"341702105","name":"唐田镇"},{"code":"341702106","name":"牌楼镇"},{"code":"341702107","name":"乌沙镇"},{"code":"341702108","name":"棠溪镇"},{"code":"341702400","name":"安徽贵池工业园"},{"code":"341702401","name":"池州经济技术开发区"},{"code":"341702402","name":"池州市火车站站前区"},{"code":"341702403","name":"前江工业园"},{"code":"341702404","name":"安徽省江南产业集中区"},{"code":"341702405","name":"池州承接产业转移集中示范园区"}]