[{"code":"341723100","name":"蓉城镇"},{"code":"341723101","name":"木镇镇"},{"code":"341723102","name":"庙前镇"},{"code":"341723103","name":"陵阳镇"},{"code":"341723104","name":"新河镇"},{"code":"341723105","name":"丁桥镇"},{"code":"341723106","name":"朱备镇"},{"code":"341723107","name":"杨田镇"},{"code":"341723108","name":"九华镇"},{"code":"341723109","name":"酉华镇"},{"code":"341723200","name":"乔木乡"},{"code":"341723202","name":"杜村乡"},{"code":"341723203","name":"九华乡"},{"code":"341723400","name":"青阳县开发区"}]