[{"code":"350104001","name":"仓前街道"},{"code":"350104002","name":"东升街道"},{"code":"350104003","name":"对湖街道"},{"code":"350104004","name":"临江街道"},{"code":"350104005","name":"三叉街街道"},{"code":"350104006","name":"上渡街道"},{"code":"350104007","name":"下渡街道"},{"code":"350104008","name":"金山街道"},{"code":"350104100","name":"仓山镇"},{"code":"350104101","name":"城门镇"},{"code":"350104102","name":"盖山镇"},{"code":"350104103","name":"建新镇"},{"code":"350104104","name":"螺洲镇"},{"code":"350104400","name":"红星农场"}]