[{"code":"350128100","name":"潭城镇"},{"code":"350128101","name":"苏澳镇"},{"code":"350128102","name":"流水镇"},{"code":"350128103","name":"澳前镇"},{"code":"350128104","name":"北厝镇"},{"code":"350128105","name":"平原镇"},{"code":"350128106","name":"敖东镇"},{"code":"350128200","name":"白青乡"},{"code":"350128201","name":"屿头乡"},{"code":"350128202","name":"大练乡"},{"code":"350128203","name":"芦洋乡"},{"code":"350128204","name":"中楼乡"},{"code":"350128205","name":"东庠乡"},{"code":"350128206","name":"岚城乡"},{"code":"350128207","name":"南海乡"}]