[{"code":"350305100","name":"笏石镇"},{"code":"350305101","name":"东庄镇"},{"code":"350305102","name":"忠门镇"},{"code":"350305103","name":"东埔镇"},{"code":"350305104","name":"东峤镇"},{"code":"350305105","name":"埭头镇"},{"code":"350305106","name":"平海镇"},{"code":"350305107","name":"南日镇"},{"code":"350305108","name":"湄洲镇"},{"code":"350305109","name":"山亭镇"},{"code":"350305110","name":"月塘镇"},{"code":"350305400","name":"前沁农场"},{"code":"350305401","name":"后海管理局"}]