[{"code":"350427001","name":"凤岗街道"},{"code":"350427002","name":"虬江街道"},{"code":"350427101","name":"青州镇"},{"code":"350427102","name":"夏茂镇"},{"code":"350427104","name":"高砂镇"},{"code":"350427105","name":"高桥镇"},{"code":"350427106","name":"富口镇"},{"code":"350427107","name":"大洛镇"},{"code":"350427201","name":"南霞乡"},{"code":"350427203","name":"南阳乡"},{"code":"350427204","name":"郑湖乡"},{"code":"350427205","name":"湖源乡"},{"code":"350427400","name":"金沙园开发区"},{"code":"350427401","name":"金古园开发区"},{"code":"350427402","name":"青山纸业工业区"},{"code":"350427403","name":"海西物流园区"}]