[{"code":"350722001","name":"南浦街道"},{"code":"350722002","name":"河滨街道"},{"code":"350722101","name":"富岭镇"},{"code":"350722102","name":"石陂镇"},{"code":"350722103","name":"临江镇"},{"code":"350722104","name":"仙阳镇"},{"code":"350722105","name":"水北街镇"},{"code":"350722106","name":"永兴镇"},{"code":"350722107","name":"忠信镇"},{"code":"350722108","name":"莲塘镇"},{"code":"350722109","name":"九牧镇"},{"code":"350722200","name":"万安乡"},{"code":"350722201","name":"古楼乡"},{"code":"350722202","name":"山下乡"},{"code":"350722203","name":"枫溪乡"},{"code":"350722204","name":"濠村乡"},{"code":"350722205","name":"管厝乡"},{"code":"350722206","name":"盘亭乡"},{"code":"350722207","name":"官路乡"},{"code":"350722400","name":"水南农场"}]