[{"code":"350702001","name":"梅山街道"},{"code":"350702002","name":"黄墩街道"},{"code":"350702003","name":"紫云街道"},{"code":"350702004","name":"四鹤街道"},{"code":"350702005","name":"水南街道"},{"code":"350702006","name":"水东街道"},{"code":"350702100","name":"来舟镇"},{"code":"350702101","name":"樟湖镇"},{"code":"350702102","name":"夏道镇"},{"code":"350702103","name":"西芹镇"},{"code":"350702104","name":"峡阳镇"},{"code":"350702105","name":"南山镇"},{"code":"350702106","name":"大横镇"},{"code":"350702107","name":"王台镇"},{"code":"350702108","name":"太平镇"},{"code":"350702109","name":"塔前镇"},{"code":"350702110","name":"茫荡镇"},{"code":"350702111","name":"洋后镇"},{"code":"350702112","name":"炉下镇"},{"code":"350702200","name":"巨口乡"},{"code":"350702202","name":"赤门乡"}]