[{"code":"350781001","name":"昭阳街道办事处"},{"code":"350781002","name":"通泰街道办事处"},{"code":"350781003","name":"水北街道办事处"},{"code":"350781004","name":"晒口街道办事处"},{"code":"350781100","name":"城郊镇"},{"code":"350781101","name":"水北镇"},{"code":"350781102","name":"下沙镇"},{"code":"350781103","name":"卫闽镇"},{"code":"350781104","name":"沿山镇"},{"code":"350781105","name":"拿口镇"},{"code":"350781106","name":"洪墩镇"},{"code":"350781107","name":"大埠岗镇"},{"code":"350781108","name":"和平镇"},{"code":"350781109","name":"肖家坊镇"},{"code":"350781110","name":"大竹镇"},{"code":"350781111","name":"吴家塘镇"},{"code":"350781200","name":"桂林乡"},{"code":"350781201","name":"张厝乡"},{"code":"350781202","name":"金坑乡"}]