[{"code":"350902001","name":"蕉南街道"},{"code":"350902002","name":"蕉北街道"},{"code":"350902100","name":"城南镇"},{"code":"350902101","name":"漳湾镇"},{"code":"350902102","name":"七都镇"},{"code":"350902103","name":"八都镇"},{"code":"350902104","name":"九都镇"},{"code":"350902105","name":"霍童镇"},{"code":"350902106","name":"赤溪镇"},{"code":"350902107","name":"洋中镇"},{"code":"350902108","name":"飞鸾镇"},{"code":"350902109","name":"三都镇"},{"code":"350902110","name":"虎贝镇"},{"code":"350902200","name":"金涵畲族乡"},{"code":"350902201","name":"洪口乡"},{"code":"350902202","name":"石后乡"},{"code":"350902500","name":"东侨开发区"}]