[{"code":"360121100","name":"莲塘镇"},{"code":"360121101","name":"向塘镇"},{"code":"360121102","name":"三江镇"},{"code":"360121103","name":"塘南镇"},{"code":"360121104","name":"幽兰镇"},{"code":"360121105","name":"蒋巷镇"},{"code":"360121106","name":"武阳镇"},{"code":"360121107","name":"冈上镇"},{"code":"360121108","name":"广福镇"},{"code":"360121191","name":"昌东镇（南昌高新开发区）"},{"code":"360121192","name":"麻丘镇（南昌高新开发区）"},{"code":"360121200","name":"泾口乡"},{"code":"360121201","name":"南新乡"},{"code":"360121202","name":"塔城乡"},{"code":"360121203","name":"黄马乡"},{"code":"360121204","name":"富山乡"},{"code":"360121205","name":"东新乡"},{"code":"360121206","name":"八一乡"},{"code":"360121403","name":"小蓝经济开发区"},{"code":"360121471","name":"南昌县银三角管理委员会"},{"code":"360121501","name":"南昌市五星垦殖场"},{"code":"360121572","name":"江西省良种繁殖场"}]