[{"code":"360321101","name":"琴亭镇"},{"code":"360321102","name":"路口镇"},{"code":"360321103","name":"良坊镇"},{"code":"360321104","name":"升坊镇"},{"code":"360321105","name":"坊楼镇"},{"code":"360321200","name":"闪石乡"},{"code":"360321201","name":"湖上乡"},{"code":"360321202","name":"三板桥乡"},{"code":"360321203","name":"神泉乡"},{"code":"360321204","name":"六市乡"},{"code":"360321205","name":"高洲乡"},{"code":"360321206","name":"荷塘乡"},{"code":"360321207","name":"南岭乡"}]