[{"code":"360402001","name":"十里街道办事处"},{"code":"360402002","name":"五里街道办事处"},{"code":"360402090","name":"七里湖街道办事处（九江经济技术开发区）"},{"code":"360402100","name":"姑塘镇"},{"code":"360402101","name":"威家镇"},{"code":"360402102","name":"新港镇"},{"code":"360402103","name":"莲花镇"},{"code":"360402105","name":"赛阳镇"},{"code":"360402200","name":"虞家河乡"},{"code":"360402201","name":"高垅乡"},{"code":"360402471","name":"庐山林科所"},{"code":"360402472","name":"庐山生态文化新城"}]