[{"code":"360622100","name":"邓埠镇"},{"code":"360622101","name":"锦江镇"},{"code":"360622102","name":"潢溪镇"},{"code":"360622103","name":"中童镇"},{"code":"360622104","name":"马荃镇"},{"code":"360622105","name":"画桥镇"},{"code":"360622106","name":"春涛镇"},{"code":"360622200","name":"平定乡"},{"code":"360622202","name":"杨溪乡"},{"code":"360622203","name":"洪湖乡"},{"code":"360622204","name":"黄庄乡"},{"code":"360622205","name":"刘家站乡"},{"code":"360622408","name":"余江县工业园区"},{"code":"360622409","name":"鹰潭市龙岗新区"},{"code":"360622501","name":"高公寨营林场"},{"code":"360622503","name":"邓家埠水稻原种场"},{"code":"360622504","name":"余江县水产场"},{"code":"360622505","name":"塘潮源林场"},{"code":"360622506","name":"张公桥农场"},{"code":"360622507","name":"青年综合垦殖场"},{"code":"360622508","name":"大桥农场"}]