[{"code":"360681001","name":"花园街道"},{"code":"360681002","name":"雄石街道"},{"code":"360681003","name":"东门街道"},{"code":"360681100","name":"泗沥镇"},{"code":"360681101","name":"河潭镇"},{"code":"360681102","name":"周坊镇"},{"code":"360681103","name":"鸿塘镇"},{"code":"360681104","name":"志光镇"},{"code":"360681105","name":"流口镇"},{"code":"360681106","name":"罗河镇"},{"code":"360681107","name":"金屯镇"},{"code":"360681108","name":"塘湾镇"},{"code":"360681109","name":"文坊镇"},{"code":"360681110","name":"冷水镇"},{"code":"360681111","name":"滨江镇"},{"code":"360681112","name":"天禄镇"},{"code":"360681113","name":"雷溪镇"},{"code":"360681190","name":"龙虎山镇（龙虎山风景旅游区管委会）"},{"code":"360681191","name":"上清镇（龙虎山风景旅游区管委会）"},{"code":"360681201","name":"白田乡"},{"code":"360681203","name":"彭湾乡"},{"code":"360681204","name":"樟坪畲族乡"},{"code":"360681205","name":"耳口乡"},{"code":"360681407","name":"贵溪市工业园区"},{"code":"360681408","name":"江北办事处"},{"code":"360681500","name":"塔桥园艺场"},{"code":"360681501","name":"河潭埠垦殖场"},{"code":"360681502","name":"西窑林场"},{"code":"360681503","name":"双圳林场"},{"code":"360681504","name":"耳口林场"},{"code":"360681505","name":"冷水林场"},{"code":"360681506","name":"三县岭林场"},{"code":"360681592","name":"上清林场（龙虎山风景旅游区管委会）"}]