[{"code":"360730100","name":"梅江镇"},{"code":"360730101","name":"青塘镇"},{"code":"360730102","name":"长胜镇"},{"code":"360730103","name":"黄陂镇"},{"code":"360730104","name":"固村镇"},{"code":"360730105","name":"赖村镇"},{"code":"360730106","name":"石上镇"},{"code":"360730107","name":"东山坝镇"},{"code":"360730108","name":"洛口镇"},{"code":"360730109","name":"小布镇"},{"code":"360730110","name":"黄石镇"},{"code":"360730111","name":"田头镇"},{"code":"360730200","name":"竹笮乡"},{"code":"360730201","name":"对坊乡"},{"code":"360730202","name":"固厚乡"},{"code":"360730203","name":"田埠乡"},{"code":"360730204","name":"会同乡"},{"code":"360730205","name":"湛田乡"},{"code":"360730206","name":"安福乡"},{"code":"360730207","name":"东韶乡"},{"code":"360730208","name":"肖田乡"},{"code":"360730209","name":"钓峰乡"},{"code":"360730210","name":"大沽乡"},{"code":"360730211","name":"蔡江乡"},{"code":"360730400","name":"宁都县水东工业园"}]