[{"code":"360726100","name":"欣山镇"},{"code":"360726101","name":"孔田镇"},{"code":"360726102","name":"版石镇"},{"code":"360726103","name":"天心镇"},{"code":"360726104","name":"龙布镇"},{"code":"360726105","name":"鹤子镇"},{"code":"360726106","name":"三百山镇"},{"code":"360726107","name":"车头镇"},{"code":"360726200","name":"镇岗乡"},{"code":"360726201","name":"凤山乡"},{"code":"360726202","name":"新龙乡"},{"code":"360726203","name":"蔡坊乡"},{"code":"360726204","name":"重石乡"},{"code":"360726205","name":"长沙乡"},{"code":"360726206","name":"浮槎乡"},{"code":"360726207","name":"双芫乡"},{"code":"360726208","name":"塘村乡"},{"code":"360726209","name":"高云山乡"},{"code":"360726400","name":"九龙工业园"}]