[{"code":"360727100","name":"龙南镇"},{"code":"360727101","name":"武当镇"},{"code":"360727102","name":"杨村镇"},{"code":"360727103","name":"汶龙镇"},{"code":"360727104","name":"程龙镇"},{"code":"360727105","name":"关西镇"},{"code":"360727106","name":"里仁镇"},{"code":"360727107","name":"渡江镇"},{"code":"360727108","name":"九连山镇"},{"code":"360727200","name":"桃江乡"},{"code":"360727201","name":"东江乡"},{"code":"360727202","name":"临塘乡"},{"code":"360727203","name":"南亨乡"},{"code":"360727204","name":"夹湖乡"},{"code":"360727400","name":"江西龙南经济技术开发区"},{"code":"360727500","name":"安基山林场"}]