[{"code":"360731100","name":"贡江镇"},{"code":"360731101","name":"铁山垅镇"},{"code":"360731102","name":"盘古山镇"},{"code":"360731103","name":"禾丰镇"},{"code":"360731104","name":"祁禄山镇"},{"code":"360731105","name":"梓山镇"},{"code":"360731106","name":"银坑镇"},{"code":"360731107","name":"岭背镇"},{"code":"360731108","name":"罗坳镇"},{"code":"360731200","name":"罗江乡"},{"code":"360731201","name":"小溪乡"},{"code":"360731202","name":"利村乡"},{"code":"360731203","name":"新陂乡"},{"code":"360731204","name":"靖石乡"},{"code":"360731205","name":"黄麟乡"},{"code":"360731206","name":"沙心乡"},{"code":"360731207","name":"宽田乡"},{"code":"360731208","name":"葛坳乡"},{"code":"360731209","name":"桥头乡"},{"code":"360731210","name":"马安乡"},{"code":"360731211","name":"仙下乡"},{"code":"360731212","name":"车溪乡"},{"code":"360731213","name":"段屋乡"},{"code":"360731400","name":"于都工业园"}]