[{"code":"360822100","name":"文峰镇"},{"code":"360822101","name":"阜田镇"},{"code":"360822102","name":"盘谷镇"},{"code":"360822103","name":"枫江镇"},{"code":"360822104","name":"黄桥镇"},{"code":"360822105","name":"金滩镇"},{"code":"360822106","name":"八都镇"},{"code":"360822107","name":"双村镇"},{"code":"360822108","name":"醪桥镇"},{"code":"360822109","name":"螺田镇"},{"code":"360822110","name":"白沙镇"},{"code":"360822111","name":"白水镇"},{"code":"360822112","name":"丁江镇"},{"code":"360822113","name":"乌江镇"},{"code":"360822114","name":"水南镇"},{"code":"360822200","name":"尚贤乡"},{"code":"360822201","name":"水田乡"},{"code":"360822202","name":"冠山乡"},{"code":"360822400","name":"吉水县工业园区"}]