[{"code":"360802001","name":"古南街道办事处"},{"code":"360802002","name":"永叔街道办事处"},{"code":"360802003","name":"文山街道办事处"},{"code":"360802004","name":"习溪桥街道办事处"},{"code":"360802005","name":"北门街道办事处"},{"code":"360802006","name":"白塘街道办事处"},{"code":"360802007","name":"禾埠街道办事处"},{"code":"360802100","name":"兴桥镇"},{"code":"360802101","name":"樟山镇"},{"code":"360802102","name":"长塘镇"},{"code":"360802103","name":"曲濑镇"},{"code":"360802400","name":"吉州区工业园小区"}]