[{"code":"360926100","name":"永宁镇"},{"code":"360926101","name":"温泉镇"},{"code":"360926102","name":"棋坪镇"},{"code":"360926103","name":"排埠镇"},{"code":"360926104","name":"三都镇"},{"code":"360926105","name":"大塅镇"},{"code":"360926200","name":"高桥乡"},{"code":"360926201","name":"港口乡"},{"code":"360926202","name":"带溪乡"},{"code":"360926404","name":"江西铜鼓工业园区"},{"code":"360926500","name":"花山林场"},{"code":"360926501","name":"大沩山林场"},{"code":"360926502","name":"茶山林场"},{"code":"360926503","name":"龙门林场"}]