[{"code":"361025100","name":"鳌溪镇"},{"code":"361025101","name":"公溪镇"},{"code":"361025102","name":"山砀镇"},{"code":"361025103","name":"龚坊镇"},{"code":"361025104","name":"戴坊镇"},{"code":"361025105","name":"牛田镇"},{"code":"361025106","name":"万崇镇"},{"code":"361025107","name":"增田镇"},{"code":"361025108","name":"招携镇"},{"code":"361025200","name":"湖溪乡"},{"code":"361025201","name":"罗陂乡"},{"code":"361025202","name":"湖坪乡"},{"code":"361025203","name":"南村乡"},{"code":"361025204","name":"谷岗乡"},{"code":"361025205","name":"金竹畲族乡"},{"code":"361025206","name":"大马头乡"}]