[{"code":"361024100","name":"巴山镇"},{"code":"361024101","name":"相山镇"},{"code":"361024102","name":"航埠镇"},{"code":"361024103","name":"孙坊镇"},{"code":"361024104","name":"河上镇"},{"code":"361024105","name":"礼陂镇"},{"code":"361024106","name":"马鞍镇"},{"code":"361024200","name":"石庄乡"},{"code":"361024201","name":"六家桥乡"},{"code":"361024202","name":"白路乡"},{"code":"361024203","name":"三山乡"},{"code":"361024204","name":"白陂乡"},{"code":"361024205","name":"桃源乡"},{"code":"361024206","name":"许坊乡"},{"code":"361024207","name":"郭圩乡"}]