[{"code":"361121001","name":"旭日街道办事处"},{"code":"361121002","name":"罗桥街道办事处"},{"code":"361121003","name":"兴园街道办事处"},{"code":"361121101","name":"田墩镇"},{"code":"361121102","name":"上泸镇"},{"code":"361121103","name":"华坛山镇"},{"code":"361121104","name":"茶亭镇"},{"code":"361121105","name":"皂头镇"},{"code":"361121106","name":"四十八镇"},{"code":"361121107","name":"枫岭头镇"},{"code":"361121108","name":"煌固镇"},{"code":"361121109","name":"花厅镇"},{"code":"361121110","name":"五府山镇"},{"code":"361121111","name":"郑坊镇"},{"code":"361121200","name":"望仙乡"},{"code":"361121201","name":"石人乡"},{"code":"361121202","name":"清水乡"},{"code":"361121203","name":"石狮乡"},{"code":"361121204","name":"湖村乡"},{"code":"361121207","name":"尊桥乡"},{"code":"361121209","name":"应家乡"},{"code":"361121210","name":"黄沙岭乡"},{"code":"361121211","name":"铁山乡"},{"code":"361121290","name":"董团乡"}]