[{"code":"370402001","name":"中心街街道办事处"},{"code":"370402002","name":"各塔埠街道办事处"},{"code":"370402003","name":"矿区街道办事处"},{"code":"370402004","name":"文化路街道办事"},{"code":"370402005","name":"龙山路街道办事处"},{"code":"370402006","name":"光明路街道办事"},{"code":"370402101","name":"税郭镇"},{"code":"370402102","name":"孟庄镇"},{"code":"370402103","name":"齐村镇"},{"code":"370402104","name":"永安镇"},{"code":"370402105","name":"西王庄镇"}]