[{"code":"370681001","name":"东莱街道"},{"code":"370681002","name":"龙港街道"},{"code":"370681003","name":"新嘉街道"},{"code":"370681004","name":"徐福街道办事处"},{"code":"370681005","name":"东江街道办事处"},{"code":"370681102","name":"黄山馆镇"},{"code":"370681103","name":"北马镇"},{"code":"370681104","name":"芦头镇"},{"code":"370681106","name":"下丁家镇"},{"code":"370681107","name":"七甲镇"},{"code":"370681108","name":"石良镇"},{"code":"370681109","name":"兰高镇"},{"code":"370681110","name":"诸由观镇"},{"code":"370681401","name":"山东龙口高新技术产业园区管理委员会"}]