[{"code":"371321001","name":"界湖街道办事处"},{"code":"371321101","name":"岸堤镇"},{"code":"371321102","name":"孙祖镇"},{"code":"371321103","name":"双堠镇"},{"code":"371321104","name":"青驼镇"},{"code":"371321105","name":"张庄镇"},{"code":"371321106","name":"砖埠镇"},{"code":"371321109","name":"大庄镇"},{"code":"371321110","name":"辛集镇"},{"code":"371321111","name":"蒲汪镇"},{"code":"371321112","name":"湖头镇"},{"code":"371321113","name":"苏村镇"},{"code":"371321114","name":"铜井镇"},{"code":"371321115","name":"依汶镇"},{"code":"371321201","name":"马牧池乡"}]