[{"code":"371403001","name":"安德街道办事处"},{"code":"371403002","name":"临齐街道办事处"},{"code":"371403101","name":"郑家寨镇"},{"code":"371403102","name":"糜镇"},{"code":"371403103","name":"宋家镇"},{"code":"371403104","name":"徽王庄镇"},{"code":"371403105","name":"神头镇"},{"code":"371403106","name":"滋镇"},{"code":"371403107","name":"前孙镇"},{"code":"371403108","name":"边临镇"},{"code":"371403109","name":"义渡口镇"},{"code":"371403110","name":"丁庄镇"},{"code":"371403202","name":"于集乡"}]