[{"code":"371481001","name":"市中街道"},{"code":"371481002","name":"胡家街道"},{"code":"371481003","name":"云红街道"},{"code":"371481004","name":"郭家街道"},{"code":"371481100","name":"杨安镇"},{"code":"371481101","name":"朱集镇"},{"code":"371481102","name":"黄夹镇"},{"code":"371481103","name":"丁坞镇"},{"code":"371481104","name":"花园镇"},{"code":"371481105","name":"郑店镇"},{"code":"371481106","name":"化楼镇"},{"code":"371481107","name":"孔镇"},{"code":"371481108","name":"铁营镇"},{"code":"371481200","name":"西段乡"},{"code":"371481201","name":"大孙乡"},{"code":"371481203","name":"寨头堡乡"}]