[{"code":"371422001","name":"宁城街道办事处"},{"code":"371422002","name":"津城街道办事处"},{"code":"371422101","name":"柴胡店镇"},{"code":"371422102","name":"长官镇"},{"code":"371422103","name":"杜集镇"},{"code":"371422104","name":"保店镇"},{"code":"371422105","name":"大柳镇"},{"code":"371422106","name":"大曹镇"},{"code":"371422107","name":"相衙镇"},{"code":"371422108","name":"时集镇"},{"code":"371422109","name":"张大庄镇"},{"code":"371422201","name":"刘营伍乡"}]