[{"code":"371526001","name":"鱼丘湖街道办事处"},{"code":"371526002","name":"汇鑫街道办事处"},{"code":"371526003","name":"人和街道办事处"},{"code":"371526101","name":"梁村镇"},{"code":"371526102","name":"尹集镇"},{"code":"371526103","name":"清平镇"},{"code":"371526104","name":"固河镇"},{"code":"371526105","name":"三十里铺镇"},{"code":"371526106","name":"琉璃寺镇"},{"code":"371526107","name":"赵寨子镇"},{"code":"371526108","name":"姜店镇"},{"code":"371526109","name":"杨屯镇"}]