[{"code":"371602001","name":"市中街道办事处"},{"code":"371602002","name":"市西街道办事处"},{"code":"371602003","name":"北镇街道办事处"},{"code":"371602004","name":"市东街道办事处"},{"code":"371602005","name":"彭李街道办事处"},{"code":"371602007","name":"小营街道办事处"},{"code":"371602008","name":"滨北街道办事处"},{"code":"371602009","name":"梁才街道办事处"},{"code":"371602010","name":"杜店街道办事处"},{"code":"371602011","name":"沙河街道办事处"},{"code":"371602012","name":"里则街道办事处"},{"code":"371602013","name":"青田街道办事处"},{"code":"371602105","name":"三河湖镇"},{"code":"371602106","name":"杨柳雪镇"},{"code":"371602203","name":"秦皇台乡"}]