[{"code":"371623001","name":"棣丰街道办事处"},{"code":"371623002","name":"海丰街道办事处"},{"code":"371623101","name":"水湾镇"},{"code":"371623102","name":"碣石山镇"},{"code":"371623103","name":"小泊头镇"},{"code":"371623104","name":"埕口镇"},{"code":"371623105","name":"马山子镇"},{"code":"371623106","name":"车王镇"},{"code":"371623107","name":"柳堡镇"},{"code":"371623108","name":"佘家镇"},{"code":"371623109","name":"信阳镇"},{"code":"371623110","name":"西小王镇"}]