[{"code":"371726001","name":"陈王街道办事处"},{"code":"371726002","name":"古泉街道办事处"},{"code":"371726101","name":"什集镇"},{"code":"371726102","name":"红船镇"},{"code":"371726103","name":"旧城镇"},{"code":"371726104","name":"闫什镇"},{"code":"371726105","name":"箕山镇"},{"code":"371726106","name":"李进士堂镇"},{"code":"371726107","name":"董口镇"},{"code":"371726108","name":"临濮镇"},{"code":"371726109","name":"彭楼镇"},{"code":"371726110","name":"凤凰镇"},{"code":"371726111","name":"郑营镇"},{"code":"371726112","name":"大埝镇"},{"code":"371726113","name":"引马镇"},{"code":"371726200","name":"左营乡"},{"code":"371726207","name":"富春乡"}]