[{"code":"410183001","name":"青屏街街道办事处"},{"code":"410183002","name":"新华路街道办事处"},{"code":"410183003","name":"西大街街道办事处"},{"code":"410183100","name":"城关镇"},{"code":"410183101","name":"米村镇"},{"code":"410183102","name":"牛店镇"},{"code":"410183103","name":"平陌镇"},{"code":"410183104","name":"超化镇"},{"code":"410183105","name":"苟堂镇"},{"code":"410183106","name":"大隗镇"},{"code":"410183107","name":"刘寨镇"},{"code":"410183108","name":"白寨镇"},{"code":"410183109","name":"岳村镇"},{"code":"410183110","name":"来集镇"},{"code":"410183113","name":"曲梁镇"},{"code":"410183200","name":"袁庄乡"},{"code":"410183400","name":"矿区街道办事处"},{"code":"410183401","name":"尖山风景区管理委员会"},{"code":"410183402","name":"郑州曲梁产业集聚区管理委员会"}]