[{"code":"410212100","name":"城关镇"},{"code":"410212101","name":"陈留镇"},{"code":"410212102","name":"仇楼镇"},{"code":"410212103","name":"八里湾镇"},{"code":"410212104","name":"曲兴镇"},{"code":"410212106","name":"朱仙镇"},{"code":"410212200","name":"半坡店乡"},{"code":"410212202","name":"罗王乡"},{"code":"410212203","name":"刘店乡"},{"code":"410212204","name":"袁坊乡"},{"code":"410212205","name":"杜良乡"},{"code":"410212206","name":"兴隆乡"},{"code":"410212208","name":"西姜寨乡"},{"code":"410212210","name":"万隆乡"},{"code":"410212211","name":"范村乡"}]