[{"code":"410225001","name":"兰阳街道办事处"},{"code":"410225002","name":"桐乡街道办事处"},{"code":"410225003","name":"惠安街道办事处"},{"code":"410225101","name":"堌阳镇"},{"code":"410225102","name":"南彰镇"},{"code":"410225103","name":"考城镇"},{"code":"410225104","name":"红庙镇"},{"code":"410225105","name":"谷营镇"},{"code":"410225201","name":"三义寨乡"},{"code":"410225202","name":"东坝头乡"},{"code":"410225205","name":"小宋乡"},{"code":"410225206","name":"孟寨乡"},{"code":"410225207","name":"许河乡"},{"code":"410225208","name":"葡萄架乡"},{"code":"410225209","name":"阎楼乡"},{"code":"410225210","name":"仪封乡"},{"code":"410225400","name":"中原石油勘探三公司"},{"code":"410225401","name":"仪封园艺场"},{"code":"410225402","name":"造纸林场"},{"code":"410225403","name":"柳林林场"},{"code":"410225404","name":"西关农场"},{"code":"410225405","name":"畜牧良种农场"},{"code":"410225406","name":"固阳农科所"}]