[{"code":"410422001","name":"九龙街道办事处"},{"code":"410422002","name":"昆阳街道办事处"},{"code":"410422003","name":"盐都街道办事处"},{"code":"410422101","name":"任店镇"},{"code":"410422102","name":"保安镇"},{"code":"410422103","name":"仙台镇"},{"code":"410422105","name":"叶邑镇"},{"code":"410422106","name":"廉村镇"},{"code":"410422107","name":"常村镇"},{"code":"410422108","name":"辛店镇"},{"code":"410422109","name":"洪庄杨镇"},{"code":"410422201","name":"夏李乡"},{"code":"410422203","name":"马庄回族乡"},{"code":"410422204","name":"田庄乡"},{"code":"410422205","name":"龚店乡"},{"code":"410422207","name":"龙泉乡"},{"code":"410422208","name":"水寨乡"},{"code":"410422210","name":"邓李乡"}]