[{"code":"410423001","name":"露峰街道办事处"},{"code":"410423002","name":"琴台街道办事处"},{"code":"410423003","name":"鲁阳街道办事处"},{"code":"410423004","name":"汇源街道办事处"},{"code":"410423101","name":"下汤镇"},{"code":"410423102","name":"梁洼镇"},{"code":"410423103","name":"张官营镇"},{"code":"410423104","name":"张良镇"},{"code":"410423105","name":"尧山镇"},{"code":"410423106","name":"瓦屋镇"},{"code":"410423107","name":"赵村镇"},{"code":"410423201","name":"四棵树乡"},{"code":"410423202","name":"团城乡"},{"code":"410423203","name":"熊背乡"},{"code":"410423204","name":"让河乡"},{"code":"410423206","name":"观音寺乡"},{"code":"410423207","name":"昭平台库区乡"},{"code":"410423208","name":"背孜乡"},{"code":"410423209","name":"仓头乡"},{"code":"410423210","name":"董周乡"},{"code":"410423211","name":"张店乡"},{"code":"410423212","name":"辛集乡"},{"code":"410423213","name":"滚子营乡"},{"code":"410423214","name":"马楼乡"}]