[{"code":"410402001","name":"曙光街街道办事处"},{"code":"410402002","name":"光明路街道办事处"},{"code":"410402003","name":"中兴路街道办事处"},{"code":"410402004","name":"矿工路街道办事处"},{"code":"410402005","name":"西市场街道办事处"},{"code":"410402006","name":"新新街街道办事处"},{"code":"410402007","name":"青石山街道办事处"},{"code":"410402008","name":"湛河北路街道办事处"},{"code":"410402010","name":"西高皇街道办事处"},{"code":"410402100","name":"焦店镇"},{"code":"410402400","name":"香山管委会"}]