[{"code":"410526100","name":"道口镇"},{"code":"410526101","name":"城关镇"},{"code":"410526102","name":"白道口镇"},{"code":"410526103","name":"留固镇"},{"code":"410526104","name":"上官镇"},{"code":"410526105","name":"牛屯镇"},{"code":"410526106","name":"万古镇"},{"code":"410526107","name":"高平镇"},{"code":"410526108","name":"王庄镇"},{"code":"410526109","name":"老店镇"},{"code":"410526110","name":"慈周寨镇"},{"code":"410526111","name":"焦虎镇"},{"code":"410526200","name":"枣村乡"},{"code":"410526201","name":"四间房乡"},{"code":"410526202","name":"八里营乡"},{"code":"410526203","name":"赵营乡"},{"code":"410526204","name":"大寨乡"},{"code":"410526205","name":"桑村乡"},{"code":"410526206","name":"老爷庙乡"},{"code":"410526209","name":"瓦岗寨乡"},{"code":"410526211","name":"半坡店乡"},{"code":"410526212","name":"小铺乡"},{"code":"410526400","name":"新区管委会"}]