[{"code":"410527100","name":"城关镇"},{"code":"410527101","name":"东庄镇"},{"code":"410527102","name":"井店镇"},{"code":"410527103","name":"梁庄镇"},{"code":"410527104","name":"后河镇"},{"code":"410527105","name":"楚旺镇"},{"code":"410527106","name":"田氏镇"},{"code":"410527107","name":"二安镇"},{"code":"410527200","name":"张龙乡"},{"code":"410527201","name":"马上乡"},{"code":"410527202","name":"高堤乡"},{"code":"410527203","name":"亳城乡"},{"code":"410527205","name":"六村乡"},{"code":"410527206","name":"中召乡"},{"code":"410527207","name":"宋村乡"},{"code":"410527209","name":"石盘屯乡"},{"code":"410527210","name":"豆公乡"}]