[{"code":"410727100","name":"城关镇"},{"code":"410727101","name":"黄陵镇"},{"code":"410727102","name":"黄德镇"},{"code":"410727103","name":"应举镇"},{"code":"410727104","name":"陈桥镇"},{"code":"410727105","name":"赵岗镇"},{"code":"410727106","name":"留光镇"},{"code":"410727107","name":"潘店镇"},{"code":"410727108","name":"李庄镇"},{"code":"410727109","name":"陈固镇"},{"code":"410727110","name":"居厢镇"},{"code":"410727111","name":"鲁岗镇"},{"code":"410727112","name":"尹岗镇"},{"code":"410727200","name":"城关乡"},{"code":"410727201","name":"回族乡"},{"code":"410727202","name":"王村乡"},{"code":"410727206","name":"荆宫乡"},{"code":"410727208","name":"曹岗乡"},{"code":"410727212","name":"冯村乡"}]