[{"code":"410711001","name":"东干道街道办事处"},{"code":"410711002","name":"荣校路街道办事处"},{"code":"410711003","name":"北干道街道办事处"},{"code":"410711004","name":"花园街道办事处"},{"code":"410711005","name":"卫北街道办事处"},{"code":"410711006","name":"新辉路街道办事处"},{"code":"410711007","name":"和平路街道办事处"},{"code":"410711100","name":"王村镇"},{"code":"410711101","name":"牧野镇"},{"code":"410711400","name":"新乡化学与物理电源产业园区管理委员会"}]