[{"code":"410823001","name":"木城街道办事处"},{"code":"410823002","name":"龙源街道办事处"},{"code":"410823003","name":"龙泉街道办事处"},{"code":"410823004","name":"木栾街道办事处"},{"code":"410823101","name":"詹店镇"},{"code":"410823102","name":"西陶镇"},{"code":"410823103","name":"谢旗营镇"},{"code":"410823104","name":"大封镇"},{"code":"410823200","name":"嘉应观乡"},{"code":"410823201","name":"乔庙乡"},{"code":"410823202","name":"圪当店乡"},{"code":"410823203","name":"三阳乡"},{"code":"410823204","name":"小董乡"},{"code":"410823205","name":"大虹桥乡"},{"code":"410823206","name":"北郭乡"},{"code":"410823598","name":"武陟宁郭农场"}]