[{"code":"410822001","name":"博爱县清化镇办事处"},{"code":"410822002","name":"博爱县鸿昌办事处"},{"code":"410822101","name":"博爱县柏山镇"},{"code":"410822102","name":"博爱县月山镇"},{"code":"410822103","name":"博爱县许良镇"},{"code":"410822105","name":"博爱县磨头镇"},{"code":"410822106","name":"博爱县孝敬镇"},{"code":"410822200","name":"博爱县寨豁乡"},{"code":"410822203","name":"博爱县金城乡"},{"code":"410822400","name":"国营博爱农场"}]