[{"code":"411224100","name":"城关镇"},{"code":"411224101","name":"杜关镇"},{"code":"411224102","name":"五里川镇"},{"code":"411224103","name":"官道口镇"},{"code":"411224104","name":"朱阳关镇"},{"code":"411224105","name":"官坡镇"},{"code":"411224106","name":"范里镇"},{"code":"411224107","name":"东明镇"},{"code":"411224108","name":"双龙湾镇"},{"code":"411224200","name":"文峪乡"},{"code":"411224201","name":"横涧乡"},{"code":"411224203","name":"双槐树乡"},{"code":"411224204","name":"汤河乡"},{"code":"411224205","name":"瓦窑沟乡"},{"code":"411224206","name":"狮子坪乡"},{"code":"411224207","name":"沙河乡"},{"code":"411224208","name":"徐家湾乡"},{"code":"411224209","name":"潘河乡"},{"code":"411224210","name":"木桐乡"}]