[{"code":"411321100","name":"城关镇"},{"code":"411321101","name":"留山镇"},{"code":"411321102","name":"云阳镇"},{"code":"411321103","name":"皇路店镇"},{"code":"411321104","name":"南河店镇"},{"code":"411321105","name":"板山坪镇"},{"code":"411321106","name":"乔端镇"},{"code":"411321107","name":"白土岗镇"},{"code":"411321300","name":"城郊乡"},{"code":"411321301","name":"小店乡"},{"code":"411321302","name":"皇后乡"},{"code":"411321303","name":"太山庙乡"},{"code":"411321304","name":"石门乡"},{"code":"411321305","name":"四棵树乡"},{"code":"411321308","name":"马市坪乡"},{"code":"411321310","name":"崔庄乡"},{"code":"411321400","name":"河南红阳机械厂"},{"code":"411321401","name":"河南向东机械厂"},{"code":"411321402","name":"河南红宇机械厂"},{"code":"411321403","name":"国营东风机械厂"},{"code":"411321404","name":"国营长江机械厂"}]