[{"code":"411403001","name":"古城街道办事处"},{"code":"411403002","name":"文化街道办事处"},{"code":"411403003","name":"东方街道办事处"},{"code":"411403004","name":"新城街道办事处"},{"code":"411403006","name":"宋城街道办事处"},{"code":"411403007","name":"古宋街道办事处"},{"code":"411403100","name":"宋集镇"},{"code":"411403101","name":"郭村镇"},{"code":"411403102","name":"李口镇"},{"code":"411403103","name":"高辛镇"},{"code":"411403104","name":"坞墙镇"},{"code":"411403105","name":"冯桥镇"},{"code":"411403106","name":"路河镇"},{"code":"411403107","name":"闫集镇"},{"code":"411403108","name":"毛固堆镇"},{"code":"411403204","name":"包公庙乡"},{"code":"411403205","name":"娄店乡"},{"code":"411403208","name":"勒马乡"},{"code":"411403209","name":"临河店乡"}]