[{"code":"411481100","name":"演集镇"},{"code":"411481101","name":"城关镇"},{"code":"411481102","name":"芒山镇"},{"code":"411481103","name":"高庄镇"},{"code":"411481104","name":"酇城镇"},{"code":"411481105","name":"裴桥镇"},{"code":"411481106","name":"马桥镇"},{"code":"411481107","name":"薛湖镇"},{"code":"411481108","name":"蒋口镇"},{"code":"411481109","name":"陈集镇"},{"code":"411481110","name":"十八里镇"},{"code":"411481111","name":"太邱镇"},{"code":"411481112","name":"李寨镇"},{"code":"411481113","name":"苗桥镇"},{"code":"411481114","name":"顺和镇"},{"code":"411481115","name":"茴村镇"},{"code":"411481116","name":"酇阳镇"},{"code":"411481117","name":"龙岗镇"},{"code":"411481118","name":"马牧镇"},{"code":"411481119","name":"王集镇"},{"code":"411481120","name":"刘河镇"},{"code":"411481121","name":"双桥镇"},{"code":"411481122","name":"卧龙镇"},{"code":"411481200","name":"城厢乡"},{"code":"411481201","name":"候岭乡"},{"code":"411481202","name":"黄口乡"},{"code":"411481203","name":"新桥乡"},{"code":"411481217","name":"条河乡"},{"code":"411481219","name":"陈官庄乡"}]