[{"code":"411423100","name":"城关镇"},{"code":"411423101","name":"张弓镇"},{"code":"411423102","name":"柳河镇"},{"code":"411423103","name":"逻岗镇"},{"code":"411423104","name":"石桥镇"},{"code":"411423105","name":"黄岗镇"},{"code":"411423106","name":"华堡镇"},{"code":"411423203","name":"刘楼乡"},{"code":"411423204","name":"程楼乡"},{"code":"411423205","name":"乔楼乡"},{"code":"411423206","name":"城郊乡"},{"code":"411423207","name":"阳驿乡"},{"code":"411423209","name":"孔集乡"},{"code":"411423210","name":"赵村乡"},{"code":"411423400","name":"产业集聚区"}]