[{"code":"411527001","name":"顺河街道办事处"},{"code":"411527002","name":"滨湖街道办事处"},{"code":"411527003","name":"栏杆街道办事处"},{"code":"411527004","name":"桂花街道办事处"},{"code":"411527101","name":"马集镇"},{"code":"411527103","name":"防胡镇"},{"code":"411527104","name":"新里镇"},{"code":"411527105","name":"期思镇"},{"code":"411527106","name":"赵集镇"},{"code":"411527200","name":"淮滨县台头乡"},{"code":"411527201","name":"王家岗乡"},{"code":"411527202","name":"固城乡"},{"code":"411527203","name":"三空桥乡"},{"code":"411527204","name":"张里乡"},{"code":"411527206","name":"邓湾乡"},{"code":"411527207","name":"张庄乡"},{"code":"411527208","name":"王店乡"},{"code":"411527209","name":"淮滨县谷堆乡"},{"code":"411527212","name":"芦集乡"}]