[{"code":"411526001","name":"春申街道办事处"},{"code":"411526002","name":"定城街道办事处"},{"code":"411526003","name":"弋阳街道办事处"},{"code":"411526004","name":"老城街道办事处"},{"code":"411526101","name":"双柳树镇"},{"code":"411526102","name":"伞陂镇"},{"code":"411526103","name":"卜塔集镇"},{"code":"411526105","name":"仁和镇"},{"code":"411526106","name":"付店镇"},{"code":"411526107","name":"踅孜镇"},{"code":"411526108","name":"桃林铺镇"},{"code":"411526109","name":"黄寺岗镇"},{"code":"411526110","name":"江家集镇"},{"code":"411526201","name":"传流店乡"},{"code":"411526202","name":"魏岗乡"},{"code":"411526203","name":"张集乡"},{"code":"411526204","name":"来龙乡"},{"code":"411526205","name":"隆古乡"},{"code":"411526206","name":"谈店乡"},{"code":"411526207","name":"上油岗乡"},{"code":"411526209","name":"白店乡"},{"code":"411526400","name":"黄湖农场"},{"code":"411526560","name":"河南省潢川经济技术开发区"}]