[{"code":"411622001","name":"娲城街道办事处"},{"code":"411622002","name":"箕子台街道办事处"},{"code":"411622003","name":"昆山街道办事处"},{"code":"411622101","name":"西夏亭镇"},{"code":"411622102","name":"逍遥镇"},{"code":"411622103","name":"奉母镇"},{"code":"411622104","name":"红花集镇"},{"code":"411622105","name":"聂堆镇"},{"code":"411622106","name":"东夏亭镇"},{"code":"411622107","name":"西华营镇"},{"code":"411622108","name":"址坊镇"},{"code":"411622200","name":"田口乡"},{"code":"411622201","name":"清河驿乡"},{"code":"411622202","name":"皮营乡"},{"code":"411622203","name":"东王营乡"},{"code":"411622204","name":"大王庄乡"},{"code":"411622205","name":"李大庄乡"},{"code":"411622206","name":"叶埠口乡"},{"code":"411622207","name":"迟营乡"},{"code":"411622208","name":"黄土桥乡"},{"code":"411622209","name":"艾岗乡"},{"code":"411622405","name":"黄泛区农场"},{"code":"411622406","name":"五二农场"}]