[{"code":"411623001","name":"新城街道办事处"},{"code":"411623002","name":"东城街道办事处"},{"code":"411623003","name":"老城街道办事处"},{"code":"411623101","name":"黄寨镇"},{"code":"411623102","name":"练集镇"},{"code":"411623103","name":"魏集镇"},{"code":"411623104","name":"固墙镇"},{"code":"411623105","name":"白寺镇"},{"code":"411623106","name":"巴村镇"},{"code":"411623107","name":"谭庄镇"},{"code":"411623108","name":"邓城镇"},{"code":"411623109","name":"胡吉镇"},{"code":"411623200","name":"城关乡"},{"code":"411623202","name":"平店乡"},{"code":"411623203","name":"袁老乡"},{"code":"411623204","name":"化河乡"},{"code":"411623205","name":"姚集乡"},{"code":"411623206","name":"舒庄乡"},{"code":"411623207","name":"大武乡"},{"code":"411623208","name":"张明乡"},{"code":"411623209","name":"郝岗乡"},{"code":"411623210","name":"张庄乡"},{"code":"411623211","name":"汤庄乡"},{"code":"411623500","name":"商水县农场"}]