[{"code":"411602001","name":"陈州回族街道办事处"},{"code":"411602002","name":"七一路街道办事处"},{"code":"411602003","name":"荷花街道办事处"},{"code":"411602004","name":"人和街道办事处"},{"code":"411602005","name":"小桥街道办事处"},{"code":"411602006","name":"城南办事处"},{"code":"411602007","name":"城北办事处"},{"code":"411602008","name":"文昌办事处"},{"code":"411602009","name":"搬口办事处"},{"code":"411602010","name":"金海路办事处"},{"code":"411602200","name":"李埠口乡"},{"code":"411602201","name":"许湾乡"}]