[{"code":"411727001","name":"汝宁街道办事处"},{"code":"411727002","name":"三门闸街道办事处"},{"code":"411727003","name":"古塔街道办事处"},{"code":"411727004","name":"宿鸭湖街道办事处"},{"code":"411727101","name":"王岗镇"},{"code":"411727102","name":"梁祝镇"},{"code":"411727103","name":"和孝镇"},{"code":"411727104","name":"老君庙镇"},{"code":"411727105","name":"留盆镇"},{"code":"411727106","name":"金铺镇"},{"code":"411727107","name":"东官庄镇"},{"code":"411727108","name":"常兴镇"},{"code":"411727109","name":"罗店镇"},{"code":"411727110","name":"韩庄镇"},{"code":"411727111","name":"三桥镇"},{"code":"411727112","name":"张楼镇"},{"code":"411727204","name":"南余店乡"},{"code":"411727212","name":"板店乡"}]