[{"code":"411726001","name":"花园街道办事处"},{"code":"411726002","name":"泌水街道办事处"},{"code":"411726003","name":"古城街道办事处"},{"code":"411726102","name":"羊册镇"},{"code":"411726103","name":"马谷田镇"},{"code":"411726105","name":"春水镇"},{"code":"411726106","name":"官庄镇"},{"code":"411726107","name":"赊湾镇"},{"code":"411726108","name":"郭集镇"},{"code":"411726109","name":"泰山庙镇"},{"code":"411726110","name":"王店镇"},{"code":"411726200","name":"高店乡"},{"code":"411726201","name":"盘古乡"},{"code":"411726202","name":"高邑乡"},{"code":"411726204","name":"铜山乡"},{"code":"411726206","name":"下碑寺乡"},{"code":"411726207","name":"象河乡"},{"code":"411726208","name":"付庄乡"},{"code":"411726209","name":"贾楼乡"},{"code":"411726210","name":"黄山口乡"},{"code":"411726214","name":"杨家集乡"},{"code":"411726215","name":"双庙街乡"},{"code":"411726400","name":"工业园区管委会"},{"code":"411726401","name":"石材开发区管委会"}]