[{"code":"420112001","name":"吴家山街道办事处"},{"code":"420112002","name":"柏泉办事处街道"},{"code":"420112004","name":"将军路街道办事处"},{"code":"420112005","name":"慈惠街道办事处"},{"code":"420112006","name":"走马岭街道办事处"},{"code":"420112007","name":"径河街道办事处"},{"code":"420112008","name":"长青街道办事处"},{"code":"420112011","name":"辛安渡办事处街道"},{"code":"420112012","name":"东山办事处街道"},{"code":"420112013","name":"常青花园新区街道管理委员会"},{"code":"420112014","name":"新沟镇街道办事处"},{"code":"420112015","name":"金银湖街道办事处"},{"code":"420112400","name":"产业管理处"},{"code":"420112401","name":"保税物流管理处"},{"code":"420112402","name":"海峡两岸科技产业管理处"},{"code":"420112403","name":"食品工业管理处"},{"code":"420112404","name":"临空经济管理处"}]