[{"code":"420104001","name":"古田街道办事处"},{"code":"420104002","name":"韩家墩街道办事处"},{"code":"420104003","name":"宗关街道办事处"},{"code":"420104004","name":"汉水桥街道办事处"},{"code":"420104005","name":"宝丰街道办事处"},{"code":"420104006","name":"荣华街道办事处"},{"code":"420104008","name":"汉中街道办事处"},{"code":"420104009","name":"汉正街道办事处"},{"code":"420104010","name":"六角亭街道办事处"},{"code":"420104011","name":"长丰街道办事处"},{"code":"420104012","name":"易家街道办事处"}]