[{"code":"420105002","name":"建桥街办事处"},{"code":"420105004","name":"晴川街办事处"},{"code":"420105005","name":"鹦鹉街办事处"},{"code":"420105006","name":"洲头街办事处"},{"code":"420105007","name":"五里墩街办事处"},{"code":"420105008","name":"琴断口街办事处"},{"code":"420105009","name":"江汉二桥街办事处"},{"code":"420105010","name":"永丰街办事处"},{"code":"420105011","name":"江堤街办事处"},{"code":"420105012","name":"四新街办事处"},{"code":"420105013","name":"龙阳街办事处"}]