[{"code":"420304101","name":"安阳镇"},{"code":"420304102","name":"杨溪铺镇"},{"code":"420304103","name":"青曲镇"},{"code":"420304104","name":"白桑关镇"},{"code":"420304105","name":"南化塘镇"},{"code":"420304106","name":"白浪镇"},{"code":"420304107","name":"刘洞镇"},{"code":"420304108","name":"谭山镇"},{"code":"420304109","name":"梅铺镇"},{"code":"420304110","name":"青山镇"},{"code":"420304111","name":"郧县经济开发区（茶店镇）"},{"code":"420304112","name":"柳陂镇"},{"code":"420304113","name":"鲍峡镇"},{"code":"420304114","name":"胡家营镇"},{"code":"420304115","name":"谭家湾镇"},{"code":"420304117","name":"郧县城关镇"},{"code":"420304200","name":"大柳乡"},{"code":"420304201","name":"五峰乡"},{"code":"420304202","name":"叶大乡"},{"code":"420304400","name":"红岩背林场"}]