[{"code":"420325100","name":"城关镇"},{"code":"420325101","name":"军店镇"},{"code":"420325102","name":"化龙堰镇"},{"code":"420325103","name":"土城镇"},{"code":"420325104","name":"大木厂镇"},{"code":"420325105","name":"青峰镇"},{"code":"420325106","name":"门古寺镇"},{"code":"420325107","name":"白鹤镇"},{"code":"420325108","name":"野人谷镇"},{"code":"420325109","name":"红塔镇"},{"code":"420325110","name":"窑淮镇"},{"code":"420325111","name":"尹吉甫镇"},{"code":"420325203","name":"姚坪乡"},{"code":"420325205","name":"沙河乡"},{"code":"420325206","name":"万峪河乡"},{"code":"420325208","name":"上龛乡"},{"code":"420325209","name":"中坝乡"},{"code":"420325210","name":"九道乡"},{"code":"420325211","name":"回龙乡"},{"code":"420325212","name":"五台乡"},{"code":"420325501","name":"国营杨岔山林场"},{"code":"420325502","name":"国营九口山林场"},{"code":"420325503","name":"国营毛家山林场"},{"code":"420325504","name":"国营代东河林场"},{"code":"420325505","name":"房县西蒿漆场"},{"code":"420325506","name":"房县园艺场"},{"code":"420325507","name":"谭家湾水库管养所"},{"code":"420325508","name":"温泉风景区"},{"code":"420325509","name":"房县旱粮粮种场"}]