[{"code":"420502001","name":"西陵街道"},{"code":"420502002","name":"学院街道"},{"code":"420502003","name":"云集街道"},{"code":"420502004","name":"西坝街道"},{"code":"420502005","name":"葛洲坝街道"},{"code":"420502006","name":"夜明珠街道"},{"code":"420502007","name":"东苑街道办事处"},{"code":"420502008","name":"南苑街道办事处"},{"code":"420502009","name":"北苑街道办事处"},{"code":"420502201","name":"窑湾乡"},{"code":"420502401","name":"峡口风景区"}]