[{"code":"420581001","name":"陆城街道办事处"},{"code":"420581100","name":"红花套镇"},{"code":"420581101","name":"高坝洲镇"},{"code":"420581102","name":"聂家河镇"},{"code":"420581103","name":"松木坪镇"},{"code":"420581104","name":"枝城镇"},{"code":"420581105","name":"姚家店镇"},{"code":"420581106","name":"五眼泉镇"},{"code":"420581107","name":"王家畈镇"},{"code":"420581200","name":"潘家湾土家族乡"},{"code":"420581400","name":"松宜矿区管理委员会"}]