[{"code":"420626100","name":"城关镇"},{"code":"420626101","name":"黄堡镇"},{"code":"420626102","name":"后坪镇"},{"code":"420626103","name":"龙坪镇"},{"code":"420626104","name":"店垭镇"},{"code":"420626105","name":"马良镇"},{"code":"420626106","name":"歇马镇"},{"code":"420626107","name":"马桥镇"},{"code":"420626108","name":"寺坪镇"},{"code":"420626109","name":"过渡湾镇"},{"code":"420626200","name":"两峪乡"},{"code":"420626400","name":"湖北保康经济开发区管理委员会"}]