[{"code":"420684001","name":"鄢城街道办事处"},{"code":"420684002","name":"南营街道办事处"},{"code":"420684102","name":"郑集镇"},{"code":"420684103","name":"小河镇"},{"code":"420684104","name":"刘猴镇"},{"code":"420684105","name":"孔湾镇"},{"code":"420684106","name":"流水镇"},{"code":"420684107","name":"板桥镇"},{"code":"420684108","name":"王集镇"},{"code":"420684109","name":"雷河镇"},{"code":"420684400","name":"襄南监狱"},{"code":"420684401","name":"劳教所"},{"code":"420684450","name":"大雁工业园区"},{"code":"420684452","name":"宜城经济开发区"}]