[{"code":"420607001","name":"张湾办事处"},{"code":"420607002","name":"刘集办事处"},{"code":"420607003","name":"肖湾办事处"},{"code":"420607100","name":"龙王镇"},{"code":"420607101","name":"石桥镇"},{"code":"420607102","name":"黄集镇"},{"code":"420607103","name":"伙牌镇"},{"code":"420607104","name":"古驿镇"},{"code":"420607105","name":"朱集镇"},{"code":"420607106","name":"程河镇"},{"code":"420607107","name":"双沟镇"},{"code":"420607108","name":"张家集镇"},{"code":"420607109","name":"黄龙镇"},{"code":"420607110","name":"峪山镇"},{"code":"420607111","name":"东津镇"},{"code":"420607401","name":"襄阳区经济技术开发区"},{"code":"420607402","name":"鹿门风景名胜区"},{"code":"420607500","name":"襄北农场"},{"code":"420607570","name":"深圳工业园"}]