[{"code":"420606001","name":"汉江街道办事处"},{"code":"420606002","name":"王寨街道办事处"},{"code":"420606003","name":"中原街道办事处"},{"code":"420606004","name":"定中门街道办事处"},{"code":"420606005","name":"清河口街道办事处"},{"code":"420606006","name":"屏襄门街道办事处"},{"code":"420606007","name":"米公街道办事处"},{"code":"420606008","name":"柿铺街道办事处"},{"code":"420606070","name":"高新区紫贞街道办事处"},{"code":"420606071","name":"高新区七里河街道办事处"},{"code":"420606072","name":"高新区东风办事处"},{"code":"420606100","name":"牛首镇"},{"code":"420606101","name":"太平店镇"},{"code":"420606170","name":"高新区团山镇"},{"code":"420606171","name":"高新区米庄镇"},{"code":"420606400","name":"经济开发区"},{"code":"420606480","name":"鱼梁洲开发区"},{"code":"420606570","name":"高新区汽车工业园"},{"code":"420606571","name":"高新区高新技术产业园"},{"code":"420606572","name":"高新区高新技术创业服务中心"}]