[{"code":"420902001","name":"孝南区书院街办事处"},{"code":"420902002","name":"孝南区新华街办事处"},{"code":"420902003","name":"孝南区广场街办事处"},{"code":"420902004","name":"孝南区车站街道办事处"},{"code":"420902100","name":"孝南区新铺镇"},{"code":"420902101","name":"孝南区西河镇"},{"code":"420902102","name":"孝南区杨店镇"},{"code":"420902103","name":"孝南区陡岗镇"},{"code":"420902104","name":"孝南区肖港镇"},{"code":"420902105","name":"孝南区毛陈镇"},{"code":"420902106","name":"孝南区三汊镇"},{"code":"420902107","name":"孝南区祝站镇"},{"code":"420902200","name":"孝南区朋兴乡"},{"code":"420902201","name":"孝南区卧龙乡"},{"code":"420902202","name":"孝南区闵集乡"},{"code":"420902400","name":"孝南区经济开发区"},{"code":"420902450","name":"孝南区朱湖办事处"},{"code":"420902500","name":"孝南区东山头办事处"},{"code":"420902570","name":"孝感开发区丹阳办事处"},{"code":"420902571","name":"孝感开发区孝天办事处"},{"code":"420902572","name":"孝感开发区槐荫办事处"}]