[{"code":"420923100","name":"城关镇"},{"code":"420923101","name":"义堂镇"},{"code":"420923102","name":"曾店镇"},{"code":"420923103","name":"吴铺镇"},{"code":"420923104","name":"伍洛镇"},{"code":"420923105","name":"下辛店镇"},{"code":"420923106","name":"道桥镇"},{"code":"420923107","name":"隔蒲潭镇"},{"code":"420923108","name":"胡金店镇"},{"code":"420923200","name":"倒店乡"},{"code":"420923201","name":"沙河乡"},{"code":"420923202","name":"清明河乡"},{"code":"420923450","name":"县经济开发区"}]