[{"code":"420981001","name":"城中街道办事处"},{"code":"420981002","name":"城北街道办事处"},{"code":"420981003","name":"四里棚街道办事处"},{"code":"420981004","name":"东马坊街道办事处"},{"code":"420981005","name":"长江埠街道办事处"},{"code":"420981100","name":"田店镇"},{"code":"420981101","name":"杨河镇"},{"code":"420981102","name":"三合镇"},{"code":"420981103","name":"郎君镇"},{"code":"420981104","name":"黄滩镇"},{"code":"420981105","name":"天鹅镇"},{"code":"420981106","name":"义和镇"},{"code":"420981107","name":"陈河镇"},{"code":"420981108","name":"杨岭镇"},{"code":"420981109","name":"汤池镇"},{"code":"420981400","name":"经济技术开发区"},{"code":"420981500","name":"南垸良种场"}]