[{"code":"421083001","name":"新堤街道办事处"},{"code":"421083002","name":"滨湖街道办事处"},{"code":"421083100","name":"螺山镇"},{"code":"421083101","name":"乌林镇"},{"code":"421083102","name":"龙口镇"},{"code":"421083103","name":"燕窝镇"},{"code":"421083104","name":"新滩镇"},{"code":"421083105","name":"峰口镇"},{"code":"421083106","name":"曹市镇"},{"code":"421083107","name":"府场镇"},{"code":"421083108","name":"戴家场镇"},{"code":"421083109","name":"瞿家湾镇"},{"code":"421083110","name":"沙口镇"},{"code":"421083111","name":"万全镇"},{"code":"421083112","name":"汊河镇"},{"code":"421083113","name":"黄家口镇"},{"code":"421083200","name":"老湾乡"},{"code":"421083450","name":"小港管理区"},{"code":"421083451","name":"大同湖管理区"},{"code":"421083452","name":"大沙湖管理区"}]