[{"code":"421125100","name":"清泉镇"},{"code":"421125101","name":"巴河镇"},{"code":"421125102","name":"竹瓦镇"},{"code":"421125103","name":"汪岗镇"},{"code":"421125104","name":"团陂镇"},{"code":"421125105","name":"关口镇"},{"code":"421125106","name":"白莲镇"},{"code":"421125107","name":"蔡河镇"},{"code":"421125108","name":"洗马镇"},{"code":"421125109","name":"丁司垱镇"},{"code":"421125110","name":"散花镇"},{"code":"421125111","name":"兰溪镇"},{"code":"421125200","name":"绿杨乡"},{"code":"421125400","name":"策湖国家湿地公园管理处"},{"code":"421125401","name":"三角山旅游度假区管理委员会"},{"code":"421125402","name":"经济开发区镇"}]