[{"code":"422801001","name":"舞阳坝街道办事处"},{"code":"422801002","name":"六角亭街道办事处"},{"code":"422801003","name":"小渡船街道办事处"},{"code":"422801100","name":"龙凤镇"},{"code":"422801101","name":"崔坝镇"},{"code":"422801102","name":"板桥镇"},{"code":"422801103","name":"白杨坪镇"},{"code":"422801200","name":"三岔乡"},{"code":"422801201","name":"新塘乡"},{"code":"422801202","name":"红土乡"},{"code":"422801203","name":"沙地乡"},{"code":"422801204","name":"太阳河乡"},{"code":"422801205","name":"屯堡乡"},{"code":"422801206","name":"白果乡"},{"code":"422801207","name":"芭蕉侗族乡"},{"code":"422801208","name":"盛家坝乡"},{"code":"422801400","name":"沐抚办事处"}]