[{"code":"430104001","name":"望月湖街道"},{"code":"430104002","name":"岳麓街道"},{"code":"430104003","name":"桔子洲街道"},{"code":"430104004","name":"银盆岭街道"},{"code":"430104005","name":"观沙岭街道"},{"code":"430104006","name":"望城坡街道"},{"code":"430104007","name":"西湖街道"},{"code":"430104008","name":"咸嘉湖街道"},{"code":"430104009","name":"望岳街道"},{"code":"430104010","name":"梅溪湖街道"},{"code":"430104011","name":"麓谷街道"},{"code":"430104012","name":"坪塘街道"},{"code":"430104013","name":"含浦街道"},{"code":"430104014","name":"天顶街道"},{"code":"430104015","name":"洋湖街道"},{"code":"430104016","name":"学士街道"},{"code":"430104102","name":"莲花镇"},{"code":"430104105","name":"雨敞坪镇"}]