[{"code":"430105001","name":"芙蓉北路街道"},{"code":"430105002","name":"东风路街道"},{"code":"430105003","name":"清水塘街道"},{"code":"430105004","name":"望麓园街道"},{"code":"430105005","name":"湘雅路街道"},{"code":"430105006","name":"伍家岭街道"},{"code":"430105009","name":"新河街道"},{"code":"430105010","name":"通泰街街道"},{"code":"430105012","name":"四方坪街道"},{"code":"430105013","name":"洪山街道"},{"code":"430105014","name":"浏阳河街道"},{"code":"430105015","name":"月湖街道"},{"code":"430105016","name":"秀峰街道"},{"code":"430105019","name":"沙坪街道"},{"code":"430105020","name":"捞刀河街道"},{"code":"430105021","name":"青竹湖街道"}]