[{"code":"430112001","name":"高塘岭街道"},{"code":"430112003","name":"丁字湾街道"},{"code":"430112005","name":"大泽湖街道"},{"code":"430112006","name":"月亮岛街道"},{"code":"430112007","name":"白沙洲街道"},{"code":"430112008","name":"金山桥街道"},{"code":"430112009","name":"黄金园街道"},{"code":"430112011","name":"乌山街道"},{"code":"430112012","name":"铜官街道"},{"code":"430112013","name":"雷锋街道"},{"code":"430112101","name":"桥驿镇"},{"code":"430112103","name":"茶亭镇"},{"code":"430112106","name":"靖港镇"},{"code":"430112107","name":"乔口镇"},{"code":"430112115","name":"白箬铺镇"}]