[{"code":"430124001","name":"玉潭街道"},{"code":"430124002","name":"白马桥街道"},{"code":"430124003","name":"历经铺街道"},{"code":"430124004","name":"城郊街道"},{"code":"430124101","name":"道林镇"},{"code":"430124102","name":"花明楼镇"},{"code":"430124103","name":"东湖塘镇"},{"code":"430124104","name":"夏铎铺镇"},{"code":"430124105","name":"双江口镇"},{"code":"430124106","name":"煤炭坝镇"},{"code":"430124107","name":"坝塘镇"},{"code":"430124109","name":"灰汤镇"},{"code":"430124110","name":"双凫铺镇"},{"code":"430124111","name":"老粮仓镇"},{"code":"430124112","name":"流沙河镇"},{"code":"430124113","name":"巷子口镇"},{"code":"430124114","name":"龙田镇"},{"code":"430124116","name":"横市镇"},{"code":"430124117","name":"回龙铺镇"},{"code":"430124118","name":"黄材镇"},{"code":"430124119","name":"大成桥镇"},{"code":"430124120","name":"青山桥镇"},{"code":"430124121","name":"金洲镇"},{"code":"430124122","name":"大屯营镇"},{"code":"430124123","name":"资福镇"},{"code":"430124203","name":"菁华铺乡"},{"code":"430124209","name":"喻家坳乡"},{"code":"430124213","name":"沙田乡"},{"code":"430124218","name":"沩山乡"}]