[{"code":"430304001","name":"岳塘街道"},{"code":"430304002","name":"东坪街道"},{"code":"430304003","name":"中洲路街道"},{"code":"430304004","name":"书院路街道"},{"code":"430304005","name":"下摄司街道"},{"code":"430304006","name":"建设路街道"},{"code":"430304008","name":"五里堆街道"},{"code":"430304009","name":"社建村街道"},{"code":"430304010","name":"宝塔街道"},{"code":"430304013","name":"红旗街道"},{"code":"430304014","name":"霞城街道"},{"code":"430304015","name":"荷塘街道"}]