[{"code":"430502001","name":"兴隆街道"},{"code":"430502002","name":"龙须塘街道"},{"code":"430502003","name":"汽车站街道"},{"code":"430502004","name":"小江湖街道"},{"code":"430502005","name":"东风路街道"},{"code":"430502006","name":"桥头街道"},{"code":"430502007","name":"滨江街道"},{"code":"430502008","name":"石桥街道"},{"code":"430502009","name":"爱莲街道"},{"code":"430502100","name":"高崇山镇"},{"code":"430502101","name":"渡头桥镇"},{"code":"430502202","name":"火车站乡"}]