[{"code":"430503001","name":"中心路街道"},{"code":"430503002","name":"红旗路街道"},{"code":"430503003","name":"城北路街道"},{"code":"430503004","name":"城西街道"},{"code":"430503005","name":"翠园街道"},{"code":"430503006","name":"百春园街道"},{"code":"430503007","name":"城南街道"},{"code":"430503008","name":"火车南站街道"},{"code":"430503009","name":"学院路街道"},{"code":"430503010","name":"雨溪街道"},{"code":"430503011","name":"檀江街道"},{"code":"430503101","name":"罗士镇"},{"code":"430503202","name":"蔡锷乡"},{"code":"430503203","name":"板桥乡"}]