[{"code":"430581001","name":"辕门口街道"},{"code":"430581002","name":"迎春亭街道"},{"code":"430581003","name":"法相岩街道"},{"code":"430581004","name":"水西门街道"},{"code":"430581100","name":"邓元泰镇"},{"code":"430581101","name":"湾头桥镇"},{"code":"430581102","name":"文坪镇"},{"code":"430581103","name":"荆竹铺镇"},{"code":"430581104","name":"稠树塘镇"},{"code":"430581105","name":"邓家铺镇"},{"code":"430581106","name":"龙溪镇"},{"code":"430581107","name":"司马冲镇"},{"code":"430581108","name":"秦桥镇"},{"code":"430581109","name":"双牌镇"},{"code":"430581110","name":"大甸镇"},{"code":"430581204","name":"马坪乡"},{"code":"430581205","name":"晏田乡"},{"code":"430581207","name":"水浸坪乡"}]