[{"code":"430626100","name":"汉昌镇"},{"code":"430626101","name":"安定镇"},{"code":"430626102","name":"三市镇"},{"code":"430626103","name":"加义镇"},{"code":"430626104","name":"长寿镇"},{"code":"430626105","name":"龙门镇"},{"code":"430626106","name":"虹桥镇"},{"code":"430626107","name":"南江镇"},{"code":"430626108","name":"梅仙镇"},{"code":"430626109","name":"浯口镇"},{"code":"430626110","name":"瓮江镇"},{"code":"430626111","name":"伍市镇"},{"code":"430626112","name":"向家镇"},{"code":"430626113","name":"童市镇"},{"code":"430626114","name":"岑川镇"},{"code":"430626115","name":"福寿山镇"},{"code":"430626116","name":"余坪镇"},{"code":"430626117","name":"石牛寨镇"},{"code":"430626118","name":"上塔市镇"},{"code":"430626200","name":"三阳乡"},{"code":"430626205","name":"木金乡"},{"code":"430626208","name":"板江乡"},{"code":"430626209","name":"大洲乡"},{"code":"430626210","name":"三墩乡"}]