[{"code":"430702001","name":"启明街道"},{"code":"430702002","name":"府坪街道"},{"code":"430702003","name":"穿紫河街道"},{"code":"430702004","name":"丹阳街道"},{"code":"430702005","name":"白马湖街道"},{"code":"430702006","name":"德山街道"},{"code":"430702007","name":"东江街道"},{"code":"430702008","name":"永安街道"},{"code":"430702009","name":"南坪街道"},{"code":"430702010","name":"长庚街道"},{"code":"430702011","name":"芷兰街道"},{"code":"430702012","name":"芙蓉街道"},{"code":"430702013","name":"柳叶湖街道"},{"code":"430702014","name":"七里桥街道"},{"code":"430702015","name":"樟木桥街道"},{"code":"430702100","name":"河洑镇"},{"code":"430702102","name":"白鹤镇"},{"code":"430702200","name":"芦荻山乡"},{"code":"430702204","name":"丹洲乡"}]