[{"code":"430703001","name":"玉霞街道"},{"code":"430703002","name":"红云街道"},{"code":"430703003","name":"郭家铺街道"},{"code":"430703004","name":"斗姆湖街道"},{"code":"430703101","name":"蒿子港镇"},{"code":"430703102","name":"中河口镇"},{"code":"430703103","name":"十美堂镇"},{"code":"430703104","name":"牛鼻滩镇"},{"code":"430703105","name":"韩公渡镇"},{"code":"430703106","name":"石公桥镇"},{"code":"430703107","name":"镇德桥镇"},{"code":"430703108","name":"周家店镇"},{"code":"430703110","name":"双桥坪镇"},{"code":"430703111","name":"灌溪镇"},{"code":"430703112","name":"蔡家岗镇"},{"code":"430703114","name":"草坪镇"},{"code":"430703115","name":"石门桥镇"},{"code":"430703116","name":"谢家铺镇"},{"code":"430703117","name":"黄土店镇"},{"code":"430703118","name":"尧天坪镇"},{"code":"430703121","name":"石板滩镇"},{"code":"430703122","name":"花岩溪镇"},{"code":"430703204","name":"许家桥回族维吾尔族乡"},{"code":"430703500","name":"鼎城区园艺场"},{"code":"430703501","name":"特种养殖场"},{"code":"430703502","name":"花岩溪林场"},{"code":"430703503","name":"贺家山原种场"}]