[{"code":"430923101","name":"清塘铺镇"},{"code":"430923103","name":"仙溪镇"},{"code":"430923105","name":"长塘镇"},{"code":"430923106","name":"小淹镇"},{"code":"430923108","name":"羊角塘镇"},{"code":"430923109","name":"冷市镇"},{"code":"430923111","name":"奎溪镇"},{"code":"430923112","name":"烟溪镇"},{"code":"430923113","name":"渠江镇"},{"code":"430923114","name":"平口镇"},{"code":"430923115","name":"柘溪镇"},{"code":"430923116","name":"乐安镇"},{"code":"430923117","name":"滔溪镇"},{"code":"430923118","name":"梅城镇"},{"code":"430923119","name":"大福镇"},{"code":"430923120","name":"马路镇"},{"code":"430923121","name":"东坪镇"},{"code":"430923122","name":"江南镇"},{"code":"430923200","name":"高明乡"},{"code":"430923206","name":"龙塘乡"},{"code":"430923209","name":"田庄乡"},{"code":"430923211","name":"南金乡"},{"code":"430923212","name":"古楼乡"}]