[{"code":"430903001","name":"赫山街道"},{"code":"430903002","name":"桃花仑街道"},{"code":"430903003","name":"金银山街道"},{"code":"430903006","name":"会龙山街道"},{"code":"430903007","name":"鱼形山街道"},{"code":"430903008","name":"龙光桥街道"},{"code":"430903101","name":"八字哨镇"},{"code":"430903103","name":"泉交河镇"},{"code":"430903104","name":"欧江岔镇"},{"code":"430903105","name":"沧水铺镇"},{"code":"430903107","name":"岳家桥镇"},{"code":"430903110","name":"新市渡镇"},{"code":"430903111","name":"兰溪镇"},{"code":"430903113","name":"衡龙桥镇"},{"code":"430903114","name":"泥江口镇"},{"code":"430903209","name":"笔架山乡"},{"code":"430903402","name":"龙岭工业园"}]