[{"code":"430981006","name":"琼湖街道"},{"code":"430981008","name":"胭脂湖街道"},{"code":"430981102","name":"四季红镇"},{"code":"430981105","name":"泗湖山镇"},{"code":"430981107","name":"南嘴镇"},{"code":"430981108","name":"新湾镇"},{"code":"430981110","name":"茶盘洲镇"},{"code":"430981112","name":"南大膳镇"},{"code":"430981113","name":"黄茅洲镇"},{"code":"430981114","name":"草尾镇"},{"code":"430981115","name":"阳罗洲镇"},{"code":"430981116","name":"共华镇"},{"code":"430981401","name":"南洞庭芦苇场"},{"code":"430981402","name":"漉湖芦苇场"}]