[{"code":"431021001","name":"龙潭街道"},{"code":"431021002","name":"鹿峰街道"},{"code":"431021003","name":"黄沙坪街道"},{"code":"431021102","name":"仁义镇"},{"code":"431021103","name":"太和镇"},{"code":"431021104","name":"洋市镇"},{"code":"431021105","name":"和平镇"},{"code":"431021106","name":"流峰镇"},{"code":"431021107","name":"塘市镇"},{"code":"431021108","name":"莲塘镇"},{"code":"431021109","name":"舂陵江镇"},{"code":"431021110","name":"荷叶镇"},{"code":"431021111","name":"方元镇"},{"code":"431021112","name":"樟市镇"},{"code":"431021113","name":"敖泉镇"},{"code":"431021114","name":"正和镇"},{"code":"431021115","name":"浩塘镇"},{"code":"431021116","name":"雷坪镇"},{"code":"431021117","name":"欧阳海镇"},{"code":"431021118","name":"四里镇"},{"code":"431021209","name":"桥市乡"},{"code":"431021226","name":"白水瑶族乡"}]