[{"code":"431129100","name":"沱江镇"},{"code":"431129103","name":"大路铺镇"},{"code":"431129104","name":"白芒营镇"},{"code":"431129105","name":"涛圩镇"},{"code":"431129106","name":"河路口镇"},{"code":"431129108","name":"大圩镇"},{"code":"431129109","name":"水口镇"},{"code":"431129110","name":"码市镇"},{"code":"431129111","name":"涔天河镇"},{"code":"431129200","name":"界牌乡"},{"code":"431129201","name":"桥市乡"},{"code":"431129202","name":"大石桥乡"},{"code":"431129207","name":"湘江乡"},{"code":"431129209","name":"蔚竹口乡"},{"code":"431129210","name":"大锡乡"},{"code":"431129211","name":"小圩壮族乡"}]