[{"code":"440103001","name":"沙面街道"},{"code":"440103002","name":"岭南街道"},{"code":"440103003","name":"华林街道"},{"code":"440103004","name":"多宝街道"},{"code":"440103005","name":"昌华街道"},{"code":"440103006","name":"逢源街道"},{"code":"440103007","name":"龙津街道"},{"code":"440103008","name":"金花街道"},{"code":"440103009","name":"彩虹街道"},{"code":"440103010","name":"南源街道"},{"code":"440103011","name":"西村街道"},{"code":"440103012","name":"站前街道"},{"code":"440103013","name":"桥中街道"},{"code":"440103014","name":"白鹤洞街道"},{"code":"440103015","name":"冲口街道"},{"code":"440103016","name":"花地街道"},{"code":"440103017","name":"石围塘街道"},{"code":"440103018","name":"茶滘街道"},{"code":"440103019","name":"东漖街道"},{"code":"440103020","name":"海龙街道"},{"code":"440103021","name":"东沙街道"},{"code":"440103022","name":"中南街道"}]