[{"code":"440303001","name":"桂园街道办事处"},{"code":"440303002","name":"黄贝街道办事处"},{"code":"440303003","name":"东门街道办事处"},{"code":"440303004","name":"翠竹街道办事处"},{"code":"440303005","name":"南湖街道办事处"},{"code":"440303006","name":"笋岗街道办事处"},{"code":"440303007","name":"东湖街道办事处"},{"code":"440303008","name":"莲塘街道办事处"},{"code":"440303009","name":"东晓街道办事处"},{"code":"440303010","name":"清水河街道办事处"}]