[{"code":"440513001","name":"文光街道"},{"code":"440513002","name":"棉北街道"},{"code":"440513003","name":"城南街道"},{"code":"440513004","name":"金浦街道"},{"code":"440513100","name":"海门镇"},{"code":"440513101","name":"河溪镇"},{"code":"440513102","name":"和平镇"},{"code":"440513103","name":"西胪镇"},{"code":"440513104","name":"关埠镇"},{"code":"440513106","name":"谷饶镇"},{"code":"440513107","name":"贵屿镇"},{"code":"440513108","name":"铜盂镇"},{"code":"440513110","name":"金灶镇"}]