[{"code":"440705001","name":"会城街道办"},{"code":"440705101","name":"大泽镇"},{"code":"440705102","name":"司前镇"},{"code":"440705103","name":"罗坑镇"},{"code":"440705104","name":"双水镇"},{"code":"440705105","name":"崖门镇"},{"code":"440705106","name":"沙堆镇"},{"code":"440705107","name":"古井镇"},{"code":"440705108","name":"三江镇"},{"code":"440705109","name":"睦洲镇"},{"code":"440705110","name":"大鳌镇"},{"code":"440705450","name":"圭峰管理委员会"},{"code":"440705451","name":"银湖湾管理委员会"},{"code":"440705470","name":"新会经济开发区管理委员会"}]