[{"code":"440882001","name":"雷城街道办"},{"code":"440882002","name":"西湖街道办"},{"code":"440882003","name":"新城街道办"},{"code":"440882100","name":"白沙镇"},{"code":"440882101","name":"沈塘镇"},{"code":"440882102","name":"客路镇"},{"code":"440882103","name":"杨家镇"},{"code":"440882104","name":"唐家镇"},{"code":"440882105","name":"企水镇"},{"code":"440882106","name":"纪家镇"},{"code":"440882107","name":"松竹镇"},{"code":"440882108","name":"南兴镇"},{"code":"440882109","name":"雷高镇"},{"code":"440882110","name":"东里镇"},{"code":"440882111","name":"调风镇"},{"code":"440882112","name":"龙门镇"},{"code":"440882113","name":"英利镇"},{"code":"440882114","name":"北和镇"},{"code":"440882115","name":"乌石镇"},{"code":"440882116","name":"覃斗镇"},{"code":"440882117","name":"附城镇"},{"code":"440882450","name":"湛江奋勇高新技术产业开发区管理委员会"},{"code":"440882451","name":"广东省丰收糖业发展有限公司"},{"code":"440882452","name":"广东省国营火炬农场"},{"code":"440882453","name":"广东省国营幸福农场"},{"code":"440882454","name":"湛江农垦东方红农场"},{"code":"440882455","name":"湛江农垦金星农场"}]