[{"code":"440904001","name":"南海街道"},{"code":"440904002","name":"高地街道"},{"code":"440904100","name":"马踏镇"},{"code":"440904101","name":"岭门镇"},{"code":"440904102","name":"坡心镇"},{"code":"440904103","name":"七迳镇"},{"code":"440904104","name":"树仔镇"},{"code":"440904105","name":"沙院镇"},{"code":"440904106","name":"麻岗镇"},{"code":"440904107","name":"旦场镇"},{"code":"440904108","name":"羊角镇"},{"code":"440904109","name":"小良镇"},{"code":"440904115","name":"霞洞镇"},{"code":"440904116","name":"观珠镇"},{"code":"440904117","name":"沙琅镇"},{"code":"440904118","name":"黄岭镇"},{"code":"440904119","name":"望夫镇"},{"code":"440904120","name":"罗坑镇"},{"code":"440904121","name":"那霍镇"},{"code":"440904123","name":"水东镇"},{"code":"440904125","name":"博贺镇"},{"code":"440904126","name":"林头镇"},{"code":"440904127","name":"电城镇"},{"code":"440904128","name":"陈村镇"},{"code":"440904451","name":"曙光农场"},{"code":"440904452","name":"水丰农场"},{"code":"440904453","name":"新华农场"},{"code":"440904454","name":"电白盐场"}]