[{"code":"441303001","name":"淡水街道办事处"},{"code":"441303002","name":"秋长街道办事处"},{"code":"441303003","name":"惠阳区三和街道办事处"},{"code":"441303006","name":"大亚湾澳头办事处"},{"code":"441303007","name":"大亚湾霞涌办事处"},{"code":"441303008","name":"大亚湾西区办事处"},{"code":"441303101","name":"沙田镇"},{"code":"441303103","name":"新圩镇"},{"code":"441303104","name":"镇隆镇"},{"code":"441303108","name":"永湖镇"},{"code":"441303109","name":"良井镇"},{"code":"441303110","name":"平潭镇"}]