[{"code":"441302001","name":"桥东街道办事处"},{"code":"441302002","name":"桥西街道办事处"},{"code":"441302003","name":"江南街道办事处"},{"code":"441302004","name":"江北街道办事处"},{"code":"441302005","name":"龙丰街道办事处"},{"code":"441302006","name":"河南岸街道办事处"},{"code":"441302007","name":"惠环街道办事处"},{"code":"441302008","name":"陈江街道办事处"},{"code":"441302009","name":"水口街道办事处"},{"code":"441302010","name":"小金口街道办事处"},{"code":"441302100","name":"汝湖镇"},{"code":"441302103","name":"三栋镇"},{"code":"441302106","name":"潼湖镇"},{"code":"441302107","name":"沥林镇"},{"code":"441302109","name":"马安镇"},{"code":"441302110","name":"横沥镇"},{"code":"441302112","name":"芦洲镇"},{"code":"441302114","name":"潼侨镇"},{"code":"441302401","name":"东江高新科技产业园"},{"code":"441302402","name":"惠南高新科技产业园"},{"code":"441302450","name":"惠州市林场"}]