[{"code":"441323001","name":"平山街道办事处"},{"code":"441323101","name":"大岭镇"},{"code":"441323102","name":"白花镇"},{"code":"441323103","name":"梁化镇"},{"code":"441323104","name":"稔山镇"},{"code":"441323105","name":"铁涌镇"},{"code":"441323106","name":"平海镇"},{"code":"441323109","name":"吉隆镇"},{"code":"441323110","name":"黄埠镇"},{"code":"441323113","name":"多祝镇"},{"code":"441323115","name":"安墩镇"},{"code":"441323118","name":"高潭镇"},{"code":"441323120","name":"宝口镇"},{"code":"441323121","name":"白盆珠镇"},{"code":"441323450","name":"广东省惠州市国营惠东梁化林场"},{"code":"441323451","name":"广东省惠州市国营惠东九龙峰林场"},{"code":"441323452","name":"惠东县港口海龟湾自然保护区"},{"code":"441323453","name":"莲花山白盆珠省级自然保护区"},{"code":"441323454","name":"广东惠东古田省级自然保护区"},{"code":"441323455","name":"惠东县珠三角产业转移园"},{"code":"441323570","name":"巺寮滨海旅游渡假区管理委员会"}]