[{"code":"441704100","name":"东城镇"},{"code":"441704101","name":"北惯镇"},{"code":"441704102","name":"那龙镇"},{"code":"441704103","name":"东平镇"},{"code":"441704104","name":"雅韶镇"},{"code":"441704105","name":"大沟镇"},{"code":"441704106","name":"新洲镇"},{"code":"441704107","name":"合山镇"},{"code":"441704108","name":"塘坪镇"},{"code":"441704109","name":"大八镇"},{"code":"441704110","name":"红丰镇"},{"code":"441704400","name":"阳江监狱"},{"code":"441704401","name":"红五月农场"},{"code":"441704402","name":"鸡山农场"},{"code":"441704501","name":"阳江林场宝山分场"},{"code":"441704502","name":"阳江林场田畔分场"},{"code":"441704503","name":"阳东原种场"},{"code":"441704504","name":"阳东林场"},{"code":"441704505","name":"阳江林场东岸分场"}]