[{"code":"442000001","name":"石岐区街道办事处"},{"code":"442000002","name":"东区街道办事处"},{"code":"442000003","name":"火炬开发区街道办事处"},{"code":"442000004","name":"西区街道办事处"},{"code":"442000005","name":"南区街道办事处"},{"code":"442000006","name":"五桂山街道办事处"},{"code":"442000100","name":"小榄镇"},{"code":"442000101","name":"黄圃镇"},{"code":"442000102","name":"民众镇"},{"code":"442000103","name":"东凤镇"},{"code":"442000104","name":"东升镇"},{"code":"442000105","name":"古镇镇"},{"code":"442000106","name":"沙溪镇"},{"code":"442000107","name":"坦洲镇"},{"code":"442000108","name":"港口镇"},{"code":"442000109","name":"三角镇"},{"code":"442000110","name":"横栏镇"},{"code":"442000111","name":"南头镇"},{"code":"442000112","name":"阜沙镇"},{"code":"442000113","name":"南朗镇"},{"code":"442000114","name":"三乡镇"},{"code":"442000115","name":"板芙镇"},{"code":"442000116","name":"大涌镇"},{"code":"442000117","name":"神湾镇"}]