[{"code":"445321100","name":"新城镇"},{"code":"445321101","name":"车岗镇"},{"code":"445321103","name":"水台镇"},{"code":"445321104","name":"稔村镇"},{"code":"445321105","name":"东成镇"},{"code":"445321107","name":"太平镇"},{"code":"445321108","name":"里洞镇"},{"code":"445321110","name":"大江镇"},{"code":"445321112","name":"天堂镇"},{"code":"445321113","name":"河头镇"},{"code":"445321114","name":"簕竹镇"},{"code":"445321115","name":"六祖镇"},{"code":"445321501","name":"广东省西江林业局良洞迳林场"},{"code":"445321502","name":"云浮市国有水台林场"},{"code":"445321503","name":"国营新兴县岩头林场"}]