[{"code":"450103001","name":"新竹街道办事处"},{"code":"450103002","name":"中山街道办事处"},{"code":"450103003","name":"建政街道办事处"},{"code":"450103004","name":"南湖街道办事处"},{"code":"450103005","name":"津头街道办事处"},{"code":"450103006","name":"仙葫经济开发区管理委员会"},{"code":"450103100","name":"刘圩镇"},{"code":"450103101","name":"南阳镇"},{"code":"450103102","name":"伶俐镇"},{"code":"450103103","name":"长塘镇"},{"code":"450103451","name":"青秀山管理委员会"}]