[{"code":"450206100","name":"拉堡镇"},{"code":"450206101","name":"里雍镇"},{"code":"450206102","name":"百朋镇"},{"code":"450206103","name":"成团镇"},{"code":"450206104","name":"洛满镇"},{"code":"450206105","name":"流山镇"},{"code":"450206106","name":"三都镇"},{"code":"450206107","name":"里高镇"},{"code":"450206108","name":"进德镇"},{"code":"450206109","name":"穿山镇"},{"code":"450206110","name":"土博镇"},{"code":"450206111","name":"白沙镇"},{"code":"450206400","name":"新兴工业园"},{"code":"450206401","name":"新兴农场"}]