[{"code":"450226100","name":"古宜镇"},{"code":"450226101","name":"斗江镇"},{"code":"450226102","name":"丹洲镇"},{"code":"450226103","name":"八江镇"},{"code":"450226104","name":"林溪镇"},{"code":"450226105","name":"独峒镇"},{"code":"450226203","name":"同乐苗族乡"},{"code":"450226204","name":"梅林乡"},{"code":"450226205","name":"富禄苗族乡"},{"code":"450226206","name":"洋溪乡"},{"code":"450226207","name":"良口乡"},{"code":"450226208","name":"老堡乡"},{"code":"450226209","name":"高基瑶族乡"},{"code":"450226210","name":"和平乡"},{"code":"450226211","name":"程村乡"}]