[{"code":"450924100","name":"石南镇"},{"code":"450924101","name":"大平山镇"},{"code":"450924102","name":"葵阳镇"},{"code":"450924103","name":"城隍镇"},{"code":"450924104","name":"山心镇"},{"code":"450924105","name":"沙塘镇"},{"code":"450924106","name":"蒲塘镇"},{"code":"450924107","name":"北市镇"},{"code":"450924108","name":"龙安镇"},{"code":"450924109","name":"高峰镇"},{"code":"450924110","name":"小平山镇"},{"code":"450924111","name":"卖酒镇"},{"code":"450924112","name":"洛阳镇"}]