[{"code":"451102001","name":"八步街道办事处"},{"code":"451102002","name":"城东街道办事处"},{"code":"451102003","name":"江南街道办事处"},{"code":"451102101","name":"贺街镇"},{"code":"451102102","name":"步头镇"},{"code":"451102103","name":"莲塘镇"},{"code":"451102104","name":"大宁镇"},{"code":"451102105","name":"南乡镇"},{"code":"451102106","name":"桂岭镇"},{"code":"451102107","name":"开山镇"},{"code":"451102109","name":"里松镇"},{"code":"451102114","name":"信都镇"},{"code":"451102115","name":"灵峰镇"},{"code":"451102116","name":"仁义镇"},{"code":"451102117","name":"铺门镇"},{"code":"451102200","name":"黄洞瑶族乡"}]