[{"code":"451302001","name":"城东街道办事处"},{"code":"451302002","name":"城北街道办事处"},{"code":"451302003","name":"河西街道办事处"},{"code":"451302004","name":"八一街道办事处"},{"code":"451302005","name":"来华街道办事处"},{"code":"451302101","name":"凤凰镇"},{"code":"451302102","name":"良江镇"},{"code":"451302103","name":"小平阳镇"},{"code":"451302104","name":"迁江镇"},{"code":"451302105","name":"石陵镇"},{"code":"451302106","name":"平阳镇"},{"code":"451302107","name":"蒙村镇"},{"code":"451302108","name":"大湾镇"},{"code":"451302109","name":"桥巩镇"},{"code":"451302110","name":"寺山镇"},{"code":"451302111","name":"城厢镇"},{"code":"451302112","name":"三五镇"},{"code":"451302202","name":"五山乡"},{"code":"451302203","name":"陶邓乡"},{"code":"451302205","name":"良塘乡"},{"code":"451302206","name":"七洞乡"},{"code":"451302212","name":"石牙乡"},{"code":"451302213","name":"南泗乡"},{"code":"451302214","name":"高安乡"},{"code":"451302216","name":"正龙乡"},{"code":"451302402","name":"来华投资区"}]