[{"code":"451421100","name":"新宁镇"},{"code":"451421101","name":"渠黎镇"},{"code":"451421102","name":"渠旧镇"},{"code":"451421103","name":"柳桥镇"},{"code":"451421104","name":"东门镇"},{"code":"451421105","name":"山圩镇"},{"code":"451421106","name":"中东镇"},{"code":"451421107","name":"东罗镇"},{"code":"451421201","name":"龙头乡"},{"code":"451421202","name":"岜盆乡"},{"code":"451421203","name":"昌平乡"},{"code":"451421400","name":"广西农垦国有山圩农场"}]