[{"code":"460106001","name":"中山街道办事处"},{"code":"460106002","name":"滨海街道办事处"},{"code":"460106003","name":"金贸街道办事处"},{"code":"460106004","name":"大同街道办事处"},{"code":"460106005","name":"海垦街道办事处"},{"code":"460106006","name":"金宇街道办事处"},{"code":"460106100","name":"城西镇"},{"code":"460106101","name":"龙桥镇"},{"code":"460106102","name":"新坡镇"},{"code":"460106103","name":"遵谭镇"},{"code":"460106104","name":"龙泉镇"}]