[{"code":"469002100","name":"嘉积镇"},{"code":"469002101","name":"万泉镇"},{"code":"469002102","name":"石壁镇"},{"code":"469002103","name":"中原镇"},{"code":"469002104","name":"博鳌镇"},{"code":"469002105","name":"阳江镇"},{"code":"469002106","name":"龙江镇"},{"code":"469002107","name":"潭门镇"},{"code":"469002108","name":"塔洋镇"},{"code":"469002109","name":"长坡镇"},{"code":"469002110","name":"大路镇"},{"code":"469002111","name":"会山镇"},{"code":"469002400","name":"国营东太农场"},{"code":"469002402","name":"国营东红农场"},{"code":"469002403","name":"国营东升农场"},{"code":"469002500","name":"彬村山华侨农场"}]