[{"code":"500107001","name":"杨家坪街道办事处"},{"code":"500107002","name":"黄桷坪街道办事处"},{"code":"500107003","name":"谢家湾街道办事处"},{"code":"500107004","name":"石坪桥街道办事处"},{"code":"500107005","name":"石桥铺街道办事处"},{"code":"500107006","name":"中梁山街道办事处"},{"code":"500107007","name":"渝州路街道办事处"},{"code":"500107008","name":"二郎街道办事处"},{"code":"500107100","name":"九龙镇"},{"code":"500107102","name":"华岩镇"},{"code":"500107103","name":"含谷镇"},{"code":"500107104","name":"金凤镇"},{"code":"500107105","name":"白市驿镇"},{"code":"500107106","name":"走马镇"},{"code":"500107107","name":"石板镇"},{"code":"500107108","name":"巴福镇"},{"code":"500107109","name":"陶家镇"},{"code":"500107110","name":"西彭镇"},{"code":"500107111","name":"铜罐驿镇"}]