[{"code":"500110001","name":"古南街道办事处"},{"code":"500110002","name":"文龙街道办事处"},{"code":"500110003","name":"三江街道办事处"},{"code":"500110004","name":"万盛街道办事处"},{"code":"500110005","name":"东林街道办事处"},{"code":"500110100","name":"万东镇"},{"code":"500110101","name":"南桐镇"},{"code":"500110102","name":"青年镇"},{"code":"500110103","name":"关坝镇"},{"code":"500110104","name":"丛林镇"},{"code":"500110105","name":"石林镇"},{"code":"500110106","name":"金桥镇"},{"code":"500110107","name":"黑山镇"},{"code":"500110108","name":"石角镇"},{"code":"500110109","name":"东溪镇"},{"code":"500110110","name":"赶水镇"},{"code":"500110111","name":"打通镇"},{"code":"500110112","name":"石壕镇"},{"code":"500110113","name":"永新镇"},{"code":"500110114","name":"三角镇"},{"code":"500110115","name":"隆盛镇"},{"code":"500110116","name":"郭扶镇"},{"code":"500110117","name":"篆塘镇"},{"code":"500110118","name":"丁山镇"},{"code":"500110119","name":"安稳镇"},{"code":"500110120","name":"扶欢镇"},{"code":"500110121","name":"永城镇"},{"code":"500110122","name":"新盛镇"},{"code":"500110123","name":"中峰镇"},{"code":"500110124","name":"横山镇"}]