[{"code":"500111001","name":"龙岗街道办事处"},{"code":"500111002","name":"棠香街道办事处"},{"code":"500111003","name":"龙滩子街道办事处"},{"code":"500111004","name":"双路街道办事处"},{"code":"500111005","name":"通桥街道办事处"},{"code":"500111006","name":"智凤街道办事处"},{"code":"500111100","name":"龙水镇"},{"code":"500111102","name":"宝顶镇"},{"code":"500111103","name":"中敖镇"},{"code":"500111104","name":"三驱镇"},{"code":"500111105","name":"宝兴镇"},{"code":"500111106","name":"玉龙镇"},{"code":"500111107","name":"石马镇"},{"code":"500111108","name":"拾万镇"},{"code":"500111109","name":"回龙镇"},{"code":"500111110","name":"金山镇"},{"code":"500111111","name":"万古镇"},{"code":"500111112","name":"国梁镇"},{"code":"500111113","name":"雍溪镇"},{"code":"500111114","name":"珠溪镇"},{"code":"500111115","name":"龙石镇"},{"code":"500111116","name":"邮亭镇"},{"code":"500111117","name":"铁山镇"},{"code":"500111118","name":"高升镇"},{"code":"500111119","name":"季家镇"},{"code":"500111120","name":"古龙镇"},{"code":"500111121","name":"高坪镇"}]