[{"code":"500242001","name":"桃花源街道办事处"},{"code":"500242002","name":"钟多街道办事处"},{"code":"500242101","name":"龙潭镇"},{"code":"500242102","name":"麻旺镇"},{"code":"500242103","name":"酉酬镇"},{"code":"500242104","name":"大溪镇"},{"code":"500242105","name":"兴隆镇"},{"code":"500242106","name":"黑水镇"},{"code":"500242107","name":"丁市镇"},{"code":"500242108","name":"龚滩镇"},{"code":"500242109","name":"李溪镇"},{"code":"500242110","name":"泔溪镇"},{"code":"500242111","name":"酉水河镇"},{"code":"500242112","name":"苍岭镇"},{"code":"500242113","name":"小河镇"},{"code":"500242114","name":"板溪镇"},{"code":"500242200","name":"涂市乡"},{"code":"500242202","name":"铜鼓乡"},{"code":"500242204","name":"可大乡"},{"code":"500242205","name":"偏柏乡"},{"code":"500242206","name":"五福乡"},{"code":"500242207","name":"木叶乡"},{"code":"500242208","name":"毛坝乡"},{"code":"500242209","name":"花田乡"},{"code":"500242210","name":"后坪乡"},{"code":"500242211","name":"天馆乡"},{"code":"500242212","name":"宜居乡"},{"code":"500242213","name":"万木乡"},{"code":"500242214","name":"两罾乡"},{"code":"500242215","name":"板桥乡"},{"code":"500242216","name":"官清乡"},{"code":"500242217","name":"南腰界乡"},{"code":"500242218","name":"车田乡"},{"code":"500242219","name":"腴地乡"},{"code":"500242220","name":"清泉乡"},{"code":"500242221","name":"庙溪乡"},{"code":"500242222","name":"浪坪乡"},{"code":"500242223","name":"双泉乡"},{"code":"500242224","name":"楠木乡"}]