[{"code":"500243001","name":"汉葭街道办事处"},{"code":"500243002","name":"绍庆街道办事处"},{"code":"500243003","name":"靛水街道办事处"},{"code":"500243101","name":"保家镇"},{"code":"500243102","name":"郁山镇"},{"code":"500243103","name":"高谷镇"},{"code":"500243104","name":"桑柘镇"},{"code":"500243105","name":"鹿角镇"},{"code":"500243106","name":"黄家镇"},{"code":"500243107","name":"普子镇"},{"code":"500243108","name":"龙射镇"},{"code":"500243109","name":"连湖镇"},{"code":"500243110","name":"万足镇"},{"code":"500243111","name":"平安镇"},{"code":"500243112","name":"长生镇"},{"code":"500243113","name":"新田镇"},{"code":"500243114","name":"鞍子镇"},{"code":"500243115","name":"太原镇"},{"code":"500243116","name":"龙溪镇"},{"code":"500243117","name":"梅子垭镇"},{"code":"500243118","name":"大同镇"},{"code":"500243201","name":"岩东乡"},{"code":"500243202","name":"鹿鸣乡"},{"code":"500243204","name":"棣棠乡"},{"code":"500243206","name":"三义乡"},{"code":"500243207","name":"联合乡"},{"code":"500243208","name":"石柳乡"},{"code":"500243210","name":"走马乡"},{"code":"500243211","name":"芦塘乡"},{"code":"500243213","name":"乔梓乡"},{"code":"500243217","name":"诸佛乡"},{"code":"500243219","name":"桐楼乡"},{"code":"500243222","name":"善感乡"},{"code":"500243223","name":"双龙乡"},{"code":"500243224","name":"石盘乡"},{"code":"500243225","name":"大垭乡"},{"code":"500243226","name":"润溪乡"},{"code":"500243227","name":"朗溪乡"},{"code":"500243228","name":"龙塘乡"}]