[{"code":"500238001","name":"宁河街道办事处"},{"code":"500238002","name":"柏杨街道办事处"},{"code":"500238100","name":"城厢镇"},{"code":"500238101","name":"凤凰镇"},{"code":"500238102","name":"宁厂镇"},{"code":"500238103","name":"上磺镇"},{"code":"500238104","name":"古路镇"},{"code":"500238105","name":"文峰镇"},{"code":"500238106","name":"徐家镇"},{"code":"500238107","name":"白鹿镇"},{"code":"500238108","name":"尖山镇"},{"code":"500238109","name":"下堡镇"},{"code":"500238110","name":"峰灵镇"},{"code":"500238111","name":"塘坊镇"},{"code":"500238112","name":"朝阳镇"},{"code":"500238113","name":"田坝镇"},{"code":"500238114","name":"通城镇"},{"code":"500238115","name":"菱角镇"},{"code":"500238116","name":"蒲莲镇"},{"code":"500238117","name":"土城镇"},{"code":"500238204","name":"胜利乡"},{"code":"500238207","name":"大河乡"},{"code":"500238208","name":"天星乡"},{"code":"500238210","name":"长桂乡"},{"code":"500238226","name":"鱼鳞乡"},{"code":"500238227","name":"乌龙乡"},{"code":"500238234","name":"中岗乡"},{"code":"500238237","name":"花台乡"},{"code":"500238239","name":"兰英乡"},{"code":"500238240","name":"双阳乡"},{"code":"500238242","name":"中梁乡"},{"code":"500238243","name":"天元乡"},{"code":"500238400","name":"红池坝经济开发区"}]