[{"code":"510184001","name":"崇阳街道办事处"},{"code":"510184101","name":"三江镇"},{"code":"510184102","name":"江源镇"},{"code":"510184103","name":"羊马镇"},{"code":"510184104","name":"廖家镇"},{"code":"510184105","name":"元通镇"},{"code":"510184106","name":"观胜镇"},{"code":"510184107","name":"怀远镇"},{"code":"510184108","name":"三郎镇"},{"code":"510184109","name":"街子镇"},{"code":"510184110","name":"文井江镇"},{"code":"510184111","name":"王场镇"},{"code":"510184112","name":"白头镇"},{"code":"510184113","name":"道明镇"},{"code":"510184114","name":"隆兴镇"},{"code":"510184116","name":"大划镇"},{"code":"510184117","name":"崇平镇"},{"code":"510184118","name":"梓潼镇"},{"code":"510184119","name":"桤泉镇"},{"code":"510184201","name":"锦江乡"},{"code":"510184202","name":"公议乡"},{"code":"510184206","name":"鸡冠山乡"},{"code":"510184208","name":"济协乡"},{"code":"510184209","name":"燎原乡"},{"code":"510184211","name":"集贤乡"}]