[{"code":"510185001","name":"简城街道办事处"},{"code":"510185002","name":"射洪坝街道办事处"},{"code":"510185003","name":"十里坝街道办事处"},{"code":"510185004","name":"杨柳街道办事处"},{"code":"510185101","name":"石桥镇"},{"code":"510185102","name":"新市镇"},{"code":"510185103","name":"石盘镇"},{"code":"510185104","name":"东溪镇"},{"code":"510185105","name":"平泉镇"},{"code":"510185106","name":"禾丰镇"},{"code":"510185107","name":"云龙镇"},{"code":"510185108","name":"三星镇"},{"code":"510185109","name":"养马镇"},{"code":"510185110","name":"贾家镇"},{"code":"510185111","name":"石板凳镇"},{"code":"510185112","name":"三岔镇"},{"code":"510185113","name":"镇金镇"},{"code":"510185114","name":"石钟镇"},{"code":"510185115","name":"施家镇"},{"code":"510185116","name":"三合镇"},{"code":"510185117","name":"平武镇"},{"code":"510185118","name":"金马镇"},{"code":"510185119","name":"踏水镇"},{"code":"510185120","name":"江源镇"},{"code":"510185121","name":"涌泉镇"},{"code":"510185122","name":"芦葭镇"},{"code":"510185123","name":"草池镇"},{"code":"510185124","name":"太平桥镇"},{"code":"510185125","name":"青龙镇"},{"code":"510185200","name":"老君井乡"},{"code":"510185201","name":"福田乡"},{"code":"510185202","name":"宏缘乡"},{"code":"510185203","name":"周家乡"},{"code":"510185204","name":"平窝乡"},{"code":"510185205","name":"武庙乡"},{"code":"510185206","name":"高明乡"},{"code":"510185207","name":"玉成乡"},{"code":"510185208","name":"丹景乡"},{"code":"510185209","name":"望水乡"},{"code":"510185210","name":"清风乡"},{"code":"510185211","name":"董家埂乡"},{"code":"510185212","name":"五星乡"},{"code":"510185213","name":"飞龙乡"},{"code":"510185214","name":"灵仙乡"},{"code":"510185215","name":"五指乡"},{"code":"510185216","name":"新民乡"},{"code":"510185217","name":"新星乡"},{"code":"510185218","name":"同合乡"},{"code":"510185219","name":"老龙乡"},{"code":"510185220","name":"壮溪乡"},{"code":"510185221","name":"海螺乡"},{"code":"510185222","name":"坛罐乡"},{"code":"510185223","name":"雷家乡"},{"code":"510185224","name":"安乐乡"},{"code":"510185225","name":"普安乡"},{"code":"510185226","name":"平息乡"},{"code":"510185227","name":"五合乡"},{"code":"510185228","name":"永宁乡"}]