[{"code":"510107001","name":"浆洗街街道办事处"},{"code":"510107004","name":"望江路街道办事处"},{"code":"510107005","name":"玉林街道办事处"},{"code":"510107006","name":"跳伞塔街道办事处"},{"code":"510107007","name":"火车南站街道办事处"},{"code":"510107008","name":"双楠街道办事处"},{"code":"510107009","name":"晋阳街道办事处"},{"code":"510107010","name":"红牌楼街道办事处"},{"code":"510107011","name":"簇桥街道办事处"},{"code":"510107012","name":"机投桥街道办事处"},{"code":"510107013","name":"金花桥街道办事处"},{"code":"510107014","name":"簇锦街道办事处"},{"code":"510107015","name":"华兴街道办事处"},{"code":"510107061","name":"芳草街道办事处"},{"code":"510107062","name":"肖家河街道办事处"},{"code":"510107063","name":"石羊场街道办事处"},{"code":"510107064","name":"桂溪街道办事处"}]