[{"code":"510311100","name":"沿滩镇"},{"code":"510311101","name":"卫坪镇"},{"code":"510311102","name":"兴隆镇"},{"code":"510311105","name":"富全镇"},{"code":"510311106","name":"永安镇"},{"code":"510311107","name":"联络镇"},{"code":"510311108","name":"邓关镇"},{"code":"510311109","name":"王井镇"},{"code":"510311110","name":"黄市镇"},{"code":"510311111","name":"瓦市镇"},{"code":"510311112","name":"仙市镇"},{"code":"510311203","name":"刘山乡"},{"code":"510311204","name":"九洪乡"}]