[{"code":"510812100","name":"朝天镇"},{"code":"510812101","name":"大滩镇"},{"code":"510812102","name":"羊木镇"},{"code":"510812103","name":"曾家镇"},{"code":"510812104","name":"中子镇"},{"code":"510812105","name":"沙河镇"},{"code":"510812200","name":"陈家乡"},{"code":"510812201","name":"小安乡"},{"code":"510812202","name":"鱼洞乡"},{"code":"510812203","name":"东溪河乡"},{"code":"510812204","name":"花石乡"},{"code":"510812205","name":"蒲家乡"},{"code":"510812206","name":"西北乡"},{"code":"510812207","name":"宣河乡"},{"code":"510812208","name":"转斗乡"},{"code":"510812209","name":"青林乡"},{"code":"510812210","name":"平溪乡"},{"code":"510812211","name":"两河口乡"},{"code":"510812212","name":"李家乡"},{"code":"510812213","name":"汪家乡"},{"code":"510812214","name":"麻柳乡"},{"code":"510812215","name":"临溪乡"},{"code":"510812216","name":"文安乡"},{"code":"510812217","name":"马家坝乡"},{"code":"510812218","name":"柏杨乡"}]