[{"code":"510824100","name":"陵江镇"},{"code":"510824102","name":"云峰镇"},{"code":"510824104","name":"东青镇"},{"code":"510824105","name":"白桥镇"},{"code":"510824106","name":"八庙镇"},{"code":"510824107","name":"五龙镇"},{"code":"510824108","name":"永宁镇"},{"code":"510824109","name":"鸳溪镇"},{"code":"510824110","name":"三川镇"},{"code":"510824111","name":"龙王镇"},{"code":"510824112","name":"元坝镇"},{"code":"510824113","name":"唤马镇"},{"code":"510824114","name":"歧坪镇"},{"code":"510824115","name":"白驿镇"},{"code":"510824116","name":"漓江镇"},{"code":"510824117","name":"文昌镇"},{"code":"510824118","name":"岳东镇"},{"code":"510824119","name":"石马镇"},{"code":"510824120","name":"运山镇"},{"code":"510824121","name":"东溪镇"},{"code":"510824122","name":"高坡镇"},{"code":"510824123","name":"龙山镇"},{"code":"510824124","name":"中土镇"},{"code":"510824125","name":"亭子镇"},{"code":"510824202","name":"禅林乡"},{"code":"510824208","name":"白鹤乡"},{"code":"510824209","name":"浙水乡"},{"code":"510824210","name":"雍河乡"},{"code":"510824212","name":"新观乡"},{"code":"510824216","name":"石门乡"},{"code":"510824223","name":"月山乡"},{"code":"510824226","name":"白山乡"},{"code":"510824228","name":"彭店乡"},{"code":"510824229","name":"桥溪乡"},{"code":"510824232","name":"龙洞乡"},{"code":"510824233","name":"黄猫乡"},{"code":"510824234","name":"石灶乡"},{"code":"510824238","name":"河地乡"},{"code":"510824240","name":"双河乡"},{"code":"510824400","name":"苍溪九龙山自然保护区管理处"},{"code":"510824401","name":"苍溪县三溪口森林经营所"},{"code":"510824402","name":"苍溪县良种场"}]