[{"code":"511002001","name":"城东街道"},{"code":"511002002","name":"城南街道"},{"code":"511002003","name":"城西街道"},{"code":"511002004","name":"玉溪街道"},{"code":"511002005","name":"牌楼街道"},{"code":"511002007","name":"乐贤街道"},{"code":"511002100","name":"白马镇"},{"code":"511002101","name":"史家镇"},{"code":"511002102","name":"凌家镇"},{"code":"511002103","name":"朝阳镇"},{"code":"511002104","name":"永安镇"},{"code":"511002105","name":"全安镇"},{"code":"511002106","name":"靖民镇"},{"code":"511002108","name":"龚家镇"},{"code":"511002109","name":"凤鸣镇"},{"code":"511002110","name":"伏龙镇"},{"code":"511002111","name":"龙门镇"}]