[{"code":"511126100","name":"焉城镇"},{"code":"511126101","name":"黄土镇"},{"code":"511126102","name":"甘江镇"},{"code":"511126103","name":"界牌镇"},{"code":"511126104","name":"中兴镇"},{"code":"511126105","name":"三洞镇"},{"code":"511126106","name":"吴场镇"},{"code":"511126107","name":"木城镇"},{"code":"511126108","name":"华头镇"},{"code":"511126109","name":"甘霖镇"},{"code":"511126110","name":"新场镇"},{"code":"511126200","name":"顺河乡"},{"code":"511126201","name":"马村乡"},{"code":"511126202","name":"土门乡"},{"code":"511126203","name":"青州乡"},{"code":"511126204","name":"梧凤乡"},{"code":"511126205","name":"永青乡"},{"code":"511126206","name":"迎江乡"},{"code":"511126207","name":"龙沱乡"},{"code":"511126208","name":"南安乡"},{"code":"511126209","name":"歇马乡"},{"code":"511126210","name":"麻柳乡"}]