[{"code":"511111100","name":"沙湾镇"},{"code":"511111101","name":"嘉农镇"},{"code":"511111102","name":"太平镇"},{"code":"511111103","name":"福禄镇"},{"code":"511111104","name":"牛石镇"},{"code":"511111105","name":"龚嘴镇"},{"code":"511111106","name":"葫芦镇"},{"code":"511111107","name":"踏水镇"},{"code":"511111200","name":"谭坝乡"},{"code":"511111201","name":"轸溪乡"},{"code":"511111202","name":"范店乡"},{"code":"511111203","name":"铜茨乡"},{"code":"511111204","name":"碧山乡"},{"code":"511111400","name":"沫江办事处"}]