[{"code":"511521100","name":"柏溪镇"},{"code":"511521101","name":"喜捷镇"},{"code":"511521102","name":"观音镇"},{"code":"511521103","name":"横江镇"},{"code":"511521104","name":"永兴镇"},{"code":"511521105","name":"白花镇"},{"code":"511521106","name":"柳嘉镇"},{"code":"511521107","name":"泥溪镇"},{"code":"511521108","name":"蕨溪镇"},{"code":"511521109","name":"商州镇"},{"code":"511521110","name":"高场镇"},{"code":"511521111","name":"安边镇"},{"code":"511521112","name":"双龙镇"},{"code":"511521113","name":"李场镇"},{"code":"511521114","name":"合什镇"},{"code":"511521115","name":"古罗镇"},{"code":"511521116","name":"孔滩镇"},{"code":"511521117","name":"复龙镇"},{"code":"511521118","name":"普安镇"},{"code":"511521119","name":"双谊镇"},{"code":"511521120","name":"古柏镇"},{"code":"511521121","name":"王场镇"},{"code":"511521122","name":"泥南镇"},{"code":"511521203","name":"隆兴乡"},{"code":"511521205","name":"龙池乡"},{"code":"511521209","name":"凤仪乡"}]