[{"code":"511825100","name":"城厢镇"},{"code":"511825101","name":"始阳镇"},{"code":"511825200","name":"小河乡"},{"code":"511825201","name":"思经乡"},{"code":"511825202","name":"鱼泉乡"},{"code":"511825203","name":"紫石乡"},{"code":"511825204","name":"两路乡"},{"code":"511825205","name":"大坪乡"},{"code":"511825206","name":"乐英乡"},{"code":"511825207","name":"多功乡"},{"code":"511825208","name":"仁义乡"},{"code":"511825209","name":"老场乡"},{"code":"511825210","name":"新华乡"},{"code":"511825211","name":"新场乡"},{"code":"511825212","name":"兴业乡"}]