[{"code":"511921100","name":"诺江镇"},{"code":"511921101","name":"民胜镇"},{"code":"511921102","name":"火炬镇"},{"code":"511921103","name":"广纳镇"},{"code":"511921104","name":"铁佛镇"},{"code":"511921105","name":"麻石镇"},{"code":"511921106","name":"至诚镇"},{"code":"511921107","name":"洪口镇"},{"code":"511921108","name":"沙溪镇"},{"code":"511921109","name":"瓦室镇"},{"code":"511921110","name":"永安镇"},{"code":"511921111","name":"铁溪镇"},{"code":"511921112","name":"涪阳镇"},{"code":"511921113","name":"诺水河镇"},{"code":"511921200","name":"杨柏乡"},{"code":"511921201","name":"大兴乡"},{"code":"511921202","name":"东山乡"},{"code":"511921203","name":"三溪乡"},{"code":"511921204","name":"双泉乡"},{"code":"511921205","name":"文峰乡"},{"code":"511921206","name":"春在乡"},{"code":"511921207","name":"三合乡"},{"code":"511921208","name":"云昙乡"},{"code":"511921209","name":"唱歌乡"},{"code":"511921210","name":"芝苞乡"},{"code":"511921211","name":"龙凤场乡"},{"code":"511921212","name":"董溪乡"},{"code":"511921213","name":"澌波乡"},{"code":"511921214","name":"松溪乡"},{"code":"511921215","name":"九层乡"},{"code":"511921216","name":"胜利乡"},{"code":"511921217","name":"板凳乡"},{"code":"511921218","name":"文胜乡"},{"code":"511921219","name":"兴隆乡"},{"code":"511921220","name":"毛裕乡"},{"code":"511921221","name":"泥溪乡"},{"code":"511921222","name":"烟溪乡"},{"code":"511921223","name":"沙坪乡"},{"code":"511921224","name":"朱元乡"},{"code":"511921225","name":"长坪乡"},{"code":"511921226","name":"两河口乡"},{"code":"511921227","name":"空山乡"},{"code":"511921228","name":"青浴乡"},{"code":"511921229","name":"板桥口乡"},{"code":"511921230","name":"铁厂乡"},{"code":"511921231","name":"新场乡"},{"code":"511921232","name":"陈河乡"},{"code":"511921233","name":"草池乡"},{"code":"511921234","name":"回林乡"}]