[{"code":"513232100","name":"达扎寺镇"},{"code":"513232101","name":"唐克镇"},{"code":"513232102","name":"红星镇"},{"code":"513232103","name":"辖曼镇"},{"code":"513232200","name":"班佑乡"},{"code":"513232201","name":"阿西乡"},{"code":"513232205","name":"麦溪乡"},{"code":"513232206","name":"嫩哇乡"},{"code":"513232207","name":"冻列乡"},{"code":"513232208","name":"崇尔乡"},{"code":"513232209","name":"热尔乡"},{"code":"513232210","name":"占哇乡"},{"code":"513232211","name":"降扎乡"},{"code":"513232212","name":"巴西乡"},{"code":"513232213","name":"阿西茸乡"},{"code":"513232214","name":"求吉乡"},{"code":"513232215","name":"包座乡"},{"code":"513232400","name":"白河牧场"},{"code":"513232401","name":"辖曼牧场"}]