[{"code":"513224100","name":"进安镇"},{"code":"513224101","name":"川主寺镇"},{"code":"513224200","name":"进安回族乡"},{"code":"513224201","name":"十里回族乡"},{"code":"513224202","name":"青云乡"},{"code":"513224203","name":"安宏乡"},{"code":"513224204","name":"大寨乡"},{"code":"513224205","name":"牟尼乡"},{"code":"513224206","name":"镇江关乡"},{"code":"513224207","name":"镇坪乡"},{"code":"513224208","name":"岷江乡"},{"code":"513224209","name":"大姓乡"},{"code":"513224210","name":"白羊乡"},{"code":"513224211","name":"红土乡"},{"code":"513224212","name":"红扎乡"},{"code":"513224213","name":"小姓乡"},{"code":"513224214","name":"燕云乡"},{"code":"513224215","name":"山巴乡"},{"code":"513224216","name":"水晶乡"},{"code":"513224217","name":"小河乡"},{"code":"513224218","name":"施家堡乡"},{"code":"513224219","name":"黄龙乡"},{"code":"513224220","name":"上八寨乡"},{"code":"513224221","name":"下八寨乡"},{"code":"513224222","name":"草原乡"},{"code":"513224401","name":"松潘林业局"}]