[{"code":"513228100","name":"芦花镇"},{"code":"513228101","name":"卡龙镇"},{"code":"513228102","name":"色尔古镇"},{"code":"513228200","name":"沙石多乡"},{"code":"513228201","name":"红岩乡"},{"code":"513228202","name":"麻窝乡"},{"code":"513228203","name":"双溜索乡"},{"code":"513228204","name":"瓦钵梁子乡"},{"code":"513228206","name":"石碉楼乡"},{"code":"513228207","name":"龙坝乡"},{"code":"513228208","name":"洛多乡"},{"code":"513228209","name":"木苏乡"},{"code":"513228210","name":"维古乡"},{"code":"513228211","name":"知木林乡"},{"code":"513228212","name":"扎窝乡"},{"code":"513228213","name":"晴朗乡"},{"code":"513228214","name":"慈坝乡"}]