[{"code":"513301100","name":"炉城镇"},{"code":"513301101","name":"姑咱镇"},{"code":"513301102","name":"新都桥镇"},{"code":"513301103","name":"塔公镇"},{"code":"513301104","name":"沙德镇"},{"code":"513301105","name":"金汤镇"},{"code":"513301201","name":"雅拉乡"},{"code":"513301202","name":"时济乡"},{"code":"513301203","name":"前溪乡"},{"code":"513301204","name":"舍联乡"},{"code":"513301205","name":"麦崩乡"},{"code":"513301206","name":"三合乡"},{"code":"513301208","name":"捧塔乡"},{"code":"513301210","name":"贡嘎山乡"},{"code":"513301211","name":"普沙绒乡"},{"code":"513301212","name":"吉居乡"},{"code":"513301213","name":"瓦泽乡"},{"code":"513301214","name":"呷巴乡"},{"code":"513301215","name":"甲根坝乡"},{"code":"513301216","name":"朋布西乡"},{"code":"513301218","name":"孔玉乡"}]