[{"code":"513422100","name":"乔瓦镇"},{"code":"513422101","name":"瓦厂镇"},{"code":"513422102","name":"茶布朗镇"},{"code":"513422103","name":"雅砻江镇"},{"code":"513422201","name":"博科乡"},{"code":"513422202","name":"宁朗乡"},{"code":"513422203","name":"依吉乡"},{"code":"513422204","name":"俄亚纳西族乡"},{"code":"513422205","name":"水洛乡"},{"code":"513422206","name":"牦牛坪乡"},{"code":"513422207","name":"屋脚蒙古族乡"},{"code":"513422208","name":"项脚蒙古族乡"},{"code":"513422209","name":"李子坪乡"},{"code":"513422210","name":"列瓦乡"},{"code":"513422211","name":"芽祖乡"},{"code":"513422212","name":"下麦地乡"},{"code":"513422213","name":"西秋乡"},{"code":"513422214","name":"克尔乡"},{"code":"513422215","name":"白碉苗族乡"},{"code":"513422216","name":"三桷桠乡"},{"code":"513422217","name":"倮波乡"},{"code":"513422218","name":"卡拉乡"},{"code":"513422219","name":"后所乡"},{"code":"513422220","name":"沙湾乡"},{"code":"513422222","name":"固增苗族乡"},{"code":"513422223","name":"麦日乡"},{"code":"513422224","name":"东朗乡"},{"code":"513422225","name":"唐央乡"},{"code":"513422226","name":"博窝乡"}]