[{"code":"513434100","name":"越城镇"},{"code":"513434101","name":"中所镇"},{"code":"513434102","name":"新民镇"},{"code":"513434103","name":"乃托镇"},{"code":"513434104","name":"普雄镇"},{"code":"513434105","name":"大瑞镇"},{"code":"513434200","name":"新乡乡"},{"code":"513434201","name":"马拖乡"},{"code":"513434203","name":"南箐乡"},{"code":"513434204","name":"丁山乡"},{"code":"513434205","name":"大花乡"},{"code":"513434206","name":"河东乡"},{"code":"513434207","name":"西山乡"},{"code":"513434208","name":"板桥乡"},{"code":"513434209","name":"瓦岩乡"},{"code":"513434210","name":"大屯乡"},{"code":"513434211","name":"保安藏族乡"},{"code":"513434212","name":"白果乡"},{"code":"513434213","name":"梅花乡"},{"code":"513434214","name":"拉普乡"},{"code":"513434215","name":"铁西乡"},{"code":"513434216","name":"尔觉乡"},{"code":"513434217","name":"四甘普乡"},{"code":"513434218","name":"贡莫乡"},{"code":"513434219","name":"拉白乡"},{"code":"513434220","name":"乐青地乡"},{"code":"513434221","name":"德吉乡"},{"code":"513434222","name":"依洛地坝乡"},{"code":"513434223","name":"尔赛乡"},{"code":"513434224","name":"古二乡"},{"code":"513434225","name":"竹阿觉乡"},{"code":"513434226","name":"保石乡"},{"code":"513434227","name":"五里箐乡"},{"code":"513434228","name":"书古乡"},{"code":"513434229","name":"瓦普莫乡"},{"code":"513434230","name":"申果乡"},{"code":"513434231","name":"瓦曲觉乡"},{"code":"513434232","name":"申普乡"},{"code":"513434233","name":"瓦曲乃乌乡"},{"code":"513434234","name":"瓦里觉乡"},{"code":"513434235","name":"拉吉乡"}]