[{"code":"520102200","name":"后巢乡"},{"code":"520102201","name":"云关乡"},{"code":"520102202","name":"小碧布依族苗族乡"},{"code":"520102203","name":"永乐乡"},{"code":"520102400","name":"新华社区服务中心"},{"code":"520102401","name":"西湖社区服务中心"},{"code":"520102402","name":"水口寺社区服务中心"},{"code":"520102403","name":"大南社区服务中心"},{"code":"520102404","name":"中南社区服务中心"},{"code":"520102405","name":"市府社区服务中心"},{"code":"520102406","name":"河滨社区服务中心"},{"code":"520102407","name":"遵义社区服务中心"},{"code":"520102408","name":"兴关社区服务中心"},{"code":"520102409","name":"沙冲社区服务中心"},{"code":"520102410","name":"沙南社区服务中心"},{"code":"520102411","name":"太慈社区服务中心"},{"code":"520102412","name":"湘雅社区服务中心"},{"code":"520102413","name":"油榨社区服务中心"},{"code":"520102414","name":"中曹司社区服务中心"},{"code":"520102415","name":"二戈寨社区服务中心"},{"code":"520102416","name":"见龙社区服务中心"},{"code":"520102417","name":"龙洞社区服务中心"},{"code":"520102418","name":"花果园社区服务中心"}]