[{"code":"520123100","name":"龙场镇"},{"code":"520123101","name":"扎佐镇"},{"code":"520123102","name":"久长镇"},{"code":"520123103","name":"六广镇"},{"code":"520123104","name":"六屯镇"},{"code":"520123105","name":"洒坪镇"},{"code":"520123106","name":"六桶镇"},{"code":"520123200","name":"谷堡乡"},{"code":"520123202","name":"小箐乡"},{"code":"520123204","name":"大石布依族乡"},{"code":"520123400","name":"龙岗社区服务中心"},{"code":"520123401","name":"珍珠河社区服务中心"}]