[{"code":"520381001","name":"市中街道办事处"},{"code":"520381002","name":"文华街道办事处"},{"code":"520381003","name":"金华街道办事处"},{"code":"520381100","name":"天台镇"},{"code":"520381101","name":"复兴镇"},{"code":"520381102","name":"大同镇"},{"code":"520381103","name":"旺隆镇"},{"code":"520381104","name":"葫市镇"},{"code":"520381105","name":"元厚镇"},{"code":"520381106","name":"官渡镇"},{"code":"520381107","name":"长期镇"},{"code":"520381108","name":"长沙镇"},{"code":"520381109","name":"两河口镇"},{"code":"520381110","name":"丙安镇"},{"code":"520381202","name":"宝源乡"},{"code":"520381203","name":"石堡乡"},{"code":"520381204","name":"白云乡"}]