[{"code":"520322001","name":"海校街道"},{"code":"520322002","name":"娄山关街道"},{"code":"520322101","name":"楚米镇"},{"code":"520322102","name":"新站镇"},{"code":"520322103","name":"松坎镇"},{"code":"520322104","name":"高桥镇"},{"code":"520322105","name":"水坝塘镇"},{"code":"520322106","name":"官仓镇"},{"code":"520322107","name":"花秋镇"},{"code":"520322108","name":"羊磴镇"},{"code":"520322109","name":"九坝镇"},{"code":"520322110","name":"大河镇"},{"code":"520322111","name":"夜郎镇"},{"code":"520322112","name":"木瓜镇"},{"code":"520322113","name":"坡渡镇"},{"code":"520322114","name":"燎原镇"},{"code":"520322115","name":"狮溪镇"},{"code":"520322116","name":"茅石镇"},{"code":"520322117","name":"尧龙山镇"},{"code":"520322118","name":"风水镇"},{"code":"520322119","name":"容光镇"},{"code":"520322120","name":"芭蕉镇"},{"code":"520322203","name":"小水乡"},{"code":"520322205","name":"黄莲乡"},{"code":"520322207","name":"马鬃苗族乡"}]