[{"code":"520323100","name":"洋川镇"},{"code":"520323101","name":"郑场镇"},{"code":"520323102","name":"旺草镇"},{"code":"520323103","name":"蒲场镇"},{"code":"520323104","name":"风华镇"},{"code":"520323105","name":"茅垭镇"},{"code":"520323106","name":"枧坝镇"},{"code":"520323107","name":"宽阔镇"},{"code":"520323108","name":"黄杨镇"},{"code":"520323109","name":"青杠塘镇"},{"code":"520323110","name":"太白镇"},{"code":"520323111","name":"温泉镇"},{"code":"520323112","name":"坪乐镇"},{"code":"520323200","name":"大路槽乡"},{"code":"520323201","name":"小关乡"}]