[{"code":"520303001","name":"上海路街道办事处"},{"code":"520303002","name":"洗马路街道办事处"},{"code":"520303003","name":"大连路街道办事处"},{"code":"520303004","name":"高桥街道办事处"},{"code":"520303005","name":"董公寺街道办事处"},{"code":"520303006","name":"高坪街道办事处"},{"code":"520303102","name":"团泽镇"},{"code":"520303104","name":"板桥镇"},{"code":"520303105","name":"泗渡镇"},{"code":"520303106","name":"沙湾镇"},{"code":"520303107","name":"山盆镇"},{"code":"520303108","name":"芝麻镇"},{"code":"520303109","name":"松林镇"},{"code":"520303110","name":"毛石镇"}]