[{"code":"520524001","name":"双堰街道办事处"},{"code":"520524002","name":"文腾街道办事处"},{"code":"520524003","name":"金凤街道办事处"},{"code":"520524004","name":"三甲街道办事处"},{"code":"520524005","name":"绮陌街道办事处"},{"code":"520524006","name":"八步街道办事处"},{"code":"520524101","name":"桂果镇"},{"code":"520524102","name":"牛场镇"},{"code":"520524103","name":"猫场镇"},{"code":"520524104","name":"化起镇"},{"code":"520524105","name":"龙场镇"},{"code":"520524107","name":"以那镇"},{"code":"520524108","name":"三塘镇"},{"code":"520524109","name":"阿弓镇"},{"code":"520524110","name":"珠藏镇"},{"code":"520524111","name":"中寨镇"},{"code":"520524112","name":"马场镇"},{"code":"520524113","name":"板桥镇"},{"code":"520524114","name":"白泥镇"},{"code":"520524115","name":"少普镇"},{"code":"520524116","name":"熊家场镇"},{"code":"520524117","name":"黑土镇"},{"code":"520524201","name":"自强苗族乡"},{"code":"520524202","name":"大平苗族彝族乡"},{"code":"520524203","name":"官寨苗族乡"},{"code":"520524204","name":"茶店布依族苗族彝族乡"},{"code":"520524205","name":"金龙苗族彝族布依族乡"},{"code":"520524206","name":"后寨苗族乡"},{"code":"520524207","name":"鸡场苗族彝族乡"},{"code":"520524211","name":"实兴乡"},{"code":"520524213","name":"上坪寨乡"},{"code":"520524215","name":"纳雍乡"}]