[{"code":"520525001","name":"雍熙街道办事处"},{"code":"520525002","name":"文昌街道办事处"},{"code":"520525003","name":"居仁街道办事处"},{"code":"520525101","name":"中岭镇"},{"code":"520525102","name":"阳长镇"},{"code":"520525103","name":"维新镇"},{"code":"520525104","name":"龙场镇"},{"code":"520525105","name":"乐治镇"},{"code":"520525107","name":"百兴镇"},{"code":"520525108","name":"张家湾镇"},{"code":"520525114","name":"勺窝镇"},{"code":"520525115","name":"寨乐镇"},{"code":"520525116","name":"玉龙坝镇"},{"code":"520525117","name":"沙包镇"},{"code":"520525118","name":"水东镇"},{"code":"520525119","name":"曙光镇"},{"code":"520525201","name":"新房彝族苗族乡"},{"code":"520525202","name":"厍东关彝族白族苗族乡"},{"code":"520525203","name":"董地苗族彝族乡"},{"code":"520525205","name":"化作苗族彝族乡"},{"code":"520525210","name":"姑开苗族彝族乡"},{"code":"520525211","name":"羊场苗族彝族乡"},{"code":"520525212","name":"锅圈岩苗族彝族乡"},{"code":"520525213","name":"昆寨苗族彝族白族乡"},{"code":"520525214","name":"左鸠戛彝族苗族乡"},{"code":"520525215","name":"猪场苗族彝族乡"}]