[{"code":"522324001","name":"东观街道"},{"code":"522324002","name":"莲城街道"},{"code":"522324101","name":"沙子镇"},{"code":"522324102","name":"碧痕镇"},{"code":"522324103","name":"大厂镇"},{"code":"522324104","name":"鸡场镇"},{"code":"522324105","name":"花贡镇"},{"code":"522324106","name":"中营镇"},{"code":"522324107","name":"光照镇"},{"code":"522324108","name":"茶马镇"},{"code":"522324200","name":"长流乡"},{"code":"522324204","name":"紫马乡"},{"code":"522324205","name":"安谷乡"},{"code":"522324206","name":"三宝彝族乡"}]