[{"code":"522325001","name":"永丰街道办事处"},{"code":"522325002","name":"珉谷街道办事处"},{"code":"522325101","name":"龙场镇"},{"code":"522325102","name":"者相镇"},{"code":"522325103","name":"北盘江镇"},{"code":"522325104","name":"白层镇"},{"code":"522325105","name":"鲁贡镇"},{"code":"522325106","name":"小屯镇"},{"code":"522325107","name":"长田镇"},{"code":"522325108","name":"沙坪镇"},{"code":"522325109","name":"挽澜镇"},{"code":"522325200","name":"连环乡"},{"code":"522325204","name":"平街乡"},{"code":"522325205","name":"鲁容乡"}]