[{"code":"522328001","name":"招堤街道"},{"code":"522328002","name":"栖凤街道"},{"code":"522328003","name":"钱相街道"},{"code":"522328101","name":"龙广镇"},{"code":"522328102","name":"德卧镇"},{"code":"522328103","name":"万峰湖镇"},{"code":"522328104","name":"木咱镇"},{"code":"522328105","name":"洒雨镇"},{"code":"522328106","name":"普坪镇"},{"code":"522328107","name":"龙山镇"},{"code":"522328110","name":"新桥镇"},{"code":"522328111","name":"海子镇"},{"code":"522328112","name":"笃山镇"}]