[{"code":"522627001","name":"凤城街道"},{"code":"522627002","name":"邦洞街道"},{"code":"522627003","name":"社学街道"},{"code":"522627102","name":"坪地镇"},{"code":"522627103","name":"兰田镇"},{"code":"522627104","name":"瓮洞镇"},{"code":"522627105","name":"高酿镇"},{"code":"522627106","name":"石洞镇"},{"code":"522627107","name":"远口镇"},{"code":"522627108","name":"坌处镇"},{"code":"522627109","name":"白市镇"},{"code":"522627110","name":"渡马镇"},{"code":"522627111","name":"江东镇"},{"code":"522627112","name":"竹林镇"},{"code":"522627202","name":"注溪乡"},{"code":"522627203","name":"地湖乡"}]