[{"code":"522631001","name":"德凤街道办事处"},{"code":"522631002","name":"高屯街道办事处"},{"code":"522631102","name":"中潮镇"},{"code":"522631103","name":"孟彦镇"},{"code":"522631104","name":"敖市镇"},{"code":"522631105","name":"九潮镇"},{"code":"522631106","name":"岩洞镇"},{"code":"522631107","name":"水口镇"},{"code":"522631108","name":"洪州镇"},{"code":"522631109","name":"尚重镇"},{"code":"522631110","name":"双江镇"},{"code":"522631111","name":"肇兴镇"},{"code":"522631112","name":"龙额镇"},{"code":"522631113","name":"永从镇"},{"code":"522631114","name":"茅贡镇"},{"code":"522631115","name":"地坪镇"},{"code":"522631200","name":"顺化瑶族乡"},{"code":"522631201","name":"雷洞瑶族水族乡"},{"code":"522631203","name":"罗里乡"},{"code":"522631205","name":"坝寨乡"},{"code":"522631206","name":"口江乡"},{"code":"522631211","name":"德顺乡"},{"code":"522631212","name":"大稼乡"},{"code":"522631213","name":"平寨乡"},{"code":"522631214","name":"德化乡"}]