[{"code":"530102001","name":"华山街道办事处"},{"code":"530102002","name":"护国街道办事处"},{"code":"530102003","name":"大观街道办事处"},{"code":"530102004","name":"龙翔街道办事处"},{"code":"530102005","name":"丰宁街道办事处"},{"code":"530102006","name":"莲华街道办事处"},{"code":"530102007","name":"红云街道办事处"},{"code":"530102008","name":"黑林铺街道办事处"},{"code":"530102009","name":"普吉街道办事处"},{"code":"530102010","name":"西翥街道办事处"},{"code":"530102401","name":"昆明国家高新技术产业开发区"}]