[{"code":"530114001","name":"龙城街道办事处"},{"code":"530114002","name":"洛龙街道办事处"},{"code":"530114003","name":"斗南街道办事处"},{"code":"530114004","name":"乌龙街道办事处"},{"code":"530114005","name":"吴家营街道办事处"},{"code":"530114006","name":"雨花街道办事处"},{"code":"530114007","name":"七甸街道办事处"},{"code":"530114008","name":"洛羊街道办事处"},{"code":"530114009","name":"大渔街道办事处"},{"code":"530114010","name":"马金铺街道办事处"}]