[{"code":"530322001","name":"中枢街道"},{"code":"530322002","name":"同乐街道"},{"code":"530322102","name":"板桥镇"},{"code":"530322103","name":"三岔河镇"},{"code":"530322104","name":"马街镇"},{"code":"530322105","name":"召夸镇"},{"code":"530322106","name":"大莫古镇"},{"code":"530322107","name":"芳华镇"},{"code":"530322108","name":"小百户镇"},{"code":"530322201","name":"活水乡"},{"code":"530322202","name":"龙海乡"},{"code":"530322501","name":"陆良华侨管理区（镇）"}]