[{"code":"530381001","name":"宛水街道办事处"},{"code":"530381002","name":"西宁街道办事处"},{"code":"530381003","name":"双龙街道办事处"},{"code":"530381004","name":"虹桥街道办事处"},{"code":"530381005","name":"丰华街道办事处"},{"code":"530381006","name":"板桥街道办事处"},{"code":"530381007","name":"来宾街道办事处"},{"code":"530381008","name":"凤凰街道办事处"},{"code":"530381102","name":"格宜镇"},{"code":"530381103","name":"田坝镇"},{"code":"530381104","name":"羊场镇"},{"code":"530381106","name":"倘塘镇"},{"code":"530381107","name":"落水镇"},{"code":"530381108","name":"务德镇"},{"code":"530381109","name":"海岱镇"},{"code":"530381110","name":"龙场镇"},{"code":"530381111","name":"龙潭镇"},{"code":"530381112","name":"热水镇"},{"code":"530381113","name":"宝山镇"},{"code":"530381114","name":"东山镇"},{"code":"530381201","name":"普立乡"},{"code":"530381202","name":"西泽乡"},{"code":"530381203","name":"得禄乡"},{"code":"530381204","name":"杨柳乡"},{"code":"530381205","name":"双河乡"},{"code":"530381206","name":"乐丰乡"},{"code":"530381207","name":"文兴乡"},{"code":"530381208","name":"阿都乡"}]