[{"code":"530524101","name":"田园镇"},{"code":"530524102","name":"漭水镇"},{"code":"530524103","name":"柯街镇"},{"code":"530524104","name":"卡斯镇"},{"code":"530524105","name":"勐统镇"},{"code":"530524106","name":"温泉镇"},{"code":"530524107","name":"大田坝镇"},{"code":"530524108","name":"鸡飞镇"},{"code":"530524109","name":"翁堵镇"},{"code":"530524205","name":"湾甸傣族乡"},{"code":"530524206","name":"更戛乡"},{"code":"530524207","name":"珠街彝族乡"},{"code":"530524208","name":"耈街彝族苗族乡"}]