[{"code":"530724101","name":"大兴镇"},{"code":"530724201","name":"拉伯乡"},{"code":"530724202","name":"永宁乡"},{"code":"530724203","name":"翠玉傈僳族普米族乡"},{"code":"530724204","name":"红桥乡"},{"code":"530724205","name":"宁利乡"},{"code":"530724206","name":"金棉乡"},{"code":"530724207","name":"西川乡"},{"code":"530724208","name":"西布河乡"},{"code":"530724209","name":"战河乡"},{"code":"530724210","name":"永宁坪乡"},{"code":"530724211","name":"跑马坪乡"},{"code":"530724212","name":"蝉战河乡"},{"code":"530724213","name":"新营盘乡"},{"code":"530724214","name":"烂泥箐乡"}]