[{"code":"532626101","name":"锦屏镇"},{"code":"532626102","name":"曰者镇"},{"code":"532626103","name":"双龙营镇"},{"code":"532626201","name":"八道哨彝族乡"},{"code":"532626202","name":"天星乡"},{"code":"532626203","name":"平寨乡"},{"code":"532626204","name":"树皮彝族乡"},{"code":"532626205","name":"腻脚彝族乡"},{"code":"532626206","name":"新店彝族乡"},{"code":"532626207","name":"舍得彝族乡"},{"code":"532626208","name":"官寨乡"},{"code":"532626209","name":"温浏乡"}]