[{"code":"532627101","name":"莲城镇"},{"code":"532627102","name":"八宝镇"},{"code":"532627103","name":"南屏镇"},{"code":"532627104","name":"珠街镇"},{"code":"532627105","name":"那洒镇"},{"code":"532627106","name":"珠琳镇"},{"code":"532627107","name":"坝美镇"},{"code":"532627201","name":"董堡乡"},{"code":"532627202","name":"旧莫乡"},{"code":"532627203","name":"杨柳井乡"},{"code":"532627204","name":"板蚌乡"},{"code":"532627205","name":"曙光乡"},{"code":"532627206","name":"黑支果乡"},{"code":"532627207","name":"篆角乡"},{"code":"532627208","name":"五珠乡"},{"code":"532627209","name":"者兔乡"},{"code":"532627210","name":"者太乡"},{"code":"532627211","name":"底圩乡"}]