[{"code":"540221100","name":"南木林镇"},{"code":"540221200","name":"普当乡"},{"code":"540221201","name":"仁堆乡"},{"code":"540221202","name":"拉布普乡"},{"code":"540221203","name":"多角乡"},{"code":"540221204","name":"卡孜乡"},{"code":"540221205","name":"土布加乡"},{"code":"540221206","name":"艾玛乡"},{"code":"540221207","name":"奴玛乡"},{"code":"540221208","name":"达孜乡"},{"code":"540221209","name":"索金乡"},{"code":"540221210","name":"茶尔乡"},{"code":"540221211","name":"秋木乡"},{"code":"540221212","name":"达那乡"},{"code":"540221213","name":"芒热乡"},{"code":"540221214","name":"热当乡"},{"code":"540221215","name":"甲措乡"}]