[{"code":"540324100","name":"丁青镇"},{"code":"540324101","name":"尺犊镇"},{"code":"540324200","name":"木塔乡"},{"code":"540324201","name":"布塔乡"},{"code":"540324202","name":"巴达乡"},{"code":"540324203","name":"甘岩乡"},{"code":"540324204","name":"嘎塔乡"},{"code":"540324205","name":"色扎乡"},{"code":"540324206","name":"协雄乡"},{"code":"540324207","name":"桑多乡"},{"code":"540324208","name":"当堆乡"},{"code":"540324209","name":"沙贡乡"},{"code":"540324210","name":"觉恩乡"}]