[{"code":"540325100","name":"烟多镇"},{"code":"540325101","name":"吉塘镇"},{"code":"540325102","name":"香堆镇"},{"code":"540325200","name":"宗沙乡"},{"code":"540325201","name":"肯通乡"},{"code":"540325202","name":"扩达乡"},{"code":"540325203","name":"新卡乡"},{"code":"540325204","name":"王卡乡"},{"code":"540325205","name":"阿孜乡"},{"code":"540325206","name":"巴日乡"},{"code":"540325207","name":"荣周乡"},{"code":"540325208","name":"卡贡乡"},{"code":"540325209","name":"察拉乡"}]