[{"code":"540328100","name":"嘎托镇"},{"code":"540328101","name":"如美镇"},{"code":"540328200","name":"曲孜卡乡"},{"code":"540328201","name":"木许乡"},{"code":"540328202","name":"纳西民族乡"},{"code":"540328203","name":"朱巴龙乡"},{"code":"540328204","name":"曲登乡"},{"code":"540328205","name":"徐中乡"},{"code":"540328206","name":"帮达乡"},{"code":"540328207","name":"戈波乡"},{"code":"540328208","name":"洛尼乡"},{"code":"540328209","name":"措瓦乡"},{"code":"540328210","name":"昂多乡"},{"code":"540328211","name":"宗西乡"},{"code":"540328212","name":"莽岭乡"},{"code":"540328213","name":"索多西乡"}]