[{"code":"610112001","name":"张家堡街道办事处"},{"code":"610112002","name":"三桥街道办事处"},{"code":"610112003","name":"辛家庙街道办事处"},{"code":"610112004","name":"徐家湾街道办事处"},{"code":"610112005","name":"大明宫街道办事处"},{"code":"610112006","name":"谭家街道办事处"},{"code":"610112007","name":"草滩街道办事处"},{"code":"610112008","name":"六村堡街道办事处"},{"code":"610112009","name":"未央宫街道办事处"},{"code":"610112010","name":"汉城街道办事处"},{"code":"610112011","name":"未央湖街道办事处"},{"code":"610112012","name":"建章路街道办事处"}]