[{"code":"610125001","name":"甘亭街道办"},{"code":"610125101","name":"余下镇"},{"code":"610125102","name":"祖庵镇"},{"code":"610125103","name":"秦渡镇"},{"code":"610125104","name":"大王镇"},{"code":"610125105","name":"草堂镇"},{"code":"610125106","name":"蒋村镇"},{"code":"610125107","name":"庞光镇"},{"code":"610125108","name":"涝店镇"},{"code":"610125109","name":"甘河镇"},{"code":"610125110","name":"石井镇"},{"code":"610125111","name":"玉蝉镇"},{"code":"610125112","name":"五竹镇"},{"code":"610125114","name":"渭丰镇"}]