[{"code":"610304001","name":"虢镇街道办事处"},{"code":"610304002","name":"东关街道办事处"},{"code":"610304003","name":"千渭街道办事处"},{"code":"610304101","name":"阳平镇"},{"code":"610304102","name":"千河镇"},{"code":"610304103","name":"磻溪镇"},{"code":"610304104","name":"天王镇"},{"code":"610304105","name":"慕仪镇"},{"code":"610304106","name":"周原镇"},{"code":"610304107","name":"贾村镇"},{"code":"610304109","name":"县功镇"},{"code":"610304110","name":"新街镇"},{"code":"610304111","name":"坪头镇"},{"code":"610304112","name":"香泉镇"},{"code":"610304113","name":"赤沙镇"},{"code":"610304114","name":"拓石镇"},{"code":"610304115","name":"凤阁岭镇"},{"code":"610304116","name":"钓渭镇"}]