[{"code":"610502001","name":"杜桥街道办事处"},{"code":"610502002","name":"人民街道办事处"},{"code":"610502003","name":"解放街道办事处"},{"code":"610502004","name":"向阳街道办事处"},{"code":"610502005","name":"站南街道办事处"},{"code":"610502006","name":"双王街道办事处"},{"code":"610502007","name":"良田街道办事处"},{"code":"610502008","name":"崇业路街道办事处"},{"code":"610502100","name":"桥南镇"},{"code":"610502101","name":"阳郭镇"},{"code":"610502102","name":"故市镇"},{"code":"610502103","name":"下邽镇"},{"code":"610502104","name":"三张镇"},{"code":"610502105","name":"交斜镇"},{"code":"610502106","name":"辛市镇"},{"code":"610502107","name":"崇宁镇"},{"code":"610502108","name":"孝义镇"},{"code":"610502109","name":"吝店镇"},{"code":"610502111","name":"官底镇"},{"code":"610502112","name":"官路镇"},{"code":"610502113","name":"丰原镇"},{"code":"610502114","name":"阎村镇"},{"code":"610502115","name":"龙背镇"},{"code":"610502116","name":"官道镇"}]