[{"code":"610723001","name":"洋州街道办事处"},{"code":"610723002","name":"纸坊街道办事处"},{"code":"610723003","name":"戚氏街道办事处"},{"code":"610723103","name":"龙亭镇"},{"code":"610723104","name":"谢村镇"},{"code":"610723105","name":"马畅镇"},{"code":"610723107","name":"溢水镇"},{"code":"610723108","name":"磨子桥镇"},{"code":"610723109","name":"黄家营镇"},{"code":"610723110","name":"黄安镇"},{"code":"610723111","name":"黄金峡镇"},{"code":"610723112","name":"槐树关镇"},{"code":"610723113","name":"金水镇"},{"code":"610723114","name":"华阳镇"},{"code":"610723115","name":"茅坪镇"},{"code":"610723119","name":"八里关镇"},{"code":"610723120","name":"桑溪镇"},{"code":"610723121","name":"关帝镇"}]