[{"code":"610702001","name":"北关街道办事处"},{"code":"610702002","name":"东大街街道办事处"},{"code":"610702003","name":"汉中路街道办事处"},{"code":"610702004","name":"中山街街道办事处"},{"code":"610702005","name":"东关街道办事处"},{"code":"610702006","name":"鑫源街道办事处"},{"code":"610702008","name":"七里街道办事处"},{"code":"610702009","name":"龙江街道办事处"},{"code":"610702100","name":"铺镇"},{"code":"610702101","name":"武乡镇"},{"code":"610702102","name":"河东店镇"},{"code":"610702104","name":"宗营镇"},{"code":"610702105","name":"老君镇"},{"code":"610702106","name":"汉王镇"},{"code":"610702107","name":"徐望镇"}]