[{"code":"610826100","name":"名州镇"},{"code":"610826101","name":"薛家峁镇"},{"code":"610826102","name":"崔家湾镇"},{"code":"610826103","name":"定仙墕镇"},{"code":"610826104","name":"枣林坪镇"},{"code":"610826105","name":"义合镇"},{"code":"610826106","name":"吉镇"},{"code":"610826107","name":"薛家河镇"},{"code":"610826108","name":"四十铺镇"},{"code":"610826109","name":"石家湾镇"},{"code":"610826110","name":"田庄镇"},{"code":"610826111","name":"中角镇"},{"code":"610826112","name":"满堂川镇"},{"code":"610826113","name":"张家砭镇"},{"code":"610826114","name":"白家硷镇"}]