[{"code":"610902001","name":"老城街道办事处"},{"code":"610902002","name":"新城街道办事处"},{"code":"610902003","name":"江北街道办事处"},{"code":"610902004","name":"建民办事处"},{"code":"610902100","name":"关庙镇"},{"code":"610902101","name":"张滩镇"},{"code":"610902102","name":"瀛湖镇"},{"code":"610902104","name":"五里镇"},{"code":"610902106","name":"大同镇"},{"code":"610902107","name":"恒口镇"},{"code":"610902109","name":"吉河镇"},{"code":"610902110","name":"流水镇"},{"code":"610902111","name":"大竹园镇"},{"code":"610902112","name":"洪山镇"},{"code":"610902114","name":"茨沟镇"},{"code":"610902115","name":"大河镇"},{"code":"610902116","name":"沈坝镇"},{"code":"610902117","name":"双龙镇"},{"code":"610902118","name":"叶坪镇"},{"code":"610902119","name":"中原镇"},{"code":"610902120","name":"县河镇"},{"code":"610902121","name":"紫荆镇"},{"code":"610902122","name":"早阳镇"},{"code":"610902123","name":"关家镇"},{"code":"610902124","name":"石梯镇"},{"code":"610902125","name":"坝河镇"},{"code":"610902128","name":"牛蹄镇"},{"code":"610902130","name":"晏坝镇"},{"code":"610902132","name":"谭坝镇"}]