[{"code":"620121100","name":"城关镇"},{"code":"620121101","name":"红城镇"},{"code":"620121102","name":"中堡镇"},{"code":"620121103","name":"武胜驿镇"},{"code":"620121104","name":"河桥镇"},{"code":"620121105","name":"连城镇"},{"code":"620121106","name":"苦水镇"},{"code":"620121109","name":"大同镇"},{"code":"620121110","name":"龙泉寺镇"},{"code":"620121111","name":"树屏镇"},{"code":"620121112","name":"上川镇"},{"code":"620121113","name":"柳树镇"},{"code":"620121201","name":"坪城乡"},{"code":"620121202","name":"民乐乡"},{"code":"620121203","name":"通远乡"},{"code":"620121204","name":"七山乡"}]