[{"code":"620422100","name":"会师镇"},{"code":"620422101","name":"郭城驿镇"},{"code":"620422102","name":"河畔镇"},{"code":"620422103","name":"头寨子镇"},{"code":"620422104","name":"太平店镇"},{"code":"620422105","name":"甘沟驿镇"},{"code":"620422106","name":"侯家川镇"},{"code":"620422107","name":"柴家门镇"},{"code":"620422108","name":"汉家岔镇"},{"code":"620422109","name":"刘家寨子镇"},{"code":"620422110","name":"白草塬镇"},{"code":"620422111","name":"大沟镇"},{"code":"620422112","name":"四房吴镇"},{"code":"620422113","name":"中川镇"},{"code":"620422114","name":"老君坡镇"},{"code":"620422115","name":"平头川镇"},{"code":"620422116","name":"丁家沟镇"},{"code":"620422117","name":"杨崖集镇"},{"code":"620422118","name":"翟家所镇"},{"code":"620422119","name":"韩家集镇"},{"code":"620422120","name":"土门岘镇"},{"code":"620422121","name":"新塬镇"},{"code":"620422122","name":"草滩镇"},{"code":"620422123","name":"新庄镇"},{"code":"620422202","name":"新添堡回族乡"},{"code":"620422204","name":"党家岘乡"},{"code":"620422213","name":"八里湾乡"},{"code":"620422225","name":"土高山乡"}]