[{"code":"620622100","name":"古浪镇"},{"code":"620622101","name":"泗水镇"},{"code":"620622102","name":"土门镇"},{"code":"620622103","name":"大靖镇"},{"code":"620622104","name":"裴家营镇"},{"code":"620622105","name":"海子滩镇"},{"code":"620622106","name":"定宁镇"},{"code":"620622107","name":"黄羊川镇"},{"code":"620622108","name":"黑松驿镇"},{"code":"620622109","name":"永丰滩镇"},{"code":"620622110","name":"黄花滩镇"},{"code":"620622111","name":"西靖镇"},{"code":"620622203","name":"民权乡"},{"code":"620622204","name":"直滩乡"},{"code":"620622205","name":"新堡乡"},{"code":"620622206","name":"干城乡"},{"code":"620622207","name":"横梁乡"},{"code":"620622208","name":"十八里堡乡"},{"code":"620622209","name":"古丰乡"}]