[{"code":"620623100","name":"华藏寺镇"},{"code":"620623101","name":"打柴沟镇"},{"code":"620623102","name":"安远镇"},{"code":"620623103","name":"炭山岭镇"},{"code":"620623104","name":"哈溪镇"},{"code":"620623105","name":"赛什斯镇"},{"code":"620623106","name":"石门镇"},{"code":"620623107","name":"松山镇"},{"code":"620623108","name":"天堂镇"},{"code":"620623109","name":"朵什镇"},{"code":"620623201","name":"东坪乡"},{"code":"620623202","name":"赛拉隆乡"},{"code":"620623203","name":"东大滩乡"},{"code":"620623204","name":"抓喜秀龙乡"},{"code":"620623205","name":"西大滩乡"},{"code":"620623207","name":"大红沟乡"},{"code":"620623208","name":"毛藏乡"},{"code":"620623209","name":"祁连乡"},{"code":"620623210","name":"旦马乡"},{"code":"620623401","name":"天祝建材厂"},{"code":"620623402","name":"天祝煤电公司"}]