[{"code":"620602001","name":"东大街街道办事处"},{"code":"620602002","name":"西大街街道办事处"},{"code":"620602003","name":"东关街街道办事处"},{"code":"620602004","name":"西关街街道办事处"},{"code":"620602005","name":"火车站街街道办事处"},{"code":"620602006","name":"地质新村街街道办事处"},{"code":"620602007","name":"荣华街街道办事处"},{"code":"620602008","name":"宣武街道办事处"},{"code":"620602009","name":"黄羊河街道办事处"},{"code":"620602100","name":"黄羊镇"},{"code":"620602101","name":"武南镇"},{"code":"620602102","name":"清源镇"},{"code":"620602103","name":"永昌镇"},{"code":"620602104","name":"双城镇"},{"code":"620602105","name":"丰乐镇"},{"code":"620602106","name":"高坝镇"},{"code":"620602107","name":"金羊镇"},{"code":"620602108","name":"和平镇"},{"code":"620602109","name":"羊下坝镇"},{"code":"620602110","name":"中坝镇"},{"code":"620602111","name":"永丰镇"},{"code":"620602112","name":"古城镇"},{"code":"620602113","name":"张义镇"},{"code":"620602114","name":"发放镇"},{"code":"620602115","name":"西营镇"},{"code":"620602116","name":"四坝镇"},{"code":"620602117","name":"洪祥镇"},{"code":"620602118","name":"谢河镇"},{"code":"620602119","name":"金沙镇"},{"code":"620602120","name":"松树镇"},{"code":"620602121","name":"怀安镇"},{"code":"620602122","name":"下双镇"},{"code":"620602123","name":"清水镇"},{"code":"620602124","name":"河东镇"},{"code":"620602200","name":"五和乡"},{"code":"620602201","name":"韩佐乡"},{"code":"620602203","name":"大柳乡"},{"code":"620602204","name":"长城乡"},{"code":"620602206","name":"柏树乡"},{"code":"620602207","name":"金塔乡"},{"code":"620602209","name":"九墩乡"},{"code":"620602211","name":"金山乡"},{"code":"620602213","name":"吴家井乡"},{"code":"620602214","name":"新华乡"},{"code":"620602215","name":"康宁乡"},{"code":"620602216","name":"东河乡"},{"code":"620602400","name":"九墩滩指挥部"},{"code":"620602401","name":"邓马营湖生态建设指挥部"}]