[{"code":"620822001","name":"街道办事处"},{"code":"620822100","name":"中台镇"},{"code":"620822101","name":"邵寨镇"},{"code":"620822102","name":"独店镇"},{"code":"620822103","name":"什字镇"},{"code":"620822104","name":"朝那镇"},{"code":"620822105","name":"西屯镇"},{"code":"620822106","name":"上良镇"},{"code":"620822107","name":"百里镇"},{"code":"620822108","name":"蒲窝镇"},{"code":"620822201","name":"新开乡"},{"code":"620822204","name":"梁原乡"},{"code":"620822205","name":"龙门乡"},{"code":"620822206","name":"星火乡"},{"code":"620822400","name":"万宝川农场"}]