[{"code":"621121100","name":"平襄镇"},{"code":"621121101","name":"马营镇"},{"code":"621121102","name":"鸡川镇"},{"code":"621121103","name":"榜罗镇"},{"code":"621121104","name":"常家河镇"},{"code":"621121105","name":"义岗川镇"},{"code":"621121200","name":"陇阳乡"},{"code":"621121201","name":"陇山乡"},{"code":"621121202","name":"陇川乡"},{"code":"621121203","name":"新景乡"},{"code":"621121204","name":"碧玉乡"},{"code":"621121206","name":"襄南乡"},{"code":"621121207","name":"李家店乡"},{"code":"621121210","name":"什川乡"},{"code":"621121212","name":"第三铺乡"},{"code":"621121214","name":"华家岭乡"},{"code":"621121215","name":"寺子川乡"},{"code":"621121216","name":"北城铺乡"}]