[{"code":"621225100","name":"汉源镇"},{"code":"621225101","name":"长道镇"},{"code":"621225102","name":"何坝镇"},{"code":"621225103","name":"姜席镇"},{"code":"621225104","name":"石峡镇"},{"code":"621225105","name":"洛峪镇"},{"code":"621225106","name":"西峪镇"},{"code":"621225107","name":"马元镇"},{"code":"621225108","name":"大桥镇"},{"code":"621225201","name":"石堡乡"},{"code":"621225203","name":"苏河乡"},{"code":"621225204","name":"卢河乡"},{"code":"621225205","name":"兴隆乡"},{"code":"621225206","name":"稍峪乡"},{"code":"621225208","name":"晒经乡"},{"code":"621225211","name":"十里乡"},{"code":"621225217","name":"蒿林乡"},{"code":"621225218","name":"太石河乡"},{"code":"621225220","name":"六巷乡"},{"code":"621225221","name":"西高山乡"}]