[{"code":"621224100","name":"城关镇"},{"code":"621224101","name":"平洛镇"},{"code":"621224102","name":"大堡镇"},{"code":"621224103","name":"岸门口镇"},{"code":"621224104","name":"两河镇"},{"code":"621224105","name":"长坝镇"},{"code":"621224106","name":"云台镇"},{"code":"621224107","name":"阳坝镇"},{"code":"621224108","name":"王坝镇"},{"code":"621224109","name":"碾坝镇"},{"code":"621224110","name":"豆坝镇"},{"code":"621224111","name":"望关镇"},{"code":"621224112","name":"大南峪镇"},{"code":"621224113","name":"周家坝镇"},{"code":"621224202","name":"寺台乡"},{"code":"621224204","name":"迷坝乡"},{"code":"621224209","name":"店子乡"},{"code":"621224212","name":"白杨乡"},{"code":"621224214","name":"太石乡"},{"code":"621224215","name":"铜钱乡"},{"code":"621224218","name":"三河坝乡"}]