[{"code":"623022100","name":"柳林镇"},{"code":"623022101","name":"木耳镇"},{"code":"623022102","name":"扎古录镇"},{"code":"623022200","name":"纳浪乡"},{"code":"623022201","name":"喀尔钦乡"},{"code":"623022202","name":"刀告乡"},{"code":"623022203","name":"尼巴乡"},{"code":"623022204","name":"完冒乡"},{"code":"623022205","name":"阿子塘乡"},{"code":"623022206","name":"申藏乡"},{"code":"623022207","name":"恰盖乡"},{"code":"623022208","name":"康多乡"},{"code":"623022209","name":"勺哇土族乡"},{"code":"623022210","name":"洮砚乡"},{"code":"623022211","name":"藏巴哇乡"},{"code":"623022400","name":"卓尼县林场"},{"code":"623022401","name":"国营大峪牧场"},{"code":"623022402","name":"国营柏林牧场"}]