[{"code":"623023100","name":"城关镇"},{"code":"623023101","name":"大川镇"},{"code":"623023102","name":"峰迭镇"},{"code":"623023103","name":"立节镇"},{"code":"623023200","name":"曲瓦乡"},{"code":"623023201","name":"巴藏乡"},{"code":"623023202","name":"大峪乡"},{"code":"623023204","name":"憨班乡"},{"code":"623023205","name":"坪定乡"},{"code":"623023206","name":"江盘乡"},{"code":"623023207","name":"东山乡"},{"code":"623023208","name":"南峪乡"},{"code":"623023209","name":"果耶乡"},{"code":"623023210","name":"八楞乡"},{"code":"623023211","name":"武坪乡"},{"code":"623023212","name":"插岗乡"},{"code":"623023213","name":"拱坝乡"},{"code":"623023214","name":"曲告纳乡"},{"code":"623023215","name":"博峪乡"},{"code":"623023400","name":"舟曲县林场"}]