[{"code":"630121100","name":"桥头镇"},{"code":"630121101","name":"城关镇"},{"code":"630121102","name":"塔尔镇"},{"code":"630121103","name":"东峡镇"},{"code":"630121104","name":"黄家寨镇"},{"code":"630121105","name":"长宁镇"},{"code":"630121106","name":"景阳镇"},{"code":"630121107","name":"多林镇"},{"code":"630121108","name":"新庄镇"},{"code":"630121200","name":"青林乡"},{"code":"630121201","name":"青山乡"},{"code":"630121202","name":"逊让乡"},{"code":"630121203","name":"极乐乡"},{"code":"630121204","name":"石山乡"},{"code":"630121205","name":"宝库乡"},{"code":"630121206","name":"斜沟乡"},{"code":"630121207","name":"良教乡"},{"code":"630121208","name":"向化藏族乡"},{"code":"630121209","name":"桦林乡"},{"code":"630121210","name":"朔北藏族乡"}]