[{"code":"632521100","name":"恰卜恰镇"},{"code":"632521101","name":"倒淌河镇"},{"code":"632521102","name":"龙羊峡镇"},{"code":"632521103","name":"塘格木镇"},{"code":"632521200","name":"黑马河乡"},{"code":"632521201","name":"石乃亥乡"},{"code":"632521202","name":"沙珠玉乡"},{"code":"632521203","name":"铁盖乡"},{"code":"632521204","name":"廿地乡"},{"code":"632521205","name":"切吉乡"},{"code":"632521206","name":"江西沟乡"},{"code":"632521401","name":"湖东种羊场"},{"code":"632521402","name":"巴卡台农场"},{"code":"632521403","name":"安置农场"},{"code":"632521404","name":"铁卜加草改站"}]