[{"code":"632701001","name":"结古镇街道办事处"},{"code":"632701002","name":"扎西科街道办事处"},{"code":"632701003","name":"西杭街道办事处"},{"code":"632701004","name":"新寨街道办事处"},{"code":"632701101","name":"隆宝镇"},{"code":"632701102","name":"下拉秀镇"},{"code":"632701200","name":"仲达乡"},{"code":"632701201","name":"巴塘乡"},{"code":"632701202","name":"小苏莽乡"},{"code":"632701203","name":"上拉秀乡"},{"code":"632701204","name":"哈秀乡"},{"code":"632701205","name":"安冲乡"}]