[{"code":"640202001","name":"长胜街道办事处"},{"code":"640202002","name":"朝阳街道办事处"},{"code":"640202003","name":"人民路街道办事处"},{"code":"640202004","name":"长城街道办事处"},{"code":"640202005","name":"青山街道办事处"},{"code":"640202006","name":"石炭井街道办事处"},{"code":"640202007","name":"白芨沟街道办事处"},{"code":"640202008","name":"沟口街道办事处"},{"code":"640202010","name":"长兴街道办事处"},{"code":"640202011","name":"锦林街道办事处"},{"code":"640202100","name":"星海镇"}]