[{"code":"640521100","name":"宁安镇"},{"code":"640521101","name":"鸣沙镇"},{"code":"640521102","name":"石空镇"},{"code":"640521103","name":"新堡镇"},{"code":"640521104","name":"恩和镇"},{"code":"640521105","name":"大战场镇"},{"code":"640521200","name":"舟塔乡"},{"code":"640521201","name":"白马乡"},{"code":"640521202","name":"余丁乡"},{"code":"640521204","name":"喊叫水乡"},{"code":"640521205","name":"徐套乡"},{"code":"640521400","name":"长山头农场"},{"code":"640521401","name":"渠口农场"}]