[{"code":"650521100","name":"巴里坤镇"},{"code":"650521101","name":"博尔羌吉镇"},{"code":"650521102","name":"大河镇"},{"code":"650521103","name":"奎苏镇"},{"code":"650521104","name":"三塘湖镇"},{"code":"650521200","name":"萨尔乔克乡"},{"code":"650521201","name":"海子沿乡"},{"code":"650521202","name":"下涝坝乡"},{"code":"650521205","name":"石人子乡"},{"code":"650521206","name":"花园乡"},{"code":"650521208","name":"大红柳峡乡"},{"code":"650521209","name":"八墙子乡"},{"code":"650521400","name":"良种繁育场"},{"code":"650521401","name":"黄土场开发区"},{"code":"650521500","name":"兵团红山农场"}]