[{"code":"652301001","name":"宁边路办事处"},{"code":"652301002","name":"延安北路办事处"},{"code":"652301003","name":"北京南路办事处"},{"code":"652301004","name":"建国路办事处"},{"code":"652301005","name":"中山路街道办事处"},{"code":"652301006","name":"绿洲路街道办事处"},{"code":"652301100","name":"硫磺沟镇"},{"code":"652301101","name":"三工镇"},{"code":"652301102","name":"榆树沟镇"},{"code":"652301103","name":"二六工镇"},{"code":"652301104","name":"大西渠镇"},{"code":"652301105","name":"六工镇"},{"code":"652301106","name":"滨湖镇"},{"code":"652301107","name":"佃坝镇"},{"code":"652301202","name":"阿什里哈萨克民族乡"},{"code":"652301203","name":"庙尔沟乡"},{"code":"652301400","name":"新疆昌吉国家农业科技园区管理委员会"},{"code":"652301401","name":"昌吉市北部荒漠生态保护管理站"},{"code":"652301402","name":"昌吉国家高新技术产业开发区"},{"code":"652301503","name":"兵团共青团农场"},{"code":"652301504","name":"兵团军户农场"}]