[{"code":"652926100","name":"拜城镇"},{"code":"652926101","name":"铁热克镇"},{"code":"652926102","name":"察尔其镇"},{"code":"652926103","name":"赛里木镇"},{"code":"652926200","name":"黑英山乡"},{"code":"652926201","name":"克孜尔乡"},{"code":"652926203","name":"托克逊乡"},{"code":"652926204","name":"亚吐尔乡"},{"code":"652926205","name":"康其乡"},{"code":"652926206","name":"布隆乡"},{"code":"652926207","name":"米吉克乡"},{"code":"652926208","name":"温巴什乡"},{"code":"652926209","name":"大桥乡"},{"code":"652926210","name":"老虎台乡"},{"code":"652926400","name":"大宛其农场"},{"code":"652926401","name":"种羊场"}]