[{"code":"653101001","name":"恰萨街道办事处"},{"code":"653101002","name":"亚瓦格街道办事处"},{"code":"653101003","name":"吾斯塘博依街道办事处"},{"code":"653101004","name":"库木德尔瓦扎街道办事处"},{"code":"653101100","name":"乃则尔巴格镇"},{"code":"653101101","name":"夏马勒巴格镇"},{"code":"653101202","name":"多来特巴格乡"},{"code":"653101203","name":"浩罕乡"},{"code":"653101204","name":"色满乡"},{"code":"653101205","name":"荒地乡"},{"code":"653101206","name":"帕哈太克里乡"},{"code":"653101207","name":"伯什克然木乡"},{"code":"653101208","name":"阿瓦提乡"},{"code":"653101209","name":"英吾斯坦乡"},{"code":"653101210","name":"阿克喀什乡"}]