[{"code":"653121100","name":"托克扎克镇"},{"code":"653121101","name":"兰干镇"},{"code":"653121102","name":"吾库萨克镇"},{"code":"653121103","name":"乌帕尔镇"},{"code":"653121201","name":"塔什米里克乡"},{"code":"653121202","name":"铁日木乡"},{"code":"653121203","name":"布拉克苏乡"},{"code":"653121204","name":"萨依巴格乡"},{"code":"653121205","name":"站敏乡"},{"code":"653121211","name":"木什乡"},{"code":"653121400","name":"县种畜场"},{"code":"653121401","name":"县园艺场"},{"code":"653121402","name":"县林场"},{"code":"653121403","name":"县良种场"},{"code":"653121404","name":"县英艾力克大畜场"},{"code":"653121406","name":"疏附广州工业城"}]