[{"code":"653224001","name":"城区街道办事处"},{"code":"653224100","name":"洛浦镇"},{"code":"653224101","name":"山普鲁镇"},{"code":"653224201","name":"布亚乡"},{"code":"653224203","name":"恰尔巴格乡"},{"code":"653224204","name":"杭桂乡"},{"code":"653224205","name":"多鲁乡"},{"code":"653224206","name":"纳瓦乡"},{"code":"653224207","name":"拜什托格拉克乡"},{"code":"653224208","name":"阿其克乡"},{"code":"653224401","name":"良种场"},{"code":"653224402","name":"洛浦县北京农业科技示范园区"}]