[{"code":"654021100","name":"吉里于孜镇"},{"code":"654021101","name":"墩麻扎镇"},{"code":"654021102","name":"英塔木镇"},{"code":"654021103","name":"胡地于孜镇"},{"code":"654021104","name":"巴依托海镇"},{"code":"654021201","name":"吐鲁番于孜乡"},{"code":"654021202","name":"喀拉亚尕奇乡"},{"code":"654021203","name":"武功乡"},{"code":"654021204","name":"萨地克于孜乡"},{"code":"654021205","name":"愉群翁回族乡"},{"code":"654021206","name":"阿热吾斯塘乡"},{"code":"654021209","name":"维吾尔玉其温乡"},{"code":"654021210","name":"萨木于孜乡"},{"code":"654021211","name":"喀什乡"},{"code":"654021212","name":"麻扎乡"},{"code":"654021213","name":"温亚尔乡"},{"code":"654021214","name":"阿乌利亚乡"},{"code":"654021215","name":"曲鲁海乡"},{"code":"654021400","name":"青年农场"},{"code":"654021401","name":"多浪农场"},{"code":"654021501","name":"兵团七十团中心团场"}]