[{"code":"654221100","name":"额敏镇"},{"code":"654221101","name":"玉什喀拉苏镇"},{"code":"654221102","name":"杰勒阿尕什镇"},{"code":"654221103","name":"上户镇"},{"code":"654221104","name":"玛热勒苏镇"},{"code":"654221105","name":"喀拉也木勒镇"},{"code":"654221200","name":"郊区乡"},{"code":"654221202","name":"额玛勒郭楞蒙古民族乡"},{"code":"654221207","name":"喇嘛昭乡"},{"code":"654221208","name":"霍吉尔特蒙古民族乡"},{"code":"654221209","name":"二道桥乡"},{"code":"654221400","name":"二支河牧场"},{"code":"654221401","name":"加尔布拉克农场"},{"code":"654221402","name":"阔什比克良种场"},{"code":"654221403","name":"萨尔也木勒牧场"},{"code":"654221404","name":"也木勒牧场"},{"code":"654221405","name":"塔城地区种羊场"},{"code":"654221406","name":"吾宗布拉克牧场"},{"code":"654221505","name":"兵团农九师一六五团"},{"code":"654221506","name":"兵团农九师一六六团"},{"code":"654221507","name":"兵团农九师一六七团"},{"code":"654221508","name":"兵团农九师一六八团"},{"code":"654221511","name":"兵团农九师团结农场"}]