[{"code":"659002001","name":"金银川路街道办事处"},{"code":"659002002","name":"幸福路街道办事处"},{"code":"659002003","name":"青松路街道办事处"},{"code":"659002004","name":"南口街道办事处"},{"code":"659002200","name":"托喀依乡"},{"code":"659002402","name":"工业园区"},{"code":"659002500","name":"兵团七团"},{"code":"659002501","name":"兵团八团"},{"code":"659002503","name":"兵团十团"},{"code":"659002504","name":"兵团十一团"},{"code":"659002505","name":"兵团十二团"},{"code":"659002506","name":"兵团十三团"},{"code":"659002507","name":"兵团十四团"},{"code":"659002509","name":"兵团十六团"},{"code":"659002511","name":"兵团第一师水利水电工程处"},{"code":"659002512","name":"兵团第一师塔里木灌区水利管理处"},{"code":"659002513","name":"阿拉尔农场"},{"code":"659002514","name":"兵团第一师幸福农场"},{"code":"659002515","name":"中心监狱"},{"code":"659002516","name":"兵团一团"},{"code":"659002517","name":"兵团农一师沙井子水利管理处"},{"code":"659002518","name":"西工业园区管理委员会"},{"code":"659002519","name":"兵团二团"},{"code":"659002520","name":"兵团三团"}]