[{"code":"110105023009","name":"丽都社区居委会"},{"code":"110105023015","name":"芳园里社区居委会"},{"code":"110105023016","name":"安家楼社区居委会"},{"code":"110105023017","name":"水岸家园社区居委会"},{"code":"110105023018","name":"将府家园社区居委会"},{"code":"110105023019","name":"梵谷水郡社区居委会"},{"code":"110105023020","name":"瞰都嘉园社区居委会"},{"code":"110105023201","name":"驼房营村委会"},{"code":"110105023202","name":"东八间房村委会"}]