[{"code":"120117107201","name":"西塘坨村委会"},{"code":"120117107202","name":"东塘坨村委会"},{"code":"120117107203","name":"老安淀村委会"},{"code":"120117107204","name":"纪庄子村委会"},{"code":"120117107205","name":"西孙庄村委会"},{"code":"120117107206","name":"西杨庄村委会"},{"code":"120117107207","name":"潘庄村委会"},{"code":"120117107208","name":"小南庄村委会"},{"code":"120117107209","name":"大贾庄村委会"},{"code":"120117107210","name":"大龙湾村委会"},{"code":"120117107211","name":"齐心庄村委会"},{"code":"120117107212","name":"朱头淀东台村委会"},{"code":"120117107213","name":"朱头淀中台村委会"},{"code":"120117107214","name":"朱头淀西台村委会"},{"code":"120117107215","name":"王庄子村委会"},{"code":"120117107216","name":"白庙村委会"},{"code":"120117107217","name":"杨建庄村委会"}]