[{"code":"120119119201","name":"马村村委会"},{"code":"120119119202","name":"刘村村委会"},{"code":"120119119203","name":"仇新庄村委会"},{"code":"120119119204","name":"大漫河村委会"},{"code":"120119119205","name":"小漫河村委会"},{"code":"120119119206","name":"黄津庄村委会"},{"code":"120119119207","name":"大扈驾庄村委会"},{"code":"120119119208","name":"杨津庄村委会"},{"code":"120119119209","name":"马庄村委会"},{"code":"120119119210","name":"张其林村委会"},{"code":"120119119211","name":"王家浅村委会"},{"code":"120119119212","name":"干将庄村委会"},{"code":"120119119213","name":"马龙港村委会"},{"code":"120119119214","name":"莫家庄村委会"},{"code":"120119119215","name":"渔津庄村委会"},{"code":"120119119216","name":"韩庄村委会"},{"code":"120119119217","name":"张家园村委会"},{"code":"120119119218","name":"司庄子村委会"},{"code":"120119119219","name":"大保安镇村委会"},{"code":"120119119220","name":"北赵庄村委会"},{"code":"120119119221","name":"八蜡庙村委会"},{"code":"120119119222","name":"北鲁庄子村委会"},{"code":"120119119223","name":"霍苏庄村委会"},{"code":"120119119224","name":"小扈驾庄村委会"},{"code":"120119119225","name":"杨公庄村委会"},{"code":"120119119226","name":"代庄子村委会"},{"code":"120119119227","name":"半壁店村委会"},{"code":"120119119228","name":"秦庄子村委会"},{"code":"120119119229","name":"姜庄子村委会"},{"code":"120119119230","name":"六道街村委会"},{"code":"120119119231","name":"下古庄村委会"},{"code":"120119119232","name":"十棵树村委会"},{"code":"120119119233","name":"东梁庄村委会"},{"code":"120119119234","name":"金水庄村委会"},{"code":"120119119235","name":"公白庄村委会"},{"code":"120119119236","name":"西三道港村委会"},{"code":"120119119237","name":"东三道港村委会"},{"code":"120119119238","name":"金苏庄村委会"},{"code":"120119119239","name":"大苏庄村委会"},{"code":"120119119240","name":"东芦庄村委会"},{"code":"120119119241","name":"陈庄村委会"},{"code":"120119119242","name":"大胡庄村委会"},{"code":"120119119243","name":"黄土坎村委会"},{"code":"120119119244","name":"宗庄子村委会"},{"code":"120119119245","name":"八间房村委会"},{"code":"120119119246","name":"蒙福庄村委会"},{"code":"120119119247","name":"富民庄村委会"},{"code":"120119119248","name":"年余谷村委会"},{"code":"120119119249","name":"钱赵庄村委会"},{"code":"120119119250","name":"大堼上村委会"},{"code":"120119119251","name":"杨相公庄村委会"},{"code":"120119119252","name":"大周庄村委会"}]