[{"code":"130125100001","name":"东街居委会"},{"code":"130125100002","name":"西街居委会"},{"code":"130125100003","name":"南街居委会"},{"code":"130125100004","name":"北街居委会"},{"code":"130125100005","name":"顺城街居委会"},{"code":"130125100006","name":"西关居委会"},{"code":"130125100007","name":"南关居委会"},{"code":"130125100008","name":"北关居委会"},{"code":"130125100209","name":"庄头村委会"},{"code":"130125100210","name":"马凹村委会"},{"code":"130125100211","name":"花园头村委会"},{"code":"130125100212","name":"韩家庄村委会"},{"code":"130125100213","name":"坟台村委会"},{"code":"130125100214","name":"柴家庄村委会"},{"code":"130125100215","name":"西羊同村委会"},{"code":"130125100216","name":"南羊同村委会"},{"code":"130125100217","name":"北羊同村委会"},{"code":"130125100218","name":"高七里峰村委会"},{"code":"130125100219","name":"李七里峰村委会"},{"code":"130125100220","name":"赵七里峰村委会"},{"code":"130125100221","name":"刘七里峰村委会"},{"code":"130125100222","name":"王七里峰村委会"},{"code":"130125100223","name":"程段庄村委会"},{"code":"130125100224","name":"石段庄村委会"},{"code":"130125100225","name":"杨段庄村委会"},{"code":"130125100226","name":"故庄村委会"},{"code":"130125100227","name":"齐村村委会"},{"code":"130125100228","name":"南贾素村委会"},{"code":"130125100229","name":"东庄村委会"},{"code":"130125100230","name":"西庄村委会"},{"code":"130125100231","name":"解家庄村委会"},{"code":"130125100232","name":"六十二庄村委会"},{"code":"130125100233","name":"贾木村委会"}]