[{"code":"130225102204","name":"东走村委会"},{"code":"130225102205","name":"西走村委会"},{"code":"130225102206","name":"木一村委会"},{"code":"130225102207","name":"木二村委会"},{"code":"130225102208","name":"木三村委会"},{"code":"130225102209","name":"木四村委会"},{"code":"130225102210","name":"蛤蜊查村委会"},{"code":"130225102213","name":"东黄村委会"},{"code":"130225102214","name":"西黄村委会"},{"code":"130225102216","name":"大黑坨村委会"},{"code":"130225102218","name":"于家寨村委会"},{"code":"130225102219","name":"暑里村委会"},{"code":"130225102222","name":"黄庄村委会"},{"code":"130225102223","name":"李庄村委会"},{"code":"130225102226","name":"杜小口村委会"},{"code":"130225102227","name":"富各庄村委会"},{"code":"130225102231","name":"南寨村委会"},{"code":"130225102233","name":"胡家坨村委会"},{"code":"130225102234","name":"港东村委会"},{"code":"130225102235","name":"北黄村委会"},{"code":"130225102236","name":"高家铺村委会"},{"code":"130225102237","name":"将军坨村委会"},{"code":"130225102238","name":"泗沟港村委会"},{"code":"130225102239","name":"孙马庄村委会"}]