[{"code":"130429213201","name":"西阳城村委会"},{"code":"130429213202","name":"东阳城村委会"},{"code":"130429213203","name":"南阳城村委会"},{"code":"130429213204","name":"北阳城村委会"},{"code":"130429213205","name":"代庄村委会"},{"code":"130429213206","name":"通头村委会"},{"code":"130429213207","name":"郝庄村委会"},{"code":"130429213208","name":"邓上村委会"},{"code":"130429213209","name":"邓底村委会"},{"code":"130429213210","name":"西辛庄村委会"},{"code":"130429213211","name":"尚庄村委会"}]