[{"code":"130406100002","name":"建材厂社区居委会"},{"code":"130406100042","name":"铁北社区居委会"},{"code":"130406100064","name":"通顺社区居委会"},{"code":"130406100065","name":"泉头社区居委会"},{"code":"130406100066","name":"九龙社区居委会"},{"code":"130406100201","name":"临水村委会"},{"code":"130406100209","name":"西清流村委会"},{"code":"130406100210","name":"中清流村委会"},{"code":"130406100211","name":"西泉头村委会"},{"code":"130406100212","name":"清泉村委会"},{"code":"130406100213","name":"东泉头村委会"},{"code":"130406100214","name":"东清流村委会"},{"code":"130406100215","name":"北留旺村委会"}]