[{"code":"130522101201","name":"东镇村委会"},{"code":"130522101202","name":"西镇东村委会"},{"code":"130522101203","name":"西镇西村委会"},{"code":"130522101204","name":"张家镇村委会"},{"code":"130522101205","name":"吕家镇村委会"},{"code":"130522101206","name":"古鲁营东村委会"},{"code":"130522101207","name":"古鲁营西村委会"},{"code":"130522101208","name":"东羊泉村委会"},{"code":"130522101209","name":"中羊泉东村委会"},{"code":"130522101210","name":"中羊泉西村委会"},{"code":"130522101211","name":"西羊泉村委会"},{"code":"130522101212","name":"上庄头村委会"},{"code":"130522101213","name":"后留村村委会"},{"code":"130522101214","name":"前留村村委会"},{"code":"130522101215","name":"北孟村村委会"},{"code":"130522101216","name":"南孟村村委会"},{"code":"130522101217","name":"西孟村村委会"}]