[{"code":"130521111201","name":"浆水村委会"},{"code":"130521111202","name":"栗树坪村委会"},{"code":"130521111203","name":"八里丈村委会"},{"code":"130521111204","name":"营房台村委会"},{"code":"130521111205","name":"坡子峪村委会"},{"code":"130521111206","name":"水门村委会"},{"code":"130521111207","name":"南口村委会"},{"code":"130521111208","name":"寨上村委会"},{"code":"130521111209","name":"寨沟村委会"},{"code":"130521111210","name":"河东村委会"},{"code":"130521111211","name":"安庄村委会"},{"code":"130521111212","name":"李官庄村委会"},{"code":"130521111213","name":"大寨村委会"},{"code":"130521111214","name":"后南峪村委会"},{"code":"130521111215","name":"下店村委会"},{"code":"130521111216","name":"冯家沟村委会"},{"code":"130521111217","name":"宋家峪村委会"},{"code":"130521111218","name":"川林村委会"},{"code":"130521111219","name":"马兰村委会"},{"code":"130521111220","name":"珍珠套村委会"},{"code":"130521111221","name":"吕家庄村委会"},{"code":"130521111222","name":"朝子村委会"},{"code":"130521111223","name":"坪上村委会"},{"code":"130521111224","name":"安上村委会"},{"code":"130521111225","name":"贾庄村委会"},{"code":"130521111226","name":"清沙坪村委会"},{"code":"130521111227","name":"滑子村委会"},{"code":"130521111228","name":"翟沟村委会"},{"code":"130521111229","name":"翟沟门村委会"},{"code":"130521111230","name":"前棉花沟村委会"},{"code":"130521111231","name":"后棉花沟村委会"},{"code":"130521111232","name":"前掌村委会"},{"code":"130521111233","name":"后掌村委会"},{"code":"130521111234","name":"石善村委会"},{"code":"130521111235","name":"西枣园村委会"},{"code":"130521111236","name":"关帝峪村委会"},{"code":"130521111237","name":"前禅房村委会"},{"code":"130521111238","name":"后禅房村委会"},{"code":"130521111239","name":"夫子岗村委会"},{"code":"130521111240","name":"峪口村委会"},{"code":"130521111241","name":"大河村委会"},{"code":"130521111242","name":"前补透村委会"},{"code":"130521111243","name":"后补透村委会"},{"code":"130521111244","name":"香炉寨村委会"},{"code":"130521111245","name":"菜树沟村委会"},{"code":"130521111246","name":"上寺村委会"},{"code":"130521111247","name":"下寺村委会"},{"code":"130521111248","name":"南寺沟村委会"},{"code":"130521111249","name":"下湾村委会"},{"code":"130521111250","name":"白杨沟村委会"},{"code":"130521111251","name":"前南峪村委会"}]