[{"code":"130532101201","name":"学前铺村委会"},{"code":"130532101202","name":"柴口村委会"},{"code":"130532101203","name":"北门村委会"},{"code":"130532101204","name":"小西门村委会"},{"code":"130532101205","name":"大西门村委会"},{"code":"130532101206","name":"南门村委会"},{"code":"130532101207","name":"大东门村委会"},{"code":"130532101208","name":"大东关村委会"},{"code":"130532101209","name":"小东门村委会"},{"code":"130532101210","name":"南董庄村委会"},{"code":"130532101211","name":"南王庄村委会"},{"code":"130532101212","name":"西阎庄村委会"},{"code":"130532101213","name":"南柴村村委会"},{"code":"130532101214","name":"北柴村村委会"},{"code":"130532101215","name":"西庄村委会"},{"code":"130532101216","name":"麻头寨村委会"},{"code":"130532101217","name":"东辛寨村委会"},{"code":"130532101218","name":"西辛寨村委会"},{"code":"130532101219","name":"西徐庄村委会"},{"code":"130532101220","name":"于柳庄村委会"},{"code":"130532101221","name":"李庄村委会"},{"code":"130532101222","name":"南崔庄村委会"},{"code":"130532101223","name":"齐庄村委会"},{"code":"130532101224","name":"焦家庄村委会"},{"code":"130532101225","name":"周庄村委会"},{"code":"130532101226","name":"史庄村委会"},{"code":"130532101227","name":"张桥村委会"},{"code":"130532101228","name":"小章村村委会"},{"code":"130532101229","name":"霍林寨村委会"},{"code":"130532101230","name":"谢庄村委会"},{"code":"130532101231","name":"东阎庄村委会"},{"code":"130532101232","name":"晁庄村委会"},{"code":"130532101233","name":"东郭桥村委会"},{"code":"130532101234","name":"西郭桥村委会"},{"code":"130532101235","name":"郭庄村委会"},{"code":"130532101236","name":"东李庄村委会"},{"code":"130532101237","name":"东徐庄村委会"},{"code":"130532101238","name":"吉曹庄村委会"},{"code":"130532101239","name":"大横头村委会"},{"code":"130532101240","name":"袁横头村委会"},{"code":"130532101241","name":"夏庄桥村委会"},{"code":"130532101242","name":"张庄村委会"}]