[{"code":"130523205201","name":"侯家庄村委会"},{"code":"130523205202","name":"白草坪村委会"},{"code":"130523205203","name":"云大沟村委会"},{"code":"130523205204","name":"小云大村委会"},{"code":"130523205205","name":"岭头村委会"},{"code":"130523205206","name":"云大村委会"},{"code":"130523205207","name":"摩天岭村委会"},{"code":"130523205208","name":"界子口村委会"},{"code":"130523205209","name":"小西村委会"},{"code":"130523205210","name":"乔家庄村委会"},{"code":"130523205211","name":"羊峪村委会"},{"code":"130523205212","name":"富岗山庄村委会"},{"code":"130523205213","name":"白塔村委会"},{"code":"130523205214","name":"酸枣坪村委会"},{"code":"130523205215","name":"杏峪村委会"},{"code":"130523205216","name":"张北洼村委会"},{"code":"130523205217","name":"小岭底村委会"},{"code":"130523205218","name":"坪头铺村委会"},{"code":"130523205219","name":"石坡嘴村委会"},{"code":"130523205220","name":"唐家村村委会"},{"code":"130523205221","name":"桃园村委会"},{"code":"130523205222","name":"七里会村委会"},{"code":"130523205223","name":"行家峪村委会"},{"code":"130523205224","name":"槲树滩村委会"},{"code":"130523205225","name":"潘家庄村委会"},{"code":"130523205226","name":"天井村委会"},{"code":"130523205227","name":"大鹅石村委会"},{"code":"130523205228","name":"招乜村委会"},{"code":"130523205229","name":"庄和村委会"},{"code":"130523205230","name":"孟家坪村委会"},{"code":"130523205231","name":"西台村委会"},{"code":"130523205232","name":"白鹿角村委会"},{"code":"130523205233","name":"鹿峪村委会"},{"code":"130523205234","name":"九宅会村委会"},{"code":"130523205235","name":"马达村委会"}]