[{"code":"130623207200","name":"胡家庄村村委会"},{"code":"130623207201","name":"富位村村委会"},{"code":"130623207202","name":"永乐村村委会"},{"code":"130623207203","name":"南辛庄村村委会"},{"code":"130623207204","name":"南汝河村村委会"},{"code":"130623207205","name":"北汝河村村委会"},{"code":"130623207206","name":"姜各庄村村委会"},{"code":"130623207207","name":"东文泉村村委会"},{"code":"130623207208","name":"西武泉村村委会"},{"code":"130623207209","name":"王各庄村村委会"}]