[{"code":"130634203200","name":"东孝墓村村委会"},{"code":"130634203201","name":"西孝墓村村委会"},{"code":"130634203202","name":"南孝墓村村委会"},{"code":"130634203203","name":"北孝墓村村委会"},{"code":"130634203204","name":"中孝墓村村委会"},{"code":"130634203205","name":"柳树沟村村委会"},{"code":"130634203206","name":"孙家庄村村委会"},{"code":"130634203207","name":"小东庄村村委会"},{"code":"130634203208","name":"北南庄村村委会"},{"code":"130634203209","name":"南青阳贯村村委会"},{"code":"130634203210","name":"北青阳贯村村委会"},{"code":"130634203211","name":"东口南村村委会"},{"code":"130634203212","name":"西口南村村委会"},{"code":"130634203213","name":"后洞子村村委会"},{"code":"130634203214","name":"李家洼村村委会"},{"code":"130634203215","name":"孙砂候村村委会"},{"code":"130634203216","name":"段砂候村村委会"},{"code":"130634203217","name":"杨砂候村村委会"},{"code":"130634203218","name":"候家沟村村委会"},{"code":"130634203219","name":"郭家店村村委会"},{"code":"130634203220","name":"下庄尔村村委会"},{"code":"130634203221","name":"上庄尔村村委会"},{"code":"130634203222","name":"岭尔上村村委会"},{"code":"130634203223","name":"耳朵山村村委会"},{"code":"130634203224","name":"东沟里村村委会"}]