[{"code":"130633207200","name":"凌云册村村委会"},{"code":"130633207201","name":"解村村委会"},{"code":"130633207202","name":"周任村村委会"},{"code":"130633207203","name":"龙湾头村村委会"},{"code":"130633207204","name":"西牛村村委会"},{"code":"130633207205","name":"北韩村村委会"},{"code":"130633207206","name":"西韩村村委会"},{"code":"130633207207","name":"东韩村村委会"},{"code":"130633207208","name":"南韩村村委会"},{"code":"130633207209","name":"涞山村村委会"},{"code":"130633207210","name":"贾庄村村委会"},{"code":"130633207211","name":"太平庄村村委会"},{"code":"130633207212","name":"辛庄村村委会"},{"code":"130633207213","name":"东东邵村村委会"},{"code":"130633207214","name":"中东邵村村委会"},{"code":"130633207215","name":"新东邵村村委会"},{"code":"130633207216","name":"大巨村村委会"},{"code":"130633207217","name":"大方村村委会"},{"code":"130633207218","name":"黄山村村委会"}]