[{"code":"130608100001","name":"新兴居委会"},{"code":"130608100002","name":"永春居委会"},{"code":"130608100003","name":"东城区居委会"},{"code":"130608100004","name":"西城区居委会"},{"code":"130608100005","name":"红星居委会"},{"code":"130608100006","name":"兴苑居委会"},{"code":"130608100007","name":"阳光新城社区居委会"},{"code":"130608100008","name":"旭升华庭社区居委会"},{"code":"130608100009","name":"和谐社区居委会"},{"code":"130608100200","name":"南大冉一村村委会"},{"code":"130608100201","name":"南大冉二村村委会"},{"code":"130608100202","name":"南大冉三村村委会"},{"code":"130608100203","name":"南大冉四村村委会"},{"code":"130608100204","name":"北大冉村村委会"},{"code":"130608100205","name":"大福村村委会"},{"code":"130608100206","name":"西福村村委会"},{"code":"130608100207","name":"东顾庄村村委会"},{"code":"130608100208","name":"吴家辛村村委会"},{"code":"130608100209","name":"中冉村村委会"},{"code":"130608100210","name":"中冉屯村村委会"},{"code":"130608100211","name":"腾庄村村委会"},{"code":"130608100212","name":"郎庄村村委会"},{"code":"130608100213","name":"赵庄村村委会"},{"code":"130608100214","name":"西杨庄村村委会"}]