[{"code":"130632103200","name":"东堤村委会"},{"code":"130632103201","name":"东淀头村委会"},{"code":"130632103202","name":"大淀头村委会"},{"code":"130632103203","name":"西淀头村委会"},{"code":"130632103204","name":"马堡村委会"},{"code":"130632103205","name":"中后街村委会"},{"code":"130632103206","name":"大河南村委会"},{"code":"130632103207","name":"西前街村委会"},{"code":"130632103208","name":"西堤村委会"},{"code":"130632103209","name":"边村村委会"},{"code":"130632103210","name":"马村村委会"},{"code":"130632103211","name":"马家寨村委会"},{"code":"130632103212","name":"寨南村委会"},{"code":"130632103213","name":"东李庄村委会"},{"code":"130632103214","name":"西李庄村委会"},{"code":"130632103215","name":"关城一村村委会"},{"code":"130632103216","name":"关城二村村委会"},{"code":"130632103217","name":"关城三村村委会"},{"code":"130632103218","name":"关城四村村委会"},{"code":"130632103219","name":"东垒头村委会"},{"code":"130632103220","name":"西垒头村委会"}]