[{"code":"130635107200","name":"南庄村委会"},{"code":"130635107201","name":"东魏村委会"},{"code":"130635107202","name":"永兴庄村委会"},{"code":"130635107203","name":"南陈村委会"},{"code":"130635107204","name":"堤内陈村委会"},{"code":"130635107205","name":"宋岗村委会"},{"code":"130635107206","name":"蔺岗村委会"},{"code":"130635107207","name":"滑岗村委会"},{"code":"130635107208","name":"刘町村委会"},{"code":"130635107209","name":"芦庄村委会"},{"code":"130635107210","name":"张刘庄村委会"},{"code":"130635107211","name":"南高晃村委会"},{"code":"130635107212","name":"东柳青村委会"},{"code":"130635107213","name":"薛家庄村委会"},{"code":"130635107214","name":"郑家庄村委会"},{"code":"130635107215","name":"道西村委会"},{"code":"130635107216","name":"许村委会"},{"code":"130635107217","name":"后刘市村委会"},{"code":"130635107218","name":"前刘市村委会"},{"code":"130635107219","name":"五坊村委会"},{"code":"130635107220","name":"洪善堡村委会"},{"code":"130635107221","name":"符家佐村委会"},{"code":"130635107222","name":"南刘佐村委会"},{"code":"130635107223","name":"中刘佐村委会"},{"code":"130635107224","name":"北刘佐村委会"},{"code":"130635107225","name":"齐村委会"},{"code":"130635107226","name":"林里村委会"}]