[{"code":"130609204200","name":"解村村委会"},{"code":"130609204201","name":"西樊村村委会"},{"code":"130609204202","name":"东樊村村委会"},{"code":"130609204203","name":"北樊村村委会"},{"code":"130609204204","name":"新农村村委会"},{"code":"130609204205","name":"太合庄村委会"},{"code":"130609204206","name":"屯里村委会"},{"code":"130609204207","name":"贾庄村委会"},{"code":"130609204208","name":"向阳村委会"},{"code":"130609204209","name":"杨家峪村委会"},{"code":"130609204210","name":"椿木峪村委会"},{"code":"130609204211","name":"新乡村村委会"}]