[{"code":"130828107201","name":"腰站村委会"},{"code":"130828107202","name":"边墙山村委会"},{"code":"130828107203","name":"碑亭子村委会"},{"code":"130828107204","name":"乌拉沟村委会"},{"code":"130828107205","name":"榆木沟村委会"},{"code":"130828107206","name":"下三合义村委会"},{"code":"130828107207","name":"上三合义村委会"},{"code":"130828107208","name":"永合栈村委会"},{"code":"130828107209","name":"永北村委会"},{"code":"130828107210","name":"六合店村委会"},{"code":"130828107211","name":"画山村委会"},{"code":"130828107212","name":"水泉村委会"},{"code":"130828107213","name":"五家村委会"},{"code":"130828107214","name":"左家店村委会"},{"code":"130828107215","name":"正沟村委会"},{"code":"130828107216","name":"清泉村委会"},{"code":"130828107217","name":"根菜沟村委会"}]