[{"code":"130803200201","name":"陈栅子村委会"},{"code":"130803200202","name":"化育沟村委会"},{"code":"130803200203","name":"太阳沟村委会"},{"code":"130803200204","name":"二兴营村委会"},{"code":"130803200205","name":"南塔子沟村委会"},{"code":"130803200206","name":"娘娘沟村委会"},{"code":"130803200207","name":"河南营村委会"},{"code":"130803200208","name":"南山根村委会"},{"code":"130803200209","name":"大栅子村委会"},{"code":"130803200210","name":"黄梁村委会"}]