[{"code":"130823209201","name":"松树台村委会"},{"code":"130823209204","name":"营子村委会"},{"code":"130823209205","name":"苏杖子社区村委会"},{"code":"130823209208","name":"闫杖子村委会"},{"code":"130823209209","name":"西梁村委会"},{"code":"130823209211","name":"老道洼村委会"},{"code":"130823209214","name":"古山子社区村委会"},{"code":"130823209215","name":"田杖子村委会"},{"code":"130823209217","name":"东窝铺村委会"},{"code":"130823209218","name":"中心村委会"},{"code":"130823209219","name":"三合村委会"}]