[{"code":"130927201201","name":"刘八里村委会"},{"code":"130927201202","name":"杨庄村委会"},{"code":"130927201203","name":"前七里村委会"},{"code":"130927201204","name":"后七里村委会"},{"code":"130927201205","name":"付庄村委会"},{"code":"130927201206","name":"李八里村委会"},{"code":"130927201207","name":"高八里村委会"},{"code":"130927201208","name":"张盘古村委会"},{"code":"130927201209","name":"义和庄村委会"},{"code":"130927201210","name":"毕剪子村委会"},{"code":"130927201211","name":"南邢庄村委会"},{"code":"130927201212","name":"十二里口村委会"},{"code":"130927201213","name":"周八里村委会"},{"code":"130927201214","name":"赵监生村委会"},{"code":"130927201215","name":"双庙村委会"},{"code":"130927201216","name":"吕家村委会"},{"code":"130927201217","name":"刘秀才村委会"},{"code":"130927201218","name":"赵庄村委会"},{"code":"130927201219","name":"代庄村委会"},{"code":"130927201220","name":"东三里村委会"},{"code":"130927201221","name":"尹官屯村委会"},{"code":"130927201222","name":"李家庵村委会"},{"code":"130927201223","name":"王三家村委会"},{"code":"130927201224","name":"许庄村委会"},{"code":"130927201225","name":"林庄村委会"},{"code":"130927201226","name":"张庄村委会"},{"code":"130927201227","name":"刘显吾村委会"},{"code":"130927201228","name":"侯庄村委会"},{"code":"130927201229","name":"八里台村委会"},{"code":"130927201230","name":"南王庄村委会"},{"code":"130927201231","name":"西邱庄村委会"},{"code":"130927201232","name":"汤老家村委会"},{"code":"130927201233","name":"王桥村委会"},{"code":"130927201234","name":"向阳村委会"},{"code":"130927201235","name":"小吴家村委会"},{"code":"130927201236","name":"刘和睦村委会"}]