[{"code":"130926105201","name":"南答村委会"},{"code":"130926105202","name":"南河东村委会"},{"code":"130926105203","name":"北李庄村委会"},{"code":"130926105204","name":"西南庄村委会"},{"code":"130926105205","name":"师素村村委会"},{"code":"130926105206","name":"东答村委会"},{"code":"130926105207","name":"北答村委会"},{"code":"130926105208","name":"武庄村委会"},{"code":"130926105209","name":"东王村村委会"},{"code":"130926105210","name":"中王村村委会"},{"code":"130926105211","name":"西王村村委会"},{"code":"130926105212","name":"南王村村委会"},{"code":"130926105213","name":"东谈论村委会"},{"code":"130926105214","name":"西谈论村委会"},{"code":"130926105215","name":"西宋家庄村委会"},{"code":"130926105216","name":"海市村委会"},{"code":"130926105217","name":"许疃村委会"},{"code":"130926105218","name":"南李庄村委会"},{"code":"130926105219","name":"西芝兰村委会"},{"code":"130926105220","name":"寺上村委会"},{"code":"130926105221","name":"曲吕一分村村委会"},{"code":"130926105222","name":"曲吕三分村村委会"},{"code":"130926105223","name":"务胜口河东村委会"},{"code":"130926105224","name":"务胜口河西村委会"},{"code":"130926105225","name":"子由口村委会"},{"code":"130926105226","name":"前堤村委会"},{"code":"130926105227","name":"后堤村委会"}]