[{"code":"130921101201","name":"余庆屯村委会"},{"code":"130921101202","name":"小傅庄村委会"},{"code":"130921101203","name":"后罗屯村委会"},{"code":"130921101204","name":"前罗屯村委会"},{"code":"130921101205","name":"宋官屯村委会"},{"code":"130921101206","name":"陆官屯村委会"},{"code":"130921101207","name":"南堤村委会"},{"code":"130921101208","name":"小王官村委会"},{"code":"130921101209","name":"大王官村委会"},{"code":"130921101210","name":"小鲁庄村委会"},{"code":"130921101211","name":"东槐庄村委会"},{"code":"130921101212","name":"港西村委会"},{"code":"130921101213","name":"町疃村委会"},{"code":"130921101214","name":"顺昌屯村委会"},{"code":"130921101215","name":"广昌屯村委会"},{"code":"130921101216","name":"寺庄村委会"},{"code":"130921101217","name":"东姜庄村委会"},{"code":"130921101218","name":"西姜庄村委会"},{"code":"130921101219","name":"北桃杏村委会"},{"code":"130921101220","name":"南桃杏村委会"},{"code":"130921101221","name":"赵庄子村委会"},{"code":"130921101222","name":"兴旺庄村委会"},{"code":"130921101223","name":"小吕庄村委会"},{"code":"130921101224","name":"北街村委会"},{"code":"130921101225","name":"民主街村委会"},{"code":"130921101226","name":"建国街村委会"},{"code":"130921101227","name":"南街村委会"}]