[{"code":"131028101201","name":"祁屯村委会"},{"code":"131028101202","name":"夏垫村委会"},{"code":"131028101203","name":"兴隆庄村委会"},{"code":"131028101204","name":"东庄村委会"},{"code":"131028101205","name":"北太平庄村委会"},{"code":"131028101206","name":"大棋盘村委会"},{"code":"131028101207","name":"小棋盘村委会"},{"code":"131028101208","name":"小定府村委会"},{"code":"131028101209","name":"永太辛庄村委会"},{"code":"131028101210","name":"北王庄村委会"},{"code":"131028101211","name":"潘各庄村委会"},{"code":"131028101212","name":"北贾各庄村委会"},{"code":"131028101213","name":"二里半村委会"},{"code":"131028101214","name":"北坞一村村委会"},{"code":"131028101215","name":"北坞二村村委会"},{"code":"131028101216","name":"北坞三村村委会"},{"code":"131028101217","name":"北坞四村村委会"},{"code":"131028101218","name":"东小屯村委会"},{"code":"131028101219","name":"马坊村委会"},{"code":"131028101220","name":"南寺头村委会"},{"code":"131028101221","name":"陈辛庄村委会"},{"code":"131028101222","name":"土营村委会"},{"code":"131028101223","name":"南王庄村委会"},{"code":"131028101224","name":"褚各庄村委会"},{"code":"131028101225","name":"韩家府村委会"},{"code":"131028101226","name":"苇子庄村委会"},{"code":"131028101227","name":"赵沟子村委会"},{"code":"131028101228","name":"芮屯村委会"},{"code":"131028101229","name":"毛厂村委会"},{"code":"131028101230","name":"王果子村委会"}]