[{"code":"131002102201","name":"边坟村委会"},{"code":"131002102202","name":"豆佃窑村委会"},{"code":"131002102203","name":"六百地村委会"},{"code":"131002102204","name":"杨家场村委会"},{"code":"131002102205","name":"孟坟村委会"},{"code":"131002102206","name":"于堤村委会"},{"code":"131002102207","name":"葛渔城南街村委会"},{"code":"131002102208","name":"葛渔城西街村委会"},{"code":"131002102209","name":"葛渔城北街村委会"},{"code":"131002102210","name":"葛渔城东街村委会"},{"code":"131002102211","name":"木口南街村委会"},{"code":"131002102212","name":"木口北街村委会"},{"code":"131002102213","name":"新立村村委会"},{"code":"131002102214","name":"唐坟村委会"},{"code":"131002102215","name":"班窑村委会"},{"code":"131002102216","name":"冀民屯村委会"},{"code":"131002102217","name":"苏窑村委会"},{"code":"131002102218","name":"杜场村委会"},{"code":"131002102219","name":"马柳村委会"},{"code":"131002102220","name":"霍场村委会"},{"code":"131002102221","name":"卢家堡村委会"},{"code":"131002102222","name":"黄漕村委会"},{"code":"131002102223","name":"景尔头村委会"},{"code":"131002102224","name":"老堤头村委会"},{"code":"131002102225","name":"段家场村委会"},{"code":"131002102226","name":"张家场村委会"},{"code":"131002102227","name":"小马场村委会"},{"code":"131002102228","name":"蔺家场村委会"},{"code":"131002102229","name":"南堤村委会"},{"code":"131002102230","name":"孙坨村委会"},{"code":"131002102231","name":"佟庄村委会"},{"code":"131002102232","name":"张坨村委会"},{"code":"131002102233","name":"九家堡村委会"},{"code":"131002102234","name":"郭场村委会"},{"code":"131002102235","name":"下官村村委会"},{"code":"131002102236","name":"辛庄子村委会"}]