[{"code":"131121107201","name":"恩录村委会"},{"code":"131121107202","name":"王新屯村委会"},{"code":"131121107203","name":"张吕卷村委会"},{"code":"131121107204","name":"孙家庄村委会"},{"code":"131121107205","name":"小堤村委会"},{"code":"131121107206","name":"许新屯村委会"},{"code":"131121107207","name":"东王庄村委会"},{"code":"131121107208","name":"南店村委会"},{"code":"131121107209","name":"贺家屯村委会"},{"code":"131121107210","name":"夏屯村委会"},{"code":"131121107211","name":"宋新屯村委会"},{"code":"131121107212","name":"东黄甫村委会"},{"code":"131121107213","name":"许家庄村委会"},{"code":"131121107214","name":"常水堤村委会"},{"code":"131121107215","name":"西水堤村委会"},{"code":"131121107216","name":"尤辛庄村委会"},{"code":"131121107217","name":"谭家村村委会"},{"code":"131121107218","name":"孔家村村委会"},{"code":"131121107219","name":"井家村村委会"},{"code":"131121107220","name":"南宫庄村委会"},{"code":"131121107221","name":"刘水堤村委会"},{"code":"131121107222","name":"赵家庄村委会"},{"code":"131121107223","name":"张家庄村委会"},{"code":"131121107224","name":"阎家庄村委会"},{"code":"131121107225","name":"苗家庄村委会"},{"code":"131121107226","name":"朱家屯村委会"},{"code":"131121107227","name":"西王庄村委会"},{"code":"131121107228","name":"袁家庄村委会"},{"code":"131121107229","name":"解家庄村委会"},{"code":"131121107230","name":"马庄村委会"},{"code":"131121107231","name":"双庙村委会"},{"code":"131121107232","name":"娄西街村委会"},{"code":"131121107233","name":"蔡屯村委会"},{"code":"131121107234","name":"娄东街村委会"},{"code":"131121107235","name":"西黄甫村委会"},{"code":"131121107236","name":"西岳庄村委会"},{"code":"131121107237","name":"东里祥村委会"},{"code":"131121107238","name":"东岳庄村委会"},{"code":"131121107239","name":"老里祥村委会"},{"code":"131121107240","name":"荣吕卷村委会"},{"code":"131121107241","name":"焦里祥村委会"},{"code":"131121107242","name":"史里祥村委会"},{"code":"131121107243","name":"刘里祥村委会"},{"code":"131121107244","name":"居家庄村委会"},{"code":"131121107245","name":"朱吕卷村委会"},{"code":"131121107246","name":"金吕卷村委会"},{"code":"131121107247","name":"刘庄村委会"},{"code":"131121107248","name":"宫杨兴村委会"},{"code":"131121107249","name":"王吕卷村委会"},{"code":"131121107250","name":"朱里祥村委会"},{"code":"131121107251","name":"郑屯村委会"},{"code":"131121107252","name":"胡辛庄村委会"},{"code":"131121107253","name":"万吕卷村委会"},{"code":"131121107254","name":"寨子村委会"},{"code":"131121107255","name":"野雀林村委会"},{"code":"131121107256","name":"南杨庄村委会"},{"code":"131121107257","name":"宋里祥村委会"}]