[{"code":"140109200201","name":"王封村委会"},{"code":"140109200202","name":"圪垛村委会"},{"code":"140109200203","name":"城封村委会"},{"code":"140109200204","name":"东河村委会"},{"code":"140109200205","name":"上南山村委会"},{"code":"140109200206","name":"榆树峁村委会"},{"code":"140109200207","name":"冀家沟村委会"},{"code":"140109200208","name":"前西岭村委会"},{"code":"140109200209","name":"后西岭村委会"},{"code":"140109200210","name":"磺厂村委会"},{"code":"140109200211","name":"小卧龙村委会"},{"code":"140109200212","name":"周家山村委会"},{"code":"140109200213","name":"堡山村委会"},{"code":"140109200214","name":"莲叶塔村委会"},{"code":"140109200215","name":"马矢山村委会"}]