[{"code":"140123203200","name":"独石河村委会"},{"code":"140123203201","name":"康家沟村委会"},{"code":"140123203202","name":"郭家庄村委会"},{"code":"140123203203","name":"柴厂村委会"},{"code":"140123203204","name":"米峪镇村委会"},{"code":"140123203205","name":"石峪村委会"},{"code":"140123203206","name":"娄儿上村委会"},{"code":"140123203207","name":"青羊沟村委会"},{"code":"140123203208","name":"窑庄村委会"},{"code":"140123203209","name":"白刁岭村委会"},{"code":"140123203210","name":"曹家掌村委会"},{"code":"140123203211","name":"国练村委会"},{"code":"140123203212","name":"兴旺庄村委会"},{"code":"140123203213","name":"下石村委会"},{"code":"140123203214","name":"岔儿上村委会"},{"code":"140123203215","name":"晋阳掌村委会"}]