[{"code":"140311100001","name":"荫营矿家委会"},{"code":"140311100200","name":"坪上村委会"},{"code":"140311100201","name":"街上村委会"},{"code":"140311100202","name":"后沟村委会"},{"code":"140311100203","name":"老虎沟村委会"},{"code":"140311100204","name":"桥上村委会"},{"code":"140311100205","name":"下荫营村委会"},{"code":"140311100206","name":"矾窑村委会"},{"code":"140311100207","name":"南窑庄村委会"},{"code":"140311100208","name":"上千亩坪村委会"},{"code":"140311100209","name":"下千亩坪村委会"},{"code":"140311100210","name":"上烟村委会"},{"code":"140311100211","name":"下烟村委会"},{"code":"140311100212","name":"三泉村委会"},{"code":"140311100213","name":"三郊村委会"},{"code":"140311100214","name":"三都村委会"},{"code":"140311100215","name":"杨树沟村委会"},{"code":"140311100216","name":"火石岩村委会"},{"code":"140311100217","name":"南垴村委会"},{"code":"140311100218","name":"东垴村委会"},{"code":"140311100219","name":"西垴村委会"},{"code":"140311100220","name":"辛庄村委会"},{"code":"140311100221","name":"小庄村委会"},{"code":"140311100222","name":"马庄村委会"},{"code":"140311100223","name":"韩庄村委会"},{"code":"140311100224","name":"前洼村委会"},{"code":"140311100225","name":"后洼村委会"},{"code":"140311100226","name":"下白泉村委会"},{"code":"140311100227","name":"上白泉村委会"},{"code":"140311100228","name":"林里村委会"},{"code":"140311100229","name":"鸡洼村委会"},{"code":"140311100230","name":"东落菇堰村委会"},{"code":"140311100231","name":"西落菇堰村委会"},{"code":"140311100232","name":"东梁庄村委会"},{"code":"140311100233","name":"西梨庄村委会"},{"code":"140311100234","name":"段家庄村委会"},{"code":"140311100235","name":"河北村委会"},{"code":"140311100236","name":"山头村委会"},{"code":"140311100237","name":"窑沟村委会"}]