[{"code":"140581108201","name":"大野川村委会"},{"code":"140581108202","name":"沟村村委会"},{"code":"140581108203","name":"路家村委会"},{"code":"140581108204","name":"后山沟村委会"},{"code":"140581108205","name":"大西沟村委会"},{"code":"140581108206","name":"东沟村委会"},{"code":"140581108207","name":"唐家山村委会"},{"code":"140581108208","name":"后沟村委会"},{"code":"140581108209","name":"上野川村委会"},{"code":"140581108210","name":"乔家沟村委会"},{"code":"140581108211","name":"红岩沟村委会"},{"code":"140581108212","name":"南杨村委会"},{"code":"140581108213","name":"北杨村委会"},{"code":"140581108214","name":"杜寨村委会"},{"code":"140581108215","name":"寺沟村委会"},{"code":"140581108216","name":"北常庄村委会"},{"code":"140581108217","name":"圪塔庄村委会"},{"code":"140581108218","name":"大西社村委会"},{"code":"140581108219","name":"圪台村委会"},{"code":"140581108220","name":"李庄村委会"},{"code":"140581108221","name":"沟南村委会"},{"code":"140581108222","name":"河底村委会"},{"code":"140581108223","name":"吴庄村委会"},{"code":"140581108224","name":"柳树底村委会"}]