[{"code":"140522102200","name":"润城村委会"},{"code":"140522102201","name":"刘善村委会"},{"code":"140522102202","name":"柏沟村委会"},{"code":"140522102203","name":"王家庄村委会"},{"code":"140522102204","name":"薛家岭村委会"},{"code":"140522102205","name":"北音村委会"},{"code":"140522102206","name":"沟西村委会"},{"code":"140522102207","name":"后滩村委会"},{"code":"140522102208","name":"河头村委会"},{"code":"140522102209","name":"下河村委会"},{"code":"140522102210","name":"西坡村委会"},{"code":"140522102211","name":"门楼底村委会"},{"code":"140522102212","name":"水泉沟村委会"},{"code":"140522102213","name":"贝坡村委会"},{"code":"140522102214","name":"上庄村委会"},{"code":"140522102215","name":"中庄村委会"},{"code":"140522102216","name":"下庄村委会"},{"code":"140522102217","name":"东山村委会"},{"code":"140522102218","name":"大安头村委会"},{"code":"140522102219","name":"李街村委会"},{"code":"140522102220","name":"西尧村委会"},{"code":"140522102221","name":"上伏村委会"},{"code":"140522102222","name":"下伏村委会"},{"code":"140522102223","name":"望川村委会"},{"code":"140522102224","name":"王村村委会"},{"code":"140522102225","name":"何庄村委会"},{"code":"140522102226","name":"西冯街村委会"},{"code":"140522102227","name":"大夫街村委会"},{"code":"140522102228","name":"屯城村委会"}]