[{"code":"140525106001","name":"晋北居民委员会"},{"code":"140525106200","name":"金村村委会"},{"code":"140525106201","name":"岳匠村委会"},{"code":"140525106202","name":"东洼村委会"},{"code":"140525106203","name":"神南村委会"},{"code":"140525106204","name":"东六庄村委会"},{"code":"140525106205","name":"霍秀村委会"},{"code":"140525106206","name":"赵庄村委会"},{"code":"140525106207","name":"背阴村委会"},{"code":"140525106208","name":"崔庄村委会"},{"code":"140525106209","name":"黄头村委会"},{"code":"140525106210","name":"府城村委会"},{"code":"140525106211","name":"武庄村委会"},{"code":"140525106212","name":"大岭头村委会"},{"code":"140525106213","name":"枣元村委会"},{"code":"140525106214","name":"孟匠村委会"},{"code":"140525106216","name":"湛家村委会"},{"code":"140525106217","name":"龙化村委会"},{"code":"140525106218","name":"柳泉村委会"},{"code":"140525106219","name":"山头村委会"},{"code":"140525106220","name":"浮山街村委会"},{"code":"140525106221","name":"东南村委会"},{"code":"140525106222","name":"东北村委会"},{"code":"140525106223","name":"峪西村委会"},{"code":"140525106224","name":"小刘家川村委会"},{"code":"140525106225","name":"水东村委会"},{"code":"140525106226","name":"水西村委会"},{"code":"140525106227","name":"水北村委会"},{"code":"140525106228","name":"管院村委会"},{"code":"140525106229","name":"青山街村委会"},{"code":"140525106230","name":"后掌洼村委会"},{"code":"140525106231","name":"十字坂村委会"},{"code":"140525106232","name":"磨山底村委会"},{"code":"140525106233","name":"司家掌村委会"},{"code":"140525106234","name":"后峪村委会"},{"code":"140525106235","name":"郭背村委会"},{"code":"140525106236","name":"吴庄村委会"},{"code":"140525106237","name":"土岭村委会"},{"code":"140525106238","name":"东村村委会"},{"code":"140525106239","name":"大会村委会"},{"code":"140525106240","name":"长阴村委会"},{"code":"140525106241","name":"杨轩村委会"},{"code":"140525106242","name":"原庄村委会"},{"code":"140525106243","name":"铺头村委会"},{"code":"140525106244","name":"东旺村委会"},{"code":"140525106245","name":"范谷堆村委会"},{"code":"140525106246","name":"上辛安村委会"},{"code":"140525106247","name":"下辛安村委会"},{"code":"140525106248","name":"南桑坪村委会"},{"code":"140525106249","name":"北桑坪村委会"},{"code":"140525106250","name":"李家鄢村委会"},{"code":"140525106251","name":"西南属村委会"},{"code":"140525106252","name":"西属村委会"},{"code":"140525106253","name":"东属村委会"},{"code":"140525106254","name":"下胡村委会"},{"code":"140525106255","name":"上胡村委会"},{"code":"140525106256","name":"牛家庄村委会"},{"code":"140525106257","name":"长畛洼村委会"},{"code":"140525106258","name":"东陕村委会"},{"code":"140525106259","name":"大庄村委会"},{"code":"140525106260","name":"小庄村委会"},{"code":"140525106261","name":"坂头村委会"},{"code":"140525106262","name":"郭壁村委会"},{"code":"140525106263","name":"寺南庄村委会"},{"code":"140525106264","name":"南掌村委会"},{"code":"140525106265","name":"贺洼村委会"},{"code":"140525106266","name":"石家街村委会"},{"code":"140525106267","name":"寨则村委会"},{"code":"140525106268","name":"杆棚底村委会"},{"code":"140525106269","name":"田庄村委会"},{"code":"140525106270","name":"红岭村委会"},{"code":"140525106271","name":"西街头村委会"},{"code":"140525106272","name":"杨家山村委会"}]