[{"code":"140624200200","name":"何家堡村委会"},{"code":"140624200201","name":"悟道村委会"},{"code":"140624200202","name":"赵庄村委会"},{"code":"140624200203","name":"楼子口村委会"},{"code":"140624200204","name":"芦子沟村委会"},{"code":"140624200205","name":"宋家庄村委会"},{"code":"140624200206","name":"跃进村委会"},{"code":"140624200207","name":"全福寨村委会"},{"code":"140624200208","name":"磨道河村委会"},{"code":"140624200209","name":"郝家寨村委会"}]