[{"code":"140702007001","name":"安宁社区居民委员会"},{"code":"140702007002","name":"康乐社区居民委员会"},{"code":"140702007003","name":"轻院社区居民委员会"},{"code":"140702007004","name":"安新社区居民委员会"},{"code":"140702007005","name":"电力社区居民委员会"},{"code":"140702007006","name":"堡子社区居民委员会"},{"code":"140702007007","name":"北郊西社区居民委员会"},{"code":"140702007008","name":"三水社区居民委员会"},{"code":"140702007009","name":"纺配社区居民委员会"},{"code":"140702007010","name":"顺驰社区居民委员会"},{"code":"140702007011","name":"龙湖社区居民委员会"},{"code":"140702007012","name":"大学城第一社区居民委员会"}]