[{"code":"140881104200","name":"蒲州村委会"},{"code":"140881104201","name":"石庄村委会"},{"code":"140881104202","name":"孟盟桥村委会"},{"code":"140881104203","name":"张留庄村委会"},{"code":"140881104204","name":"堡则村委会"},{"code":"140881104205","name":"古新庄村委会"},{"code":"140881104206","name":"鹿峪村委会"},{"code":"140881104207","name":"宝泉村委会"},{"code":"140881104208","name":"王庄村委会"},{"code":"140881104209","name":"候家庄村委会"},{"code":"140881104210","name":"寨子村委会"},{"code":"140881104211","name":"薛家崖村委会"},{"code":"140881104212","name":"弘道园村委会"},{"code":"140881104213","name":"新乐庄村委会"},{"code":"140881104214","name":"杨马村委会"},{"code":"140881104215","name":"花园村委会"},{"code":"140881104216","name":"西厢村委会"},{"code":"140881104217","name":"鲁家村委会"},{"code":"140881104218","name":"西闫郭村委会"},{"code":"140881104219","name":"北闫郭村委会"},{"code":"140881104220","name":"西文学村委会"},{"code":"140881104221","name":"太吕村委会"},{"code":"140881104222","name":"韩家庄村委会"},{"code":"140881104223","name":"程胡庄村委会"},{"code":"140881104224","name":"常家堡村委会"},{"code":"140881104225","name":"窑店村委会"},{"code":"140881104226","name":"南文学村委会"},{"code":"140881104227","name":"上吕芝村委会"},{"code":"140881104228","name":"下吕芝村委会"},{"code":"140881104229","name":"上麻坡村委会"},{"code":"140881104230","name":"东文学村委会"},{"code":"140881104231","name":"北文学村委会"}]