[{"code":"140927202200","name":"虎北村委会"},{"code":"140927202201","name":"山丛林村委会"},{"code":"140927202202","name":"上山口村委会"},{"code":"140927202203","name":"横山寺村委会"},{"code":"140927202204","name":"桦林坡村委会"},{"code":"140927202205","name":"下山口村委会"},{"code":"140927202206","name":"塘涧村委会"},{"code":"140927202207","name":"西毛家皂村委会"},{"code":"140927202208","name":"碾槽沟村委会"},{"code":"140927202209","name":"东毛家皂村委会"},{"code":"140927202210","name":"水泉梁村委会"}]