[{"code":"141127204200","name":"顺会村委会"},{"code":"141127204201","name":"牛湾子村委会"},{"code":"141127204202","name":"刘衬会村委会"},{"code":"141127204203","name":"李衬会村委会"},{"code":"141127204204","name":"会河村委会"},{"code":"141127204205","name":"白家庄村委会"},{"code":"141127204206","name":"舍安村委会"},{"code":"141127204207","name":"于湾村委会"},{"code":"141127204208","name":"崖底村委会"},{"code":"141127204209","name":"戊子村委会"},{"code":"141127204210","name":"宗家沟村委会"}]