[{"code":"141121104200","name":"刘胡兰村委会"},{"code":"141121104201","name":"保贤村委会"},{"code":"141121104202","name":"保贤庄村委会"},{"code":"141121104203","name":"贯家堡村委会"},{"code":"141121104204","name":"邢家堡村委会"},{"code":"141121104205","name":"云周村委会"},{"code":"141121104206","name":"南胡村委会"},{"code":"141121104207","name":"王家堡村委会"},{"code":"141121104208","name":"赵村村委会"},{"code":"141121104209","name":"城子村委会"},{"code":"141121104210","name":"大象村委会"},{"code":"141121104211","name":"北贤村委会"},{"code":"141121104212","name":"东堡村委会"},{"code":"141121104213","name":"索家堡村委会"},{"code":"141121104214","name":"新崖底村委会"},{"code":"141121104215","name":"上曲村委会"},{"code":"141121104216","name":"上段村委会"},{"code":"141121104217","name":"水寨村委会"},{"code":"141121104218","name":"伯鱼村委会"},{"code":"141121104219","name":"段城村委会"},{"code":"141121104220","name":"门世村委会"},{"code":"141121104221","name":"新堡村委会"},{"code":"141121104222","name":"炮守堡村委会"}]