[{"code":"141126100001","name":"城镇居委会"},{"code":"141126100200","name":"城关村委会"},{"code":"141126100201","name":"塔底村委会"},{"code":"141126100202","name":"王村村委会"},{"code":"141126100203","name":"二郎坡村委会"},{"code":"141126100204","name":"东庄村委会"},{"code":"141126100205","name":"岔沟村委会"},{"code":"141126100206","name":"胡家峪村委会"},{"code":"141126100207","name":"关头村委会"},{"code":"141126100208","name":"薛家垣村委会"},{"code":"141126100209","name":"板桥村委会"},{"code":"141126100210","name":"龙台村委会"},{"code":"141126100211","name":"谭庄村委会"},{"code":"141126100212","name":"宋家沟村委会"},{"code":"141126100213","name":"车家坡村委会"},{"code":"141126100214","name":"营房村委会"},{"code":"141126100215","name":"南沟村委会"},{"code":"141126100216","name":"肖家塌村委会"},{"code":"141126100217","name":"西卫村委会"},{"code":"141126100218","name":"马门庄村委会"},{"code":"141126100219","name":"马村村委会"},{"code":"141126100220","name":"孟家塔村委会"},{"code":"141126100221","name":"韦子沟村委会"},{"code":"141126100222","name":"庄里村委会"},{"code":"141126100223","name":"刘家塌村委会"},{"code":"141126100224","name":"塌子上村委会"},{"code":"141126100225","name":"东卫村委会"},{"code":"141126100226","name":"木挪村委会"},{"code":"141126100227","name":"郭村村委会"},{"code":"141126100228","name":"高家坡村委会"},{"code":"141126100229","name":"贾家沟村委会"},{"code":"141126100230","name":"殿底峪村委会"},{"code":"141126100231","name":"马家坪村委会"}]