[{"code":"141130200200","name":"石口村委会"},{"code":"141130200201","name":"桥上村委会"},{"code":"141130200202","name":"山神峪村委会"},{"code":"141130200203","name":"龙神殿村委会"},{"code":"141130200204","name":"岭后村委会"},{"code":"141130200205","name":"浦依村委会"},{"code":"141130200206","name":"丁家垣村委会"},{"code":"141130200207","name":"川口村委会"},{"code":"141130200208","name":"下嵩城村委会"},{"code":"141130200209","name":"阳春堡村委会"},{"code":"141130200210","name":"孔家庄村委会"},{"code":"141130200211","name":"贺家庄村委会"},{"code":"141130200212","name":"张家川村委会"},{"code":"141130200213","name":"陈家峪村委会"},{"code":"141130200214","name":"王家庄村委会"},{"code":"141130200215","name":"岔口村委会"},{"code":"141130200216","name":"下村委会"},{"code":"141130200217","name":"庄上村委会"},{"code":"141130200218","name":"郭家岭村委会"}]