[{"code":"150104006002","name":"巴彦乌素社区居委会"},{"code":"150104006005","name":"绿苑社区居委会"},{"code":"150104006006","name":"兴隆小区社区居委会"},{"code":"150104006008","name":"牧科院社区居委会"},{"code":"150104006009","name":"华宇社区居委会"},{"code":"150104006010","name":"康居社区居委会"},{"code":"150104006202","name":"前八里庄村委会"},{"code":"150104006203","name":"后八里庄村委会"},{"code":"150104006204","name":"当浪土牧村委会"},{"code":"150104006215","name":"西瓦窑村委会"}]