[{"code":"150424104200","name":"龙头山村委会"},{"code":"150424104201","name":"杨家营子村委会"},{"code":"150424104202","name":"上官地村委会"},{"code":"150424104203","name":"下官地村委会"},{"code":"150424104204","name":"两棵树村委会"},{"code":"150424104205","name":"二段村委会"},{"code":"150424104206","name":"王家沟村委会"},{"code":"150424104207","name":"马鞍山村委会"},{"code":"150424104208","name":"新民村委会"},{"code":"150424104209","name":"半拉山村委会"}]