[{"code":"150924108200","name":"赛乌素村委会"},{"code":"150924108201","name":"河渠子村委会"},{"code":"150924108202","name":"田家营村委会"},{"code":"150924108203","name":"杨发地村委会"},{"code":"150924108204","name":"长胜村委会"},{"code":"150924108205","name":"七大顷村委会"},{"code":"150924108206","name":"大西坡村委会"},{"code":"150924108207","name":"魏家村村委会"},{"code":"150924108208","name":"钦宝营村委会"},{"code":"150924108209","name":"高家村村委会"},{"code":"150924108210","name":"后沟子村委会"},{"code":"150924108211","name":"李茂村村委会"},{"code":"150924108212","name":"石家村村委会"},{"code":"150924108213","name":"三股水村委会"},{"code":"150924108214","name":"兴隆铺村委会"},{"code":"150924108215","name":"合兴公村委会"},{"code":"150924108216","name":"五一村委会"},{"code":"150924108217","name":"天城梁村委会"},{"code":"150924108218","name":"林古地村委会"},{"code":"150924108219","name":"韩家村村委会"},{"code":"150924108220","name":"东河村委会"},{"code":"150924108221","name":"北胜村委会"},{"code":"150924108222","name":"双井子村委会"},{"code":"150924108223","name":"老圈子村委会"},{"code":"150924108224","name":"西坊子村委会"}]