[{"code":"152522101200","name":"巴彦呼格吉勒图嘎查村"},{"code":"152522101201","name":"辉腾高勒嘎查村"},{"code":"152522101202","name":"哈夏图嘎查村"},{"code":"152522101203","name":"巴彦高勒嘎查村"},{"code":"152522101204","name":"巴彦布日都嘎查村"},{"code":"152522101205","name":"巴彦青格尔嘎查村"},{"code":"152522101206","name":"萨如拉嘎查村"},{"code":"152522101207","name":"岗根锡力嘎查村"},{"code":"152522101208","name":"巴彦洪格尔嘎查村"},{"code":"152522101209","name":"伊和宝拉格嘎查村"},{"code":"152522101210","name":"萨如拉锡力嘎查村"},{"code":"152522101211","name":"阿拉坦图格日格嘎查村"}]