[{"code":"210123001001","name":"北三家子社区"},{"code":"210123001200","name":"前山东屯村委会"},{"code":"210123001201","name":"后山东屯村委会"},{"code":"210123001202","name":"金家坨子村委会"},{"code":"210123001203","name":"三门张家村委会"},{"code":"210123001204","name":"三门郭家村委会"},{"code":"210123001205","name":"辽阳窝堡村委会"},{"code":"210123001206","name":"苇塘村委会"},{"code":"210123001207","name":"兴隆洼村委会"},{"code":"210123001208","name":"王平房村委会"}]