[{"code":"210403103001","name":"营盘社区居民委员会"},{"code":"210403103201","name":"邱家村民委员会"},{"code":"210403103203","name":"上章党汉族村民委员会"},{"code":"210403103205","name":"上章党朝鲜族村民委员会"},{"code":"210403103207","name":"黄金村民委员会"},{"code":"210403103210","name":"石门岭村民委员会"},{"code":"210403103211","name":"驿马村民委员会"},{"code":"210403103212","name":"营盘村民委员会"},{"code":"210403103213","name":"榆树村民委员会"},{"code":"210403103214","name":"高丽村民委员会"},{"code":"210403103217","name":"洼子伙洛村民委员会"},{"code":"210403103218","name":"二伙洛村民委员会"},{"code":"210403103219","name":"万金屯村民委员会"}]