[{"code":"211223102200","name":"玉屏村民委员会"},{"code":"211223102202","name":"祥和村民委员会"},{"code":"211223102204","name":"安乐村民委员会"},{"code":"211223102205","name":"郜家店村民委员会"},{"code":"211223102207","name":"自由村民委员会"},{"code":"211223102208","name":"平原村民委员会"},{"code":"211223102209","name":"富春村民委员会"},{"code":"211223102210","name":"胜利村民委员会"},{"code":"211223102211","name":"荣安村民委员会"},{"code":"211223102212","name":"洪来村民委员会"},{"code":"211223102213","name":"宣化村民委员会"},{"code":"211223102214","name":"神树村民委员会"},{"code":"211223102215","name":"路家村民委员会"},{"code":"211223102216","name":"松树村民委员会"},{"code":"211223102217","name":"河崴村民委员会"},{"code":"211223102220","name":"会文村民委员会"},{"code":"211223102417","name":"郜家店镇工业园区社区"}]