[{"code":"211224106001","name":"泉头社区"},{"code":"211224106201","name":"马家村民委员会"},{"code":"211224106202","name":"大苇子村民委员会"},{"code":"211224106204","name":"护林村民委员会"},{"code":"211224106205","name":"石虎子村民委员会"},{"code":"211224106206","name":"泉头村民委员会"},{"code":"211224106207","name":"桥口东村民委员会"},{"code":"211224106209","name":"联合村民委员会"},{"code":"211224106210","name":"农林村民委员会"},{"code":"211224106211","name":"黄顶子村民委员会"},{"code":"211224106212","name":"二道村民委员会"},{"code":"211224106500","name":"林场"}]