[{"code":"220183102001","name":"幸福居委会"},{"code":"220183102002","name":"兴龙居委会"},{"code":"220183102003","name":"松江居委会"},{"code":"220183102200","name":"罗坨子村委会"},{"code":"220183102201","name":"茶条村委会"},{"code":"220183102202","name":"孙坨子村委会"},{"code":"220183102203","name":"东赵村委会"},{"code":"220183102204","name":"初坨子村委会"},{"code":"220183102205","name":"兴龙泉村委会"},{"code":"220183102206","name":"东龙村委会"},{"code":"220183102207","name":"高城子村委会"},{"code":"220183102208","name":"茂林村委会"},{"code":"220183102209","name":"豹家村委会"},{"code":"220183102210","name":"邢大桥村委会"},{"code":"220183102211","name":"老少沟村委会"},{"code":"220183102212","name":"宝泉山村委会"},{"code":"220183102213","name":"石头泉村委会"},{"code":"220183102214","name":"松花江村委会"}]