[{"code":"220182206200","name":"恩育村委会"},{"code":"220182206201","name":"苏家村委会"},{"code":"220182206202","name":"利民村委会"},{"code":"220182206203","name":"付家村委会"},{"code":"220182206204","name":"宝山村委会"},{"code":"220182206205","name":"永利村委会"},{"code":"220182206206","name":"双龙村委会"},{"code":"220182206207","name":"红庙村委会"},{"code":"220182206208","name":"中兴村委会"},{"code":"220182206209","name":"永发村委会"},{"code":"220182206210","name":"幸福村委会"},{"code":"220182206211","name":"新胜村委会"},{"code":"220182206212","name":"西关村委会"}]