[{"code":"220284104001","name":"开发社区"},{"code":"220284104200","name":"驿马村委会"},{"code":"220284104201","name":"二道甸子村委会"},{"code":"220284104202","name":"小烟筒山村委会"},{"code":"220284104203","name":"北新村委会"},{"code":"220284104204","name":"保安村委会"},{"code":"220284104205","name":"河北村委会"},{"code":"220284104206","name":"西安村委会"},{"code":"220284104207","name":"永合村委会"},{"code":"220284104208","name":"郭家店村委会"},{"code":"220284104209","name":"滚马岭村委会"},{"code":"220284104210","name":"双合村委会"}]