[{"code":"220323106001","name":"大孤山居委会"},{"code":"220323106200","name":"大孤山村委会"},{"code":"220323106201","name":"大榆树村委会"},{"code":"220323106202","name":"升礼村委会"},{"code":"220323106203","name":"河南村委会"},{"code":"220323106204","name":"欢欣岭村委会"},{"code":"220323106205","name":"柴家村委会"},{"code":"220323106206","name":"杨树村委会"},{"code":"220323106207","name":"何家村委会"},{"code":"220323106208","name":"山西村委会"},{"code":"220323106209","name":"新建村委会"},{"code":"220323106210","name":"万福德村委会"},{"code":"220323106211","name":"大桥村委会"},{"code":"220323106212","name":"聂家村委会"},{"code":"220323106213","name":"孟家村委会"},{"code":"220323106214","name":"陈家村委会"},{"code":"220323106215","name":"前刘家村委会"},{"code":"220323106216","name":"杏木村委会"}]