[{"code":"220322202200","name":"关家屯村委会"},{"code":"220322202201","name":"顺城堡村委会"},{"code":"220322202202","name":"十家子村委会"},{"code":"220322202203","name":"九家子村委会"},{"code":"220322202204","name":"长发堡村委会"},{"code":"220322202205","name":"郭家窝堡村委会"},{"code":"220322202206","name":"四家子村委会"},{"code":"220322202207","name":"戴家堡村委会"},{"code":"220322202208","name":"小城子村委会"},{"code":"220322202209","name":"洋苇岭村委会"},{"code":"220322202210","name":"南老奤村委会"},{"code":"220322202211","name":"石庙子村委会"}]