[{"code":"222401105001","name":"胜利社区"},{"code":"222401105002","name":"文化社区"},{"code":"222401105003","name":"春光社区"},{"code":"222401105004","name":"朝阳社区"},{"code":"222401105005","name":"和平社区"},{"code":"222401105200","name":"吉成村委会"},{"code":"222401105201","name":"勤劳村委会"},{"code":"222401105202","name":"太东村委会"},{"code":"222401105203","name":"光石村委会"},{"code":"222401105204","name":"德新村委会"},{"code":"222401105205","name":"合成村委会"},{"code":"222401105206","name":"三峰村委会"},{"code":"222401105207","name":"三成村委会"},{"code":"222401105208","name":"东丰村委会"},{"code":"222401105209","name":"长青村委会"},{"code":"222401105210","name":"光荣村委会"},{"code":"222401105211","name":"朝阳村委会"},{"code":"222401105212","name":"龙盛村委会"},{"code":"222401105213","name":"柳新村委会"},{"code":"222401105214","name":"横道村委会"},{"code":"222401105215","name":"仲坪村委会"},{"code":"222401105216","name":"太兴村委会"},{"code":"222401105217","name":"八道村委会"},{"code":"222401105218","name":"长胜村委会"},{"code":"222401105219","name":"平道村委会"}]