[{"code":"230123202200","name":"迎兰村村委会"},{"code":"230123202201","name":"中原村村委会"},{"code":"230123202202","name":"永兴村村委会"},{"code":"230123202203","name":"红石村村委会"},{"code":"230123202204","name":"烟筒山村村委会"},{"code":"230123202205","name":"开发村村委会"},{"code":"230123202206","name":"新林村村委会"},{"code":"230123202207","name":"和平村村委会"},{"code":"230123202208","name":"德裕村村委会"},{"code":"230123202209","name":"德发村村委会"},{"code":"230123202210","name":"集胜村村委会"},{"code":"230123202211","name":"农丰村村委会"},{"code":"230123202212","name":"舒乐村村委会"},{"code":"230123202213","name":"宜昌村村委会"},{"code":"230123202214","name":"永安村村委会"}]