[{"code":"230110020001","name":"福泰社区居委会"},{"code":"230110020002","name":"双赢社区居委会"},{"code":"230110020003","name":"三鑫区社区居委会"},{"code":"230110020004","name":"军民社区居委会"},{"code":"230110020005","name":"立汇社区居委会"},{"code":"230110020200","name":"红星村村委会"},{"code":"230110020201","name":"双榆树村村委会"},{"code":"230110020202","name":"幸福村村委会"},{"code":"230110020203","name":"东方红村村委会"},{"code":"230110020204","name":"太阳升村村委会"},{"code":"230110020205","name":"朝阳村村委会"},{"code":"230110020206","name":"团结村村委会"}]