[{"code":"230225100001","name":"红旗社区居委会"},{"code":"230225100002","name":"繁荣社区居委会"},{"code":"230225100003","name":"东风社区居委会"},{"code":"230225100004","name":"幸福社区居委会"},{"code":"230225100005","name":"立新社区居委会"},{"code":"230225100006","name":"建设社区居委会"},{"code":"230225100007","name":"东方红社区居委会"},{"code":"230225100008","name":"光明社区居委会"},{"code":"230225100200","name":"东郊村民委员会"},{"code":"230225100201","name":"西郊村民委员会"},{"code":"230225100202","name":"富强村民委员会"},{"code":"230225100203","name":"长胜村民委员会"},{"code":"230225100204","name":"晓光村民委员会"},{"code":"230225100205","name":"水丰村民委员会"},{"code":"230225100206","name":"富胜村民委员会"},{"code":"230225100207","name":"欢喜村民委员会"},{"code":"230225100208","name":"光辉村民委员会"},{"code":"230225100209","name":"富余村民委员会"},{"code":"230225100210","name":"边疆村民委员会"},{"code":"230225100211","name":"美满村民委员会"}]