[{"code":"230524203200","name":"大佳河村委会"},{"code":"230524203201","name":"东升村委会"},{"code":"230524203202","name":"前唐村委会"},{"code":"230524203203","name":"富山村委会"},{"code":"230524203204","name":"富河村委会"},{"code":"230524203205","name":"桦林村委会"},{"code":"230524203206","name":"永发村委会"},{"code":"230524203207","name":"永前村委会"},{"code":"230524203208","name":"永富村委会"},{"code":"230524203209","name":"永胜村委会"},{"code":"230524203500","name":"种畜场生活区"}]