[{"code":"230622101201","name":"宏大村委会"},{"code":"230622101202","name":"宏源村委会"},{"code":"230622101203","name":"宏旗村委会"},{"code":"230622101204","name":"宏林村委会"},{"code":"230622101205","name":"宏伟村委会"},{"code":"230622101206","name":"宏生村委会"},{"code":"230622101207","name":"宏合村委会"},{"code":"230622101208","name":"宏昌村委会"},{"code":"230622101209","name":"宏量村委会"},{"code":"230622101210","name":"宏泉村委会"},{"code":"230622101211","name":"宏光村委会"}]