[{"code":"230702006002","name":"新园社区居委会"},{"code":"230702006006","name":"新欣社区居委会"},{"code":"230702006007","name":"红光社区居委会"},{"code":"230702006011","name":"前卫社区居委会"},{"code":"230702006013","name":"农林社区居委会"},{"code":"230702006016","name":"扶林社区居委会"},{"code":"230702006017","name":"爱林社区居委会"},{"code":"230702006018","name":"奋斗社区居委会"},{"code":"230702006020","name":"光明社区居委会"},{"code":"230702006021","name":"桃园社区居委会"}]