[{"code":"230881105200","name":"东宏村委会"},{"code":"230881105201","name":"红星村委会"},{"code":"230881105202","name":"东明村委会"},{"code":"230881105203","name":"东强村委会"},{"code":"230881105204","name":"东平村委会"},{"code":"230881105205","name":"东原村委会"},{"code":"230881105206","name":"东利村委会"},{"code":"230881105207","name":"东阳村委会"},{"code":"230881105208","name":"永利村委会"},{"code":"230881105209","name":"永丰村委会"},{"code":"230881105210","name":"永恒村委会"},{"code":"230881105211","name":"永存村委会"},{"code":"230881105212","name":"永祥村委会"},{"code":"230881105213","name":"永安村委会"},{"code":"230881105214","name":"永发村委会"}]