[{"code":"230881502402","name":"前进场直社区"},{"code":"230881502501","name":"前进农场第二管理区"},{"code":"230881502502","name":"前进农场第三管理区"},{"code":"230881502503","name":"前进农场第四管理区"},{"code":"230881502504","name":"前进农场第六管理区"},{"code":"230881502505","name":"前进农场第七管理区"},{"code":"230881502506","name":"前进农场第九管理区"},{"code":"230881502508","name":"前进农场第十一管理区"},{"code":"230881502509","name":"前进农场第十四管理区"},{"code":"230881502510","name":"前进农场第十五管理区"},{"code":"230881502511","name":"前进农场第十六管理区"},{"code":"230881502513","name":"前进农场第十八管理区"},{"code":"230881502515","name":"前进农场第二十四管理区"}]