[{"code":"230921103201","name":"永峰村委会"},{"code":"230921103202","name":"永平村委会"},{"code":"230921103203","name":"新发村委会"},{"code":"230921103204","name":"治安村委会"},{"code":"230921103205","name":"福安村委会"},{"code":"230921103206","name":"中和村委会"},{"code":"230921103207","name":"兴安村委会"},{"code":"230921103208","name":"太安村委会"},{"code":"230921103209","name":"东方红村委会"},{"code":"230921103210","name":"太阳升村委会"},{"code":"230921103211","name":"中胜村委会"},{"code":"230921103212","name":"民权村委会"},{"code":"230921103213","name":"生产村委会"},{"code":"230921103214","name":"永胜村委会"},{"code":"230921103215","name":"致富村委会"},{"code":"230921103216","name":"双胜村委会"}]