[{"code":"231121502402","name":"大西江场直第一社区"},{"code":"231121502501","name":"大西江农场第一管理区"},{"code":"231121502502","name":"大西江农场第二管理区"},{"code":"231121502503","name":"大西江农场第三管理区"},{"code":"231121502504","name":"大西江农场第四管理区"},{"code":"231121502505","name":"大西江农场第五管理区"},{"code":"231121502506","name":"大西江农场第六管理区"},{"code":"231121502507","name":"大西江场直第二社区"},{"code":"231121502508","name":"大西江农场畜牧养殖区"}]