[{"code":"231221107200","name":"正兰三村委会"},{"code":"231221107201","name":"正兰二村委会"},{"code":"231221107202","name":"正兰四村委会"},{"code":"231221107203","name":"厢兰二村委会"},{"code":"231221107204","name":"厢兰三村委会"},{"code":"231221107205","name":"厢红二村委会"},{"code":"231221107206","name":"厢红三村委会"},{"code":"231221107207","name":"坤后二南村委会"},{"code":"231221107208","name":"坤后二北村委会"},{"code":"231221107209","name":"坤后二南北村委会"},{"code":"231221107210","name":"厢白三村委会"}]