[{"code":"310113101001","name":"古镇居委会"},{"code":"310113101002","name":"向阳居委会"},{"code":"310113101003","name":"祁南居委会"},{"code":"310113101004","name":"新桥居委会"},{"code":"310113101005","name":"罗南居委会"},{"code":"310113101006","name":"罗溪居委会"},{"code":"310113101007","name":"富辰居委会"},{"code":"310113101008","name":"富丽居委会"},{"code":"310113101009","name":"金星居委会"},{"code":"310113101010","name":"富南居委会"},{"code":"310113101011","name":"罗新居委会"},{"code":"310113101012","name":"金星第二居委会"},{"code":"310113101013","name":"顺驰美兰湖居委会"},{"code":"310113101014","name":"美兰湖颐景园居委会"},{"code":"310113101015","name":"美兰湖景瑞欧兰高邸居民委员会"},{"code":"310113101016","name":"美兰湖琥珀郡园居民委员会"},{"code":"310113101017","name":"美兰湖朗诗绿岛园居民委员会"},{"code":"310113101201","name":"罗溪村村委会"},{"code":"310113101203","name":"毛家弄村村委会"},{"code":"310113101206","name":"光明村村委会"},{"code":"310113101207","name":"天平村村委会"},{"code":"310113101208","name":"金星村村委会"},{"code":"310113101209","name":"四方村村委会"},{"code":"310113101210","name":"东南弄村村委会"},{"code":"310113101211","name":"束里桥村村委会"},{"code":"310113101212","name":"义品村村委会"},{"code":"310113101214","name":"王家村村委会"},{"code":"310113101215","name":"蔡家弄村村委会"},{"code":"310113101216","name":"繁荣村村委会"},{"code":"310113101217","name":"北金村村委会"},{"code":"310113101218","name":"张士村村委会"},{"code":"310113101219","name":"富强村村委会"},{"code":"310113101220","name":"十年村村委会"},{"code":"310113101221","name":"朱家店村村委会"},{"code":"310113101222","name":"西埝村村委会"},{"code":"310113101223","name":"远景村村委会"},{"code":"310113101224","name":"南周村村委会"},{"code":"310113101225","name":"联合村村委会"}]