[{"code":"310120118001","name":"柘林镇居委会"},{"code":"310120118002","name":"新寺居委会"},{"code":"310120118003","name":"胡桥居委会"},{"code":"310120118004","name":"目华居委会"},{"code":"310120118005","name":"冯桥居委会"},{"code":"310120118006","name":"渔业新村社区居委会"},{"code":"310120118007","name":"海畔新村社区居委会"},{"code":"310120118008","name":"海韵社区居委会"},{"code":"310120118202","name":"营房村村委会"},{"code":"310120118203","name":"夹路村村委会"},{"code":"310120118205","name":"柘林村村委会"},{"code":"310120118207","name":"华亭村村委会"},{"code":"310120118210","name":"新塘村村委会"},{"code":"310120118212","name":"新寺村村委会"},{"code":"310120118214","name":"南胜村村委会"},{"code":"310120118216","name":"金海村村委会"},{"code":"310120118217","name":"海湾村村委会"},{"code":"310120118221","name":"胡桥村村委会"},{"code":"310120118224","name":"王家圩村村委会"},{"code":"310120118226","name":"迎龙村村委会"},{"code":"310120118227","name":"法华村村委会"},{"code":"310120118229","name":"三桥村村委会"},{"code":"310120118233","name":"兴园村村委会"},{"code":"310120118235","name":"临海村村委会"}]