[{"code":"310109019001","name":"奎照路居委会"},{"code":"310109019002","name":"新市南路居委会"},{"code":"310109019003","name":"纪念路居委会"},{"code":"310109019004","name":"文治路居委会"},{"code":"310109019005","name":"车站西路居委会"},{"code":"310109019006","name":"万安路西居委会"},{"code":"310109019007","name":"忠烈居委会"},{"code":"310109019008","name":"丰镇路居委会"},{"code":"310109019009","name":"沽源路居委会"},{"code":"310109019010","name":"新市北路居委会"},{"code":"310109019011","name":"逸仙路居委会"},{"code":"310109019012","name":"仁德路居委会"},{"code":"310109019013","name":"池沟路居委会"},{"code":"310109019014","name":"镇西居委会"},{"code":"310109019015","name":"镇北居委会"},{"code":"310109019016","name":"三门路居委会"},{"code":"310109019017","name":"车南居委会"},{"code":"310109019018","name":"春生居委会"},{"code":"310109019019","name":"丰镇路第二居委会"},{"code":"310109019020","name":"胜利居委会"},{"code":"310109019021","name":"韶嘉居委会"},{"code":"310109019022","name":"学府居委会"},{"code":"310109019023","name":"宝鸿居委会"},{"code":"310109019024","name":"三门路二居委会"},{"code":"310109019025","name":"方浜居委会"},{"code":"310109019026","name":"新南二居委会"},{"code":"310109019027","name":"场中居委会"},{"code":"310109019028","name":"韶嘉第二居委会"},{"code":"310109019029","name":"安汾路居委会"},{"code":"310109019030","name":"欣逸居委会"},{"code":"310109019031","name":"场中二居委会"}]