[{"code":"310104017001","name":"习勤居委会"},{"code":"310104017004","name":"漕溪四村居委会"},{"code":"310104017005","name":"西街居委会"},{"code":"310104017006","name":"九弄居委会"},{"code":"310104017009","name":"科苑居委会"},{"code":"310104017012","name":"冠生园居委会"},{"code":"310104017013","name":"凯翔居委会"},{"code":"310104017014","name":"薛家宅居委会"},{"code":"310104017018","name":"康健路居委会"},{"code":"310104017021","name":"金谷园居委会"},{"code":"310104017028","name":"龙漕居委会"},{"code":"310104017030","name":"南一村第一居委会"},{"code":"310104017031","name":"南一村第二居委会"},{"code":"310104017032","name":"中海馨园居委会"},{"code":"310104017033","name":"宏润花园居委会"},{"code":"310104017034","name":"梓树园居委会"},{"code":"310104017035","name":"佳友居委会"},{"code":"310104017037","name":"华富居委会"},{"code":"310104017038","name":"挹翠苑居委会"},{"code":"310104017039","name":"张家园居委会"},{"code":"310104017040","name":"东泉路居委会"},{"code":"310104017041","name":"东荡居委会"},{"code":"310104017042","name":"金牛居委会"},{"code":"310104017043","name":"罗城居委会"},{"code":"310104017044","name":"正南花苑居委会"},{"code":"310104017045","name":"嘉萱苑居委会"},{"code":"310104017046","name":"宾阳路居委会"},{"code":"310104017047","name":"漕东居委会"},{"code":"310104017048","name":"月河居委会"},{"code":"310104017049","name":"馨汇南苑居委会"}]