[{"code":"320413001001","name":"河滨居委会"},{"code":"320413001002","name":"虹桥居委会"},{"code":"320413001003","name":"翠园居委会"},{"code":"320413001004","name":"东园居委会"},{"code":"320413001005","name":"北门居委会"},{"code":"320413001006","name":"花街居委会"},{"code":"320413001007","name":"春风居委会"},{"code":"320413001008","name":"丹阳门居委会"},{"code":"320413001009","name":"文化居委会"},{"code":"320413001010","name":"西门居委会"},{"code":"320413001011","name":"小南门居委会"},{"code":"320413001012","name":"北园居委会"},{"code":"320413001013","name":"愚池居委会"},{"code":"320413001014","name":"涑渎居委会"},{"code":"320413001015","name":"南洲居委会"},{"code":"320413001016","name":"西城社区居委会"},{"code":"320413001017","name":"朱庄社区居委会"},{"code":"320413001201","name":"城南村委会"},{"code":"320413001202","name":"小坵村委会"},{"code":"320413001203","name":"涑渎村村委会"},{"code":"320413001204","name":"方边村村委会"},{"code":"320413001205","name":"黄庄村村委会"},{"code":"320413001206","name":"岸头村村委会"}]