[{"code":"320612120001","name":"川港社区居委会"},{"code":"320612120002","name":"姜灶社区居委会"},{"code":"320612120200","name":"志浩村委会"},{"code":"320612120201","name":"志南村委会"},{"code":"320612120202","name":"川北村委会"},{"code":"320612120204","name":"川南村委会"},{"code":"320612120214","name":"保障村委会"},{"code":"320612120215","name":"斜桥村委会"},{"code":"320612120217","name":"启江村委会"},{"code":"320612120218","name":"双桥村委会"},{"code":"320612120219","name":"三合口村委会"},{"code":"320612120220","name":"磨框镇村委会"},{"code":"320612120221","name":"义成村委会"},{"code":"320612120222","name":"姜川村委会"},{"code":"320612120223","name":"望海台村委会"},{"code":"320612120224","name":"三圩埭村委会"}]