[{"code":"320707105200","name":"厉庄村委会"},{"code":"320707105201","name":"山涧村委会"},{"code":"320707105202","name":"河墩村委会"},{"code":"320707105203","name":"北林村委会"},{"code":"320707105204","name":"新坝村委会"},{"code":"320707105205","name":"赤涧一村委会"},{"code":"320707105206","name":"赤涧二村委会"},{"code":"320707105207","name":"赤涧三村委会"},{"code":"320707105208","name":"双河村委会"},{"code":"320707105209","name":"杨岭村委会"},{"code":"320707105210","name":"岭南村委会"},{"code":"320707105211","name":"谭湖村委会"},{"code":"320707105212","name":"谢湖村委会"},{"code":"320707105213","name":"东斗岭村委会"},{"code":"320707105214","name":"西斗岭村委会"},{"code":"320707105215","name":"翔凤岭村委会"}]