[{"code":"320813103001","name":"淮宝居委会"},{"code":"320813103002","name":"西城居委会"},{"code":"320813103003","name":"张马居委会"},{"code":"320813103004","name":"江淮居委会"},{"code":"320813103200","name":"白马湖村委会"},{"code":"320813103201","name":"唐圩村委会"},{"code":"320813103202","name":"滨河村委会"},{"code":"320813103203","name":"岔河村委会"},{"code":"320813103204","name":"南街村委会"},{"code":"320813103205","name":"施汤村委会"},{"code":"320813103206","name":"前进村委会"},{"code":"320813103207","name":"界沟村委会"},{"code":"320813103208","name":"幸福村委会"},{"code":"320813103209","name":"东陈村委会"},{"code":"320813103210","name":"其虎村委会"},{"code":"320813103211","name":"堆头集村委会"},{"code":"320813103212","name":"陈向村委会"},{"code":"320813103213","name":"沈渡村委会"},{"code":"320813103214","name":"桃园村委会"},{"code":"320813103215","name":"同议村委会"},{"code":"320813103216","name":"临泽村委会"},{"code":"320813103217","name":"金李村委会"},{"code":"320813103218","name":"乾宁村委会"},{"code":"320813103219","name":"超群村委会"},{"code":"320813103220","name":"韦集村委会"},{"code":"320813103221","name":"淮徐村委会"}]