[{"code":"320924112001","name":"盘东居委会"},{"code":"320924112002","name":"盘西居委会"},{"code":"320924112200","name":"新华村委会"},{"code":"320924112201","name":"宏大村委会"},{"code":"320924112202","name":"中华村委会"},{"code":"320924112203","name":"振阳村委会"},{"code":"320924112204","name":"新沃村委会"},{"code":"320924112205","name":"安石村委会"},{"code":"320924112206","name":"裕丰村委会"},{"code":"320924112207","name":"塘南村委会"},{"code":"320924112208","name":"裕民村委会"},{"code":"320924112209","name":"南沃村委会"}]