[{"code":"321283108001","name":"曲霞镇居委会"},{"code":"321283108200","name":"印达村委会"},{"code":"321283108201","name":"曲霞村委会"},{"code":"321283108203","name":"肖榨村委会"},{"code":"321283108204","name":"丁桥村委会"},{"code":"321283108205","name":"安乐村委会"},{"code":"321283108206","name":"戴窑村委会"},{"code":"321283108208","name":"李圩村委会"},{"code":"321283108209","name":"朱圩村委会"},{"code":"321283108210","name":"镇西村民委员会"}]