[{"code":"321302203001","name":"古山河居委会"},{"code":"321302203200","name":"张稿村委会"},{"code":"321302203201","name":"要道村委会"},{"code":"321302203202","name":"新路村委会"},{"code":"321302203203","name":"合兴村委会"},{"code":"321302203204","name":"陈海村委会"},{"code":"321302203205","name":"中楼村委会"},{"code":"321302203206","name":"谢庄村委会"},{"code":"321302203207","name":"盛河村委会"},{"code":"321302203208","name":"大王村委会"},{"code":"321302203209","name":"徐墩村委会"}]