[{"code":"330185103200","name":"浪口村委会"},{"code":"330185103221","name":"杨桥村委会"},{"code":"330185103248","name":"指南村委会"},{"code":"330185103251","name":"碧淙村委会"},{"code":"330185103252","name":"青云村委会"},{"code":"330185103253","name":"夏村村委会"},{"code":"330185103254","name":"横徐村委会"},{"code":"330185103255","name":"畈龙村委会"},{"code":"330185103256","name":"射干村委会"},{"code":"330185103257","name":"里畈村委会"},{"code":"330185103258","name":"金岫村委会"},{"code":"330185103259","name":"众社村委会"},{"code":"330185103260","name":"高云村委会"},{"code":"330185103261","name":"南庄村委会"},{"code":"330185103262","name":"上阳村委会"},{"code":"330185103263","name":"光辉村委会"},{"code":"330185103264","name":"东天目村委会"},{"code":"330185103265","name":"临目村委会"},{"code":"330185103266","name":"白沙村委会"},{"code":"330185103267","name":"东坑村委会"}]