[{"code":"330281115001","name":"大岚镇居委会"},{"code":"330281115200","name":"大岚村委会"},{"code":"330281115201","name":"丁家畈村委会"},{"code":"330281115202","name":"新岚村委会"},{"code":"330281115203","name":"雅庄村委会"},{"code":"330281115204","name":"大路下村委会"},{"code":"330281115205","name":"南岚村委会"},{"code":"330281115206","name":"华山村委会"},{"code":"330281115207","name":"黄家庄村委会"},{"code":"330281115208","name":"戴糜村委会"},{"code":"330281115209","name":"阴地龙潭村委会"},{"code":"330281115210","name":"后朱村委会"},{"code":"330281115211","name":"柿林村委会"},{"code":"330281115212","name":"上马村委会"},{"code":"330281115213","name":"大俞村委会"}]