[{"code":"330212116001","name":"古林居委会"},{"code":"330212116002","name":"藕池新村居委会"},{"code":"330212116003","name":"西湖社区居委会"},{"code":"330212116004","name":"盛园社区居委会"},{"code":"330212116005","name":"枫园社区居委会"},{"code":"330212116006","name":"兴园社区居委会"},{"code":"330212116200","name":"西洋港村村委会"},{"code":"330212116201","name":"葑里村村委会"},{"code":"330212116202","name":"古林村村委会"},{"code":"330212116203","name":"施家村村委会"},{"code":"330212116204","name":"俞家村村委会"},{"code":"330212116205","name":"郭夏村村委会"},{"code":"330212116206","name":"鹅颈村村委会"},{"code":"330212116207","name":"戴家村村委会"},{"code":"330212116212","name":"布政村村委会"},{"code":"330212116213","name":"葑水港村村委会"},{"code":"330212116214","name":"张家潭村村委会"},{"code":"330212116215","name":"宋严王村村委会"},{"code":"330212116216","name":"陈横楼村村委会"},{"code":"330212116217","name":"藕池村村委会"},{"code":"330212116219","name":"礼嘉桥村村委会"},{"code":"330212116220","name":"薛家村村委会"},{"code":"330212116221","name":"包家村村委会"},{"code":"330212116222","name":"蜃蛟村村委会"},{"code":"330212116232","name":"前虞村村委会"},{"code":"330212116233","name":"共任村村委会"},{"code":"330212116234","name":"仲一村村委会"},{"code":"330212116235","name":"龙三村村委会"},{"code":"330212116236","name":"茂新村村委会"},{"code":"330212116237","name":"三星村村委会"}]