[{"code":"330206010001","name":"东港社区"},{"code":"330206010002","name":"峰南社区"},{"code":"330206010200","name":"福民村委会"},{"code":"330206010201","name":"大涂塘村委会"},{"code":"330206010202","name":"西门村委会"},{"code":"330206010203","name":"东门村委会"},{"code":"330206010204","name":"北门村委会"},{"code":"330206010205","name":"南门村委会"},{"code":"330206010206","name":"尖岭岙村委会"},{"code":"330206010207","name":"路亭村委会"},{"code":"330206010208","name":"双岙村委会"},{"code":"330206010209","name":"谢家岙村委会"},{"code":"330206010210","name":"华峙村委会"},{"code":"330206010211","name":"大岭下村委会"},{"code":"330206010212","name":"盛岙村委会"},{"code":"330206010213","name":"联合村委会"},{"code":"330206010214","name":"洋涨村委会"},{"code":"330206010215","name":"长浦村委会"},{"code":"330206010216","name":"双屯村委会"},{"code":"330206010217","name":"长坑村委会"}]