[{"code":"330326117200","name":"宋桥村委会"},{"code":"330326117201","name":"孙楼村委会"},{"code":"330326117202","name":"金宕村委会"},{"code":"330326117203","name":"安阳村委会"},{"code":"330326117204","name":"金阳村委会"},{"code":"330326117205","name":"瑞阳村委会"},{"code":"330326117206","name":"尤里村委会"},{"code":"330326117207","name":"栏杆桥村委会"},{"code":"330326117208","name":"冯宅村委会"},{"code":"330326117209","name":"黄垟村委会"},{"code":"330326117210","name":"东村村委会"},{"code":"330326117211","name":"林庄村委会"},{"code":"330326117212","name":"鲍垟村委会"},{"code":"330326117213","name":"赖岙村委会"},{"code":"330326117214","name":"山头外村委会"},{"code":"330326117215","name":"岭下村委会"},{"code":"330326117216","name":"上岙村委会"},{"code":"330326117217","name":"陈岙村委会"},{"code":"330326117218","name":"吴岙村委会"},{"code":"330326117219","name":"东湾村委会"},{"code":"330326117220","name":"湖蛟桥村委会"},{"code":"330326117221","name":"瑶山村委会"},{"code":"330326117222","name":"三都王村委会"},{"code":"330326117223","name":"章桥村委会"},{"code":"330326117224","name":"汇河村委会"},{"code":"330326117225","name":"下桥村委会"},{"code":"330326117226","name":"林岱村委会"},{"code":"330326117227","name":"横塘村委会"},{"code":"330326117228","name":"郑二村委会"},{"code":"330326117229","name":"陈交大村委会"},{"code":"330326117230","name":"古农村委会"},{"code":"330326117231","name":"古渔村委会"},{"code":"330326117232","name":"郑三村委会"},{"code":"330326117233","name":"张阁村委会"},{"code":"330326117234","name":"郑一村委会"},{"code":"330326117235","name":"倪垟村委会"},{"code":"330326117236","name":"周垟村委会"},{"code":"330326117239","name":"叶垟村委会"},{"code":"330326117242","name":"岗上村委会"},{"code":"330326117243","name":"岗下村委会"},{"code":"330326117252","name":"郑东村委会"},{"code":"330326117264","name":"中镇村委会"},{"code":"330326117265","name":"谷垟村委会"},{"code":"330326117266","name":"榆北村委会"},{"code":"330326117267","name":"台头村委会"},{"code":"330326117268","name":"下周村委会"},{"code":"330326117269","name":"荷花村委会"},{"code":"330326117270","name":"上呈村委会"},{"code":"330326117271","name":"榆茶村委会"},{"code":"330326117272","name":"浃口村委会"},{"code":"330326117273","name":"南门村委会"},{"code":"330326117274","name":"麻车村委会"},{"code":"330326117275","name":"新渎村委会"},{"code":"330326117276","name":"岙斗村委会"},{"code":"330326117277","name":"五角斗村委会"},{"code":"330326117278","name":"横湖村委会"},{"code":"330326117279","name":"象湾村委会"},{"code":"330326117280","name":"丰门村委会"},{"code":"330326117281","name":"龙头村委会"},{"code":"330326117282","name":"榆龙村委会"},{"code":"330326117283","name":"榆南村委会"},{"code":"330326117284","name":"万顺村"},{"code":"330326117500","name":"第一农场场区生活区"},{"code":"330326117501","name":"第一农场海涂分场生活区"}]