[{"code":"330328109200","name":"周墩村委会"},{"code":"330328109201","name":"林山村委会"},{"code":"330328109202","name":"大坑村委会"},{"code":"330328109203","name":"中南村委会"},{"code":"330328109204","name":"外南村委会"},{"code":"330328109205","name":"联丰村委会"},{"code":"330328109206","name":"上龙村委会"},{"code":"330328109207","name":"岙底村委会"},{"code":"330328109208","name":"路山村委会"},{"code":"330328109209","name":"项山村委会"},{"code":"330328109210","name":"诸葛岭村委会"},{"code":"330328109211","name":"麻山村委会"},{"code":"330328109212","name":"岭南村委会"},{"code":"330328109213","name":"新南村委会"},{"code":"330328109214","name":"岭岙村委会"}]