[{"code":"330681002001","name":"东盛社区居委会"},{"code":"330681002002","name":"五里亭居委会"},{"code":"330681002003","name":"丁严王居委会"},{"code":"330681002235","name":"廿里牌村委会"},{"code":"330681002238","name":"双桥村委会"},{"code":"330681002246","name":"火烧吴村委会"},{"code":"330681002257","name":"汤家店村委会"},{"code":"330681002268","name":"詹徐王村委会"},{"code":"330681002269","name":"诸中村委会"},{"code":"330681002270","name":"城东村委会"},{"code":"330681002271","name":"王家湖村委会"},{"code":"330681002272","name":"曲陶阮村委会"},{"code":"330681002273","name":"暨东村委会"},{"code":"330681002274","name":"里联村委会"},{"code":"330681002275","name":"黄徐村委会"},{"code":"330681002276","name":"东兴村委会"},{"code":"330681002277","name":"太和村委会"},{"code":"330681002278","name":"章金新村委会"},{"code":"330681002279","name":"高湖村委会"},{"code":"330681002280","name":"浦东新村委会"},{"code":"330681002281","name":"浣东新村委会"},{"code":"330681002282","name":"萝山新村委会"},{"code":"330681002283","name":"盛兆坞一村委会"},{"code":"330681002284","name":"盛兆坞二村委会"},{"code":"330681002285","name":"盛兆坞三村委会"},{"code":"330681002286","name":"李村一村委会"},{"code":"330681002287","name":"李村二村委会"}]