[{"code":"330602001004","name":"花园社区"},{"code":"330602001005","name":"燕甸园社区"},{"code":"330602001008","name":"沈园社区"},{"code":"330602001010","name":"罗北社区"},{"code":"330602001011","name":"塔山社区"},{"code":"330602001012","name":"罗门社区"},{"code":"330602001013","name":"望花社区"},{"code":"330602001015","name":"鲁迅故里社区"},{"code":"330602001016","name":"百草园社区"},{"code":"330602001017","name":"东双桥社区"},{"code":"330602001200","name":"塔山村委会"}]