[{"code":"330723202200","name":"俞源村委会"},{"code":"330723202201","name":"祝洪村委会"},{"code":"330723202203","name":"岩坑村委会"},{"code":"330723202204","name":"后陶村委会"},{"code":"330723202205","name":"吴宅村委会"},{"code":"330723202206","name":"刘秀村委会"},{"code":"330723202207","name":"阳畈村委会"},{"code":"330723202208","name":"凡岭脚村委会"},{"code":"330723202209","name":"下杨一村委会"},{"code":"330723202210","name":"宋村村委会"},{"code":"330723202211","name":"马卜村委会"},{"code":"330723202212","name":"下杨二村委会"},{"code":"330723202213","name":"尖坑村委会"},{"code":"330723202214","name":"钟蓬村委会"},{"code":"330723202215","name":"破岗山村委会"},{"code":"330723202216","name":"黄皮坑村委会"},{"code":"330723202217","name":"黄家里村委会"},{"code":"330723202218","name":"小后陶村委会"},{"code":"330723202219","name":"力丰村委会"},{"code":"330723202220","name":"大黄岭头村委会"},{"code":"330723202222","name":"九龙新村委会"}]