[{"code":"330825002001","name":"东华社区"},{"code":"330825002002","name":"灵江社区"},{"code":"330825002200","name":"桥下村村民委员会"},{"code":"330825002201","name":"鸡鸣村村民委员会"},{"code":"330825002202","name":"小高山村村民委员会"},{"code":"330825002203","name":"湖底叶村村民委员会"},{"code":"330825002204","name":"唐尧村村民委员会"},{"code":"330825002207","name":"新建村村民委员会"},{"code":"330825002208","name":"高仙塘村村民委员会"},{"code":"330825002209","name":"官村村民委员会"},{"code":"330825002212","name":"上杨村村民委员会"},{"code":"330825002213","name":"下杨村村民委员会"},{"code":"330825002214","name":"横路祝村村民委员会"},{"code":"330825002215","name":"街路村村民委员会"},{"code":"330825002219","name":"瑶山村村民委员会"},{"code":"330825002221","name":"桥蔬村村民委员会"},{"code":"330825002222","name":"张王村村民委员会"},{"code":"330825002223","name":"槐王村村民委员会"},{"code":"330825002224","name":"项家村村民委员会"},{"code":"330825002225","name":"童家村村民委员会"},{"code":"330825002226","name":"十里铺村村民委员会"},{"code":"330825002227","name":"方坦村村民委员会"},{"code":"330825002228","name":"岩头村村民委员会"},{"code":"330825002229","name":"上圩头村村民委员会"}]