[{"code":"331082108200","name":"留贤村委会"},{"code":"331082108201","name":"八叠村委会"},{"code":"331082108202","name":"岙西村委会"},{"code":"331082108203","name":"里柱村委会"},{"code":"331082108204","name":"龙潭坑村委会"},{"code":"331082108205","name":"岙东村委会"},{"code":"331082108206","name":"坑头村委会"},{"code":"331082108207","name":"下鲁村委会"},{"code":"331082108208","name":"方山头村委会"},{"code":"331082108209","name":"渡头村委会"},{"code":"331082108210","name":"更楼村委会"},{"code":"331082108211","name":"三江村委会"},{"code":"331082108212","name":"石鼓村委会"},{"code":"331082108213","name":"陈店村委会"},{"code":"331082108214","name":"上垟村委会"},{"code":"331082108215","name":"浦叶村委会"},{"code":"331082108216","name":"下吴村委会"},{"code":"331082108217","name":"望洋店村委会"},{"code":"331082108218","name":"上郭村委会"},{"code":"331082108219","name":"下塘园村委会"},{"code":"331082108220","name":"沙湾村委会"},{"code":"331082108221","name":"磨头村委会"},{"code":"331082108222","name":"沙头村委会"},{"code":"331082108223","name":"后郭村委会"},{"code":"331082108224","name":"杨杜村委会"},{"code":"331082108225","name":"下缸窑村委会"},{"code":"331082108226","name":"下蔡村委会"},{"code":"331082108227","name":"柴埠渡村委会"},{"code":"331082108228","name":"上坪村委会"},{"code":"331082108229","name":"下坪村委会"},{"code":"331082108230","name":"蓼岸村委会"},{"code":"331082108231","name":"董岸村委会"},{"code":"331082108232","name":"坊前村委会"},{"code":"331082108233","name":"白毛村委会"},{"code":"331082108234","name":"官庄村委会"},{"code":"331082108235","name":"新四村委会"},{"code":"331082108236","name":"下村村委会"},{"code":"331082108237","name":"桥阳村委会"},{"code":"331082108238","name":"西岙村委会"},{"code":"331082108239","name":"前后人村委会"},{"code":"331082108240","name":"义岙口村委会"},{"code":"331082108241","name":"江溪村委会"},{"code":"331082108242","name":"大洋村委会"},{"code":"331082108243","name":"姜家岙村委会"},{"code":"331082108244","name":"岭后村委会"},{"code":"331082108245","name":"大山郭村委会"},{"code":"331082108246","name":"马郎山村委会"},{"code":"331082108247","name":"沿岸村委会"},{"code":"331082108248","name":"利站村委会"},{"code":"331082108249","name":"谢岙村委会"},{"code":"331082108250","name":"赤缪街村委会"},{"code":"331082108251","name":"赤缪童村委会"},{"code":"331082108252","name":"昌岙村委会"},{"code":"331082108253","name":"口坑岙村委会"},{"code":"331082108254","name":"潘岙村委会"},{"code":"331082108255","name":"吕山店村委会"},{"code":"331082108256","name":"尹村村委会"},{"code":"331082108257","name":"石佛洋村委会"},{"code":"331082108258","name":"许岙村委会"},{"code":"331082108259","name":"三益村委会"},{"code":"331082108260","name":"沙段村委会"},{"code":"331082108261","name":"下沈村委会"},{"code":"331082108262","name":"周家岙村委会"},{"code":"331082108263","name":"松树林村委会"},{"code":"331082108264","name":"陈婆岙村委会"},{"code":"331082108265","name":"下赵村委会"},{"code":"331082108266","name":"桥下村委会"},{"code":"331082108267","name":"方家岙村委会"},{"code":"331082108268","name":"方家岭村委会"},{"code":"331082108269","name":"张家湾村委会"},{"code":"331082108270","name":"崔岙村委会"},{"code":"331082108271","name":"水港村委会"},{"code":"331082108272","name":"满塘村委会"},{"code":"331082108273","name":"茶辽村委会"},{"code":"331082108274","name":"新坦村委会"},{"code":"331082108275","name":"上山村委会"},{"code":"331082108276","name":"荷山村委会"},{"code":"331082108277","name":"彭山村委会"}]