[{"code":"331181104001","name":"安泰社区居委会"},{"code":"331181104200","name":"项边村村委会"},{"code":"331181104201","name":"刘坊村村委会"},{"code":"331181104202","name":"黄汤村村委会"},{"code":"331181104203","name":"大丘另村村委会"},{"code":"331181104204","name":"花庵村村委会"},{"code":"331181104205","name":"安仁口村村委会"},{"code":"331181104206","name":"双岙村村委会"},{"code":"331181104207","name":"庄山村村委会"},{"code":"331181104208","name":"严山村村委会"},{"code":"331181104209","name":"新建村村委会"},{"code":"331181104210","name":"安民村村委会"},{"code":"331181104211","name":"水源头村村委会"},{"code":"331181104212","name":"谷坑村村委会"},{"code":"331181104213","name":"上际村村委会"},{"code":"331181104214","name":"黄泥岭村村委会"},{"code":"331181104215","name":"广田村村委会"},{"code":"331181104216","name":"沈庄村村委会"},{"code":"331181104217","name":"湖尖下村村委会"},{"code":"331181104218","name":"季山头村村委会"},{"code":"331181104219","name":"李登村村委会"},{"code":"331181104220","name":"大舍村村委会"},{"code":"331181104221","name":"安福村村委会"},{"code":"331181104222","name":"张畈村村委会"},{"code":"331181104223","name":"沈山头村村委会"},{"code":"331181104224","name":"黄山下村村委会"},{"code":"331181104225","name":"丫叉丘村村委会"},{"code":"331181104226","name":"叶山头村村委会"},{"code":"331181104227","name":"梅坑村村委会"},{"code":"331181104228","name":"大源村村委会"},{"code":"331181104229","name":"坑下村村委会"},{"code":"331181104230","name":"岩头村村委会"},{"code":"331181104231","name":"胜源村村委会"},{"code":"331181104232","name":"胜游村村委会"},{"code":"331181104233","name":"胜岱村村委会"},{"code":"331181104234","name":"胜阳村村委会"},{"code":"331181104235","name":"胜湖村村委会"},{"code":"331181104236","name":"黄桶村村委会"}]