[{"code":"340321110200","name":"白莲坡村委会"},{"code":"340321110201","name":"杨圩村委会"},{"code":"340321110202","name":"上桥村委会"},{"code":"340321110203","name":"汪圩村委会"},{"code":"340321110204","name":"赵拐村委会"},{"code":"340321110205","name":"新庄村委会"},{"code":"340321110206","name":"前嘴村委会"},{"code":"340321110207","name":"唐庙村委会"},{"code":"340321110208","name":"吴桥村委会"},{"code":"340321110209","name":"饶郢村委会"},{"code":"340321110210","name":"管庄村委会"},{"code":"340321110211","name":"叶湖村委会"},{"code":"340321110212","name":"老圩村委会"},{"code":"340321110213","name":"草庙村委会"},{"code":"340321110214","name":"丁淮村委会"},{"code":"340321110215","name":"廖巷村委会"},{"code":"340321110216","name":"钱巷村委会"},{"code":"340321110217","name":"胡疃村委会"},{"code":"340321110218","name":"瓦房村委会"},{"code":"340321110219","name":"大朱村委会"},{"code":"340321110220","name":"双庙村委会"},{"code":"340321110221","name":"邵王村委会"},{"code":"340321110222","name":"姚山村委会"},{"code":"340321110223","name":"茆塘村委会"}]