[{"code":"340422107001","name":"安丰街道居委会"},{"code":"340422107002","name":"苏王街道居委会"},{"code":"340422107200","name":"老街村委会"},{"code":"340422107201","name":"戈店村委会"},{"code":"340422107202","name":"井亭村委会"},{"code":"340422107203","name":"四店村委会"},{"code":"340422107204","name":"柿园村委会"},{"code":"340422107205","name":"大树村委会"},{"code":"340422107206","name":"申桥村委会"},{"code":"340422107207","name":"宋墙村委会"}]