[{"code":"340621109200","name":"孙町村委会"},{"code":"340621109201","name":"炮楼村委会"},{"code":"340621109202","name":"燕头村委会"},{"code":"340621109204","name":"杨柳村委会"},{"code":"340621109205","name":"刘圩村委会"},{"code":"340621109206","name":"沟西村委会"},{"code":"340621109207","name":"代庙村委会"},{"code":"340621109208","name":"王楼村委会"},{"code":"340621109209","name":"楼坊村委会"},{"code":"340621109210","name":"王圩村委会"},{"code":"340621109211","name":"六八里村委会"},{"code":"340621109212","name":"任李村委会"},{"code":"340621109213","name":"徐圩村委会"},{"code":"340621109214","name":"刘寨村委会"},{"code":"340621109215","name":"大田村委会"},{"code":"340621109216","name":"郜桥村委会"},{"code":"340621109217","name":"耿圩村委会"},{"code":"340621109218","name":"四李村委会"},{"code":"340621109219","name":"秦口村委会"},{"code":"340621109220","name":"郭集村委会"},{"code":"340621109221","name":"尤沟村委会"},{"code":"340621109222","name":"陈楼村委会"},{"code":"340621109501","name":"孙町良种场"}]