[{"code":"340722105200","name":"周潭村委会"},{"code":"340722105201","name":"大山村委会"},{"code":"340722105202","name":"施湾村委会"},{"code":"340722105203","name":"枫林村委会"},{"code":"340722105204","name":"凤凰村委会"},{"code":"340722105205","name":"七井村委会"},{"code":"340722105206","name":"永兴村委会"},{"code":"340722105207","name":"吴桥村委会"},{"code":"340722105208","name":"田埠村委会"},{"code":"340722105209","name":"彭桥村委会"},{"code":"340722105210","name":"澄英村委会"}]