[{"code":"341021101001","name":"深渡社区居委会"},{"code":"341021101002","name":"大茂社区居委会"},{"code":"341021101203","name":"九砂村委会"},{"code":"341021101204","name":"定潭村委会"},{"code":"341021101205","name":"昌中村委会"},{"code":"341021101206","name":"约源村委会"},{"code":"341021101207","name":"漳潭村委会"},{"code":"341021101208","name":"漳村湾村委会"},{"code":"341021101209","name":"漳岭山村委会"},{"code":"341021101210","name":"三源村委会"},{"code":"341021101211","name":"绵潭村委会"},{"code":"341021101212","name":"淮源村委会"}]