[{"code":"341202106200","name":"胜华村委会"},{"code":"341202106201","name":"花园村委会"},{"code":"341202106202","name":"倪寨村委会"},{"code":"341202106203","name":"葛庙村委会"},{"code":"341202106204","name":"三塔村委会"},{"code":"341202106205","name":"吴大村委会"},{"code":"341202106206","name":"李小郢村委会"},{"code":"341202106207","name":"张湖村委会"},{"code":"341202106208","name":"周赵村委会"},{"code":"341202106209","name":"徐寨村委会"},{"code":"341202106210","name":"张寨村委会"},{"code":"341202106211","name":"前进村委会"},{"code":"341202106212","name":"大塘村委会"},{"code":"341202106213","name":"冯于村委会"},{"code":"341202106214","name":"胜庄村委会"},{"code":"341202106215","name":"拐湾村委会"},{"code":"341202106216","name":"洲孜村委会"}]