[{"code":"341321103200","name":"唐寨村委会"},{"code":"341321103201","name":"和谐村委会"},{"code":"341321103202","name":"戴庄村委会"},{"code":"341321103203","name":"潘坝村委会"},{"code":"341321103204","name":"山寨村委会"},{"code":"341321103205","name":"油坊村委会"},{"code":"341321103206","name":"光明村委会"},{"code":"341321103207","name":"于集村委会"},{"code":"341321103208","name":"唐集村委会"},{"code":"341321103209","name":"文庄村委会"},{"code":"341321103210","name":"侯口村委会"},{"code":"341321103211","name":"毛堂村委会"},{"code":"341321103212","name":"汪庄村委会"},{"code":"341321103213","name":"家和村委会"}]