[{"code":"341602103200","name":"魏岗村委会"},{"code":"341602103201","name":"大陈村委会"},{"code":"341602103202","name":"王井村委会"},{"code":"341602103203","name":"前芮村委会"},{"code":"341602103204","name":"崔庄村委会"},{"code":"341602103205","name":"谭楼村委会"},{"code":"341602103206","name":"马场村委会"},{"code":"341602103207","name":"赵庄村委会"},{"code":"341602103208","name":"蒋庄村委会"},{"code":"341602103209","name":"高楼村委会"},{"code":"341602103210","name":"刘小庙村委会"},{"code":"341602103211","name":"谭营村委会"},{"code":"341602103212","name":"刘阁村委会"}]