[{"code":"341825100001","name":"南门居委会"},{"code":"341825100002","name":"北门居委会"},{"code":"341825100003","name":"河东居委会"},{"code":"341825100004","name":"瑞市居委会"},{"code":"341825100005","name":"新桥居委会"},{"code":"341825100200","name":"新庄村委会"},{"code":"341825100201","name":"柳溪村委会"},{"code":"341825100202","name":"华丰村委会"},{"code":"341825100203","name":"凫山村委会"},{"code":"341825100204","name":"凫秀村委会"},{"code":"341825100205","name":"篁嘉村委会"},{"code":"341825100206","name":"板桥村委会"},{"code":"341825100207","name":"霞溪村委会"},{"code":"341825100208","name":"浩庄村委会"}]