[{"code":"350124104001","name":"白中居委会"},{"code":"350124104201","name":"田中村委会"},{"code":"350124104202","name":"珠中村委会"},{"code":"350124104203","name":"白汀村委会"},{"code":"350124104204","name":"前坂村委会"},{"code":"350124104205","name":"攸太村委会"},{"code":"350124104206","name":"黄石村委会"},{"code":"350124104207","name":"梅坂村委会"},{"code":"350124104208","name":"可梅村委会"},{"code":"350124104209","name":"保林村委会"},{"code":"350124104210","name":"普贤村委会"},{"code":"350124104211","name":"继善村委会"},{"code":"350124104212","name":"继新村委会"},{"code":"350124104213","name":"霞溪村委会"}]