[{"code":"350623107201","name":"石榴村委会"},{"code":"350623107202","name":"下车村委会"},{"code":"350623107203","name":"温斗村委会"},{"code":"350623107204","name":"长兴村委会"},{"code":"350623107206","name":"东山村委会"},{"code":"350623107207","name":"玳瑁村委会"},{"code":"350623107208","name":"梅东村委会"},{"code":"350623107209","name":"梅西村委会"},{"code":"350623107210","name":"梅北村委会"},{"code":"350623107211","name":"扳龙村委会"},{"code":"350623107212","name":"崎溪村委会"},{"code":"350623107213","name":"芳林村委会"},{"code":"350623107214","name":"胜利村委会"},{"code":"350623107215","name":"象牙村委会"},{"code":"350623107216","name":"龙岭村委会"},{"code":"350623107217","name":"山城村委会"},{"code":"350623107218","name":"车本村委会"},{"code":"350623107219","name":"田寮村委会"}]