[{"code":"350624103201","name":"牙头村委会"},{"code":"350624103202","name":"林中村委会"},{"code":"350624103203","name":"西山村委会"},{"code":"350624103204","name":"下寮村委会"},{"code":"350624103205","name":"内凤村委会"},{"code":"350624103206","name":"外凤村委会"},{"code":"350624103207","name":"甲洲村委会"},{"code":"350624103208","name":"桥头村委会"},{"code":"350624103209","name":"林巷村委会"},{"code":"350624103210","name":"林家村委会"},{"code":"350624103211","name":"桥园村委会"},{"code":"350624103212","name":"溪雅村委会"},{"code":"350624103213","name":"澳头村委会"},{"code":"350624103214","name":"西沈村委会"},{"code":"350624103215","name":"西浒村委会"},{"code":"350624103216","name":"村东村委会"},{"code":"350624103217","name":"村中村委会"},{"code":"350624103218","name":"村西村委会"},{"code":"350624103219","name":"仙塘村委会"},{"code":"350624103220","name":"含英村委会"},{"code":"350624103221","name":"西霞村委会"},{"code":"350624103222","name":"东霞村委会"},{"code":"350624103223","name":"洪州村委会"}]