[{"code":"350783101001","name":"玉屏居委会"},{"code":"350783101201","name":"吉阳村委会"},{"code":"350783101202","name":"玉溪村委会"},{"code":"350783101203","name":"宅墩村委会"},{"code":"350783101204","name":"曹墩村委会"},{"code":"350783101205","name":"新桥村委会"},{"code":"350783101206","name":"胜利村委会"},{"code":"350783101207","name":"张坑村委会"},{"code":"350783101208","name":"巧溪村委会"},{"code":"350783101209","name":"大夫村委会"},{"code":"350783101210","name":"黄布村委会"},{"code":"350783101211","name":"巨历口村委会"},{"code":"350783101212","name":"圭历村委会"}]