[{"code":"350823109201","name":"蛟洋村委会"},{"code":"350823109202","name":"塘厦村委会"},{"code":"350823109203","name":"丘坊村委会"},{"code":"350823109204","name":"华家村委会"},{"code":"350823109205","name":"再兴村委会"},{"code":"350823109206","name":"中村村委会"},{"code":"350823109207","name":"坪上村委会"},{"code":"350823109208","name":"再嘉村委会"},{"code":"350823109209","name":"邹坑村委会"},{"code":"350823109210","name":"文都村委会"},{"code":"350823109211","name":"苏坑村委会"},{"code":"350823109212","name":"丰年村委会"},{"code":"350823109213","name":"贵竹村委会"},{"code":"350823109214","name":"秋竹村委会"},{"code":"350823109215","name":"小和村委会"},{"code":"350823109216","name":"梅坝村委会"},{"code":"350823109217","name":"坪埔村委会"},{"code":"350823109218","name":"下道湖村委会"},{"code":"350823109219","name":"崇头村委会"},{"code":"350823109220","name":"东乾村委会"},{"code":"350823109221","name":"陈坊村委会"},{"code":"350823109222","name":"文地村委会"},{"code":"350823109223","name":"杨梅坑村委会"},{"code":"350823109224","name":"达理村委会"},{"code":"350823109225","name":"桃源村委会"}]