[{"code":"350921201201","name":"水门村委会"},{"code":"350921201202","name":"玉山村委会"},{"code":"350921201203","name":"大浿村委会"},{"code":"350921201204","name":"承天村委会"},{"code":"350921201205","name":"八斗坵村委会"},{"code":"350921201206","name":"桥头村委会"},{"code":"350921201207","name":"大洋村委会"},{"code":"350921201208","name":"芦阳村委会"},{"code":"350921201209","name":"武坪村委会"},{"code":"350921201210","name":"百笕村委会"},{"code":"350921201211","name":"湖里村委会"},{"code":"350921201212","name":"里洋村委会"},{"code":"350921201213","name":"半岭村委会"},{"code":"350921201214","name":"七斗岔村委会"},{"code":"350921201215","name":"大平村委会"},{"code":"350921201216","name":"茶岗村委会"},{"code":"350921201217","name":"长湖村委会"},{"code":"350921201218","name":"上洋村委会"},{"code":"350921201219","name":"小竹湾村委会"},{"code":"350921201220","name":"水井头村委会"},{"code":"350921201221","name":"高盘村委会"},{"code":"350921201222","name":"墩后村委会"},{"code":"350921201223","name":"青岙村委会"}]