[{"code":"350926205201","name":"楮坪村委会"},{"code":"350926205202","name":"坑头村委会"},{"code":"350926205203","name":"石咸村委会"},{"code":"350926205204","name":"后楼村委会"},{"code":"350926205205","name":"秀家宅村委会"},{"code":"350926205206","name":"仙岭村委会"},{"code":"350926205207","name":"洋坪村委会"},{"code":"350926205208","name":"彭家山村委会"},{"code":"350926205209","name":"茶湾村委会"},{"code":"350926205210","name":"湾里村委会"},{"code":"350926205211","name":"马蹄岩村委会"},{"code":"350926205212","name":"苏家洋村委会"},{"code":"350926205213","name":"社坪村委会"},{"code":"350926205214","name":"洪坑村委会"},{"code":"350926205215","name":"湖头村委会"}]