[{"code":"360103010001","name":"二七南路社区居委会"},{"code":"360103010002","name":"洛阳路社区居委会"},{"code":"360103010003","name":"广场南路社区居委会"},{"code":"360103010004","name":"站前路社区居委会"},{"code":"360103010005","name":"站南巷社区居委会"},{"code":"360103010006","name":"井岗山大道社区居委会"},{"code":"360103010007","name":"解放西路西社区居委会"},{"code":"360103010010","name":"铁路七村社区"},{"code":"360103010011","name":"铁路二村社区"},{"code":"360103010012","name":"铁路三村东社区"},{"code":"360103010013","name":"铁路三村西社区"},{"code":"360103010014","name":"铁路四村社区"}]