[{"code":"360112206001","name":"大塘街居委会"},{"code":"360112206002","name":"观咀街居委会"},{"code":"360112206200","name":"大塘村委会"},{"code":"360112206201","name":"胜利村委会"},{"code":"360112206202","name":"上庄村委会"},{"code":"360112206203","name":"红旗村委会"},{"code":"360112206204","name":"光华村委会"},{"code":"360112206205","name":"光明村委会"},{"code":"360112206206","name":"长胜村委会"},{"code":"360112206207","name":"新培村委会"},{"code":"360112206208","name":"新富村委会"},{"code":"360112206209","name":"新村村委会"},{"code":"360112206210","name":"联合村委会"},{"code":"360112206211","name":"光辉村委会"},{"code":"360112206212","name":"献忠村委会"},{"code":"360112206213","name":"观西村委会"},{"code":"360112206214","name":"沙溪村委会"},{"code":"360112206215","name":"观前村委会"},{"code":"360112206216","name":"永战村委会"},{"code":"360112206217","name":"溪头村委会"}]