[{"code":"360203100002","name":"山水瑞园社区居委会"},{"code":"360203100003","name":"假日广场社区居委会"},{"code":"360203100200","name":"樊家井村委会"},{"code":"360203100201","name":"方家山村委会"},{"code":"360203100202","name":"后街村委会"},{"code":"360203100203","name":"前街村委会"},{"code":"360203100204","name":"新厂村委会"},{"code":"360203100205","name":"黄泥头村委会"},{"code":"360203100206","name":"湖田村委会"},{"code":"360203100207","name":"三宝村委会"},{"code":"360203100208","name":"童街村委会"},{"code":"360203100209","name":"银坑村委会"},{"code":"360203100210","name":"昌江村委会"},{"code":"360203100211","name":"小港嘴村委会"},{"code":"360203100212","name":"青塘村委会"},{"code":"360203100213","name":"洋湖村委会"}]