[{"code":"360430102001","name":"马垱街居民委员会"},{"code":"360430102002","name":"金山居民委员会"},{"code":"360430102200","name":"南垅村民委员会"},{"code":"360430102201","name":"四联村民委员会"},{"code":"360430102202","name":"跃进村民委员会"},{"code":"360430102203","name":"茅湾村民委员会"},{"code":"360430102204","name":"莲花村民委员会"},{"code":"360430102205","name":"杨柳村民委员会"},{"code":"360430102206","name":"船形村民委员会"},{"code":"360430102207","name":"湖西村民委员会"},{"code":"360430102208","name":"丽山村民委员会"},{"code":"360430102209","name":"太阳村民委员会"},{"code":"360430102210","name":"和团村民委员会"},{"code":"360430102211","name":"荆桥村民委员会"}]