[{"code":"360726200200","name":"镇岗村村委会"},{"code":"360726200201","name":"高峰村村委会"},{"code":"360726200202","name":"黄洞村村委会"},{"code":"360726200203","name":"罗山村村委会"},{"code":"360726200204","name":"涌水村村委会"},{"code":"360726200205","name":"赖塘村村委会"},{"code":"360726200206","name":"富长村村委会"},{"code":"360726200207","name":"龙安村村委会"},{"code":"360726200208","name":"樟溪村村委会"},{"code":"360726200209","name":"老围村村委会"}]