[{"code":"360732214200","name":"城岗村委会"},{"code":"360732214201","name":"横坑村委会"},{"code":"360732214202","name":"罗兴村委会"},{"code":"360732214203","name":"石浒村委会"},{"code":"360732214204","name":"瓦溪村委会"},{"code":"360732214205","name":"长保村委会"},{"code":"360732214206","name":"余溪村委会"},{"code":"360732214207","name":"凌陈村委会"},{"code":"360732214208","name":"回龙村委会"},{"code":"360732214209","name":"下洲村委会"},{"code":"360732214210","name":"榔槎村委会"},{"code":"360732214211","name":"东坑村委会"},{"code":"360732214212","name":"正气村委会"},{"code":"360732214213","name":"增洒村委会"},{"code":"360732214214","name":"大获村委会"},{"code":"360732214215","name":"小获村委会"},{"code":"360732214216","name":"白石村委会"},{"code":"360732214217","name":"铜锣丘村委会"},{"code":"360732214218","name":"严坑村委会"}]