[{"code":"360983104001","name":"八景社区居委会"},{"code":"360983104002","name":"吉岭社区居委会"},{"code":"360983104003","name":"峨嵋山居民委员会"},{"code":"360983104004","name":"虎山居民委员会"},{"code":"360983104005","name":"狮山居民委员会"},{"code":"360983104006","name":"龙山居民委员会"},{"code":"360983104200","name":"西南岭村委会"},{"code":"360983104201","name":"庄头村委会"},{"code":"360983104202","name":"观上村委会"},{"code":"360983104203","name":"石头渡村委会"},{"code":"360983104204","name":"胡家坊村委会"},{"code":"360983104205","name":"樟坑村委会"},{"code":"360983104206","name":"槐山村委会"},{"code":"360983104207","name":"礼港村委会"},{"code":"360983104208","name":"上保村委会"},{"code":"360983104209","name":"灶岗村委会"},{"code":"360983104210","name":"盐湖村委会"}]