[{"code":"360982200001","name":"中洲居委会"},{"code":"360982200200","name":"荷陂村委会"},{"code":"360982200201","name":"严家村委会"},{"code":"360982200202","name":"新屋村委会"},{"code":"360982200203","name":"来陂村委会"},{"code":"360982200204","name":"车塘村委会"},{"code":"360982200205","name":"石桥村委会"},{"code":"360982200206","name":"西塘村委会"},{"code":"360982200207","name":"万塘村委会"},{"code":"360982200208","name":"石头村委会"},{"code":"360982200209","name":"江平村委会"},{"code":"360982200210","name":"甘竹村委会"}]