[{"code":"361022200001","name":"潭溪乡街道社区"},{"code":"361022200200","name":"幸福村委会"},{"code":"361022200201","name":"大芸村委会"},{"code":"361022200202","name":"河溪村委会"},{"code":"361022200203","name":"三都村委会"},{"code":"361022200204","name":"长洋村委会"},{"code":"361022200205","name":"团村村委会"},{"code":"361022200206","name":"文青村委会"},{"code":"361022200207","name":"河塘村委会"},{"code":"361022200208","name":"新庄村委会"},{"code":"361022200209","name":"五星村委会"},{"code":"361022200210","name":"芦陂村委会"}]