[{"code":"361024100001","name":"道南居委会"},{"code":"361024100002","name":"中山居委会"},{"code":"361024100003","name":"新街居委会"},{"code":"361024100004","name":"城北居委会"},{"code":"361024100005","name":"中大居委会"},{"code":"361024100006","name":"西路居委会"},{"code":"361024100007","name":"胜利居委会"},{"code":"361024100008","name":"黄家居委会"},{"code":"361024100009","name":"永胜社区"},{"code":"361024100010","name":"一木社区"},{"code":"361024100200","name":"巴山村委会"},{"code":"361024100201","name":"宝水村委会"},{"code":"361024100202","name":"罗溪村委会"},{"code":"361024100203","name":"乐丰村委会"},{"code":"361024100204","name":"竹山村委会"},{"code":"361024100205","name":"永胜村委会"},{"code":"361024100206","name":"何家村委会"},{"code":"361024100207","name":"里坊村委会"},{"code":"361024100208","name":"跃进村委会"},{"code":"361024100209","name":"光明村委会"},{"code":"361024100210","name":"永红村委会"},{"code":"361024100211","name":"圩里村委会"},{"code":"361024100212","name":"罗枧村委会"},{"code":"361024100213","name":"洋洲村委会"},{"code":"361024100214","name":"中分村委会"},{"code":"361024100215","name":"萱华村委会"},{"code":"361024100216","name":"刘渡村委会"},{"code":"361024100217","name":"开发村委会"},{"code":"361024100218","name":"东门村委会"}]