[{"code":"361023104200","name":"洽湾村委会"},{"code":"361023104201","name":"上店村委会"},{"code":"361023104202","name":"黄家村委会"},{"code":"361023104203","name":"浆坑村委会"},{"code":"361023104204","name":"上游村委会"},{"code":"361023104205","name":"黄坊村委会"},{"code":"361023104206","name":"西坪村委会"},{"code":"361023104207","name":"石磜村委会"},{"code":"361023104208","name":"长岭村委会"},{"code":"361023104209","name":"桃源村委会"},{"code":"361023104210","name":"加津村委会"}]