[{"code":"361103003001","name":"苏塘社区居民委员会"},{"code":"361103003002","name":"五角塘社区居民委员会"},{"code":"361103003003","name":"小康城社区居民委员会"},{"code":"361103003004","name":"南屏社区居民委员会"},{"code":"361103003005","name":"塘墀社区居民委员会"},{"code":"361103003006","name":"金墀社区居民委员会"},{"code":"361103003007","name":"卧龙城社区居民委员会"},{"code":"361103003200","name":"三都村民委员会"},{"code":"361103003201","name":"大石山村民委员会"},{"code":"361103003202","name":"黄家淤村民委员会"},{"code":"361103003203","name":"朱坞村民委员会"}]