[{"code":"361128216001","name":"三庙前社区居民委员会"},{"code":"361128216200","name":"三庙前村民委员会"},{"code":"361128216201","name":"和丰村民委员会"},{"code":"361128216202","name":"埠丰村民委员会"},{"code":"361128216203","name":"渡头村民委员会"},{"code":"361128216204","name":"马墩村民委员会"},{"code":"361128216205","name":"吉潭村民委员会"},{"code":"361128216206","name":"大利村民委员会"},{"code":"361128216207","name":"东高村民委员会"},{"code":"361128216208","name":"雷村村民委员会"},{"code":"361128216209","name":"东阳村民委员会"},{"code":"361128216210","name":"山闾村民委员会"},{"code":"361128216211","name":"东朋村民委员会"},{"code":"361128216212","name":"东朗村民委员会"},{"code":"361128216213","name":"栎树村民委员会"},{"code":"361128216214","name":"柘岭村民委员会"},{"code":"361128216215","name":"横岭村民委员会"},{"code":"361128216216","name":"樟潭村民委员会"},{"code":"361128216217","name":"布袋村民委员会"},{"code":"361128216218","name":"龙丰村民委员会"},{"code":"361128216219","name":"洪曹村民委员会"},{"code":"361128216220","name":"青泥村民委员会"},{"code":"361128216221","name":"濠湖村民委员会"},{"code":"361128216222","name":"万安村民委员会"},{"code":"361128216223","name":"乐安村民委员会"},{"code":"361128216224","name":"高峰村民委员会"}]