[{"code":"370283120001","name":"长青居委会"},{"code":"370283120200","name":"所里头村委会"},{"code":"370283120201","name":"高家村委会"},{"code":"370283120202","name":"韭园村委会"},{"code":"370283120203","name":"大疃村委会"},{"code":"370283120204","name":"北台村委会"},{"code":"370283120205","name":"秦姑庵村委会"},{"code":"370283120206","name":"响山潘家村委会"},{"code":"370283120207","name":"尹家村委会"},{"code":"370283120208","name":"三山东头村委会"},{"code":"370283120209","name":"谭家夼村委会"},{"code":"370283120210","name":"西崖村委会"},{"code":"370283120211","name":"旋口村委会"},{"code":"370283120212","name":"团石子村委会"},{"code":"370283120213","name":"梁家庄子村委会"},{"code":"370283120214","name":"南昌村村委会"},{"code":"370283120215","name":"北昌村村委会"},{"code":"370283120216","name":"东岳石村委会"},{"code":"370283120217","name":"西岳石村委会"},{"code":"370283120218","name":"岳石庄子村委会"},{"code":"370283120219","name":"丁家村委会"},{"code":"370283120220","name":"小店村委会"},{"code":"370283120221","name":"高望山村委会"},{"code":"370283120222","name":"仉家寨村委会"},{"code":"370283120223","name":"北朝阳庄村委会"},{"code":"370283120224","name":"上甲村委会"},{"code":"370283120225","name":"河北四甲村委会"},{"code":"370283120226","name":"东八甲村委会"},{"code":"370283120227","name":"西五甲村委会"},{"code":"370283120228","name":"东五甲村委会"},{"code":"370283120229","name":"西崖刘家村委会"},{"code":"370283120230","name":"东崖刘家村委会"},{"code":"370283120231","name":"洼子高家村委会"},{"code":"370283120232","name":"北蒋家村委会"},{"code":"370283120233","name":"北隋村委会"},{"code":"370283120234","name":"河崖刘家村委会"},{"code":"370283120235","name":"河崖王家村委会"},{"code":"370283120236","name":"胡家庄村委会"},{"code":"370283120237","name":"前沙岭村委会"},{"code":"370283120238","name":"后沙岭村委会"},{"code":"370283120239","name":"东升村委会"},{"code":"370283120240","name":"陈家村村委会"},{"code":"370283120241","name":"徐王村委会"},{"code":"370283120242","name":"大孙家村委会"},{"code":"370283120243","name":"东高家村委会"},{"code":"370283120244","name":"西高家村委会"},{"code":"370283120245","name":"后高家村委会"},{"code":"370283120246","name":"任王庄村委会"},{"code":"370283120247","name":"强家村委会"},{"code":"370283120248","name":"北许家村委会"},{"code":"370283120249","name":"涩埠村委会"},{"code":"370283120250","name":"大陈家村委会"},{"code":"370283120251","name":"北坡子村委会"},{"code":"370283120252","name":"院东村委会"},{"code":"370283120253","name":"苗家村委会"},{"code":"370283120254","name":"荆家村委会"},{"code":"370283120255","name":"石柱子村委会"},{"code":"370283120256","name":"麻湾村委会"},{"code":"370283120257","name":"王埠庄东村委会"},{"code":"370283120258","name":"王埠庄西村委会"},{"code":"370283120259","name":"西韩家村委会"},{"code":"370283120260","name":"桑杭村委会"},{"code":"370283120261","name":"大朱家村委会"},{"code":"370283120262","name":"钟家村委会"},{"code":"370283120263","name":"唐家村委会"},{"code":"370283120264","name":"冯家村委会"},{"code":"370283120265","name":"沙沟村委会"},{"code":"370283120266","name":"王家村村委会"},{"code":"370283120267","name":"孙家庄村委会"},{"code":"370283120268","name":"南韩家村委会"},{"code":"370283120269","name":"前吴家村委会"},{"code":"370283120270","name":"西辛旺村委会"},{"code":"370283120271","name":"中辛旺村委会"},{"code":"370283120272","name":"东辛旺村委会"},{"code":"370283120273","name":"芦家村委会"},{"code":"370283120274","name":"崔家疃村委会"},{"code":"370283120275","name":"棣家疃村委会"},{"code":"370283120276","name":"刘家疃村委会"},{"code":"370283120277","name":"陈家庄村委会"},{"code":"370283120278","name":"季家疃村委会"},{"code":"370283120279","name":"祝哥庄村委会"}]