[{"code":"370302102002","name":"昆山社区居委会"},{"code":"370302102003","name":"舜天社区居委会"},{"code":"370302102004","name":"光正社区"},{"code":"370302102005","name":"天晟社区"},{"code":"370302102201","name":"小昆仑村村委会"},{"code":"370302102202","name":"大昆仑村村委会"},{"code":"370302102203","name":"洄村村委会"},{"code":"370302102204","name":"聂村村委会"},{"code":"370302102205","name":"西笠山村村委会"},{"code":"370302102206","name":"东笠山村村委会"},{"code":"370302102207","name":"东龙角村村委会"},{"code":"370302102208","name":"西龙角村村委会"},{"code":"370302102209","name":"奎一村村委会"},{"code":"370302102210","name":"奎二村村委会"},{"code":"370302102211","name":"奎三村村委会"},{"code":"370302102212","name":"奎四村村委会"},{"code":"370302102213","name":"宋家坊村村委会"},{"code":"370302102214","name":"康加坞村村委会"},{"code":"370302102215","name":"郭庄村村委会"},{"code":"370302102216","name":"许家村村委会"},{"code":"370302102217","name":"磁村村委会"},{"code":"370302102218","name":"石牛埠村委会"},{"code":"370302102219","name":"北小庄村委会"},{"code":"370302102220","name":"四维村委会"},{"code":"370302102221","name":"上甘泉村委会"},{"code":"370302102222","name":"大百锡村委会"},{"code":"370302102223","name":"小百锡村委会"},{"code":"370302102224","name":"河夹村委会"},{"code":"370302102225","name":"马庄村委会"},{"code":"370302102226","name":"小邢村委会"},{"code":"370302102227","name":"三台村委会"},{"code":"370302102228","name":"坡子村委会"},{"code":"370302102229","name":"刘瓦村委会"},{"code":"370302102230","name":"张李村委会"},{"code":"370302102231","name":"东高村委会"},{"code":"370302102232","name":"西高村委会"},{"code":"370302102233","name":"大范村委会"},{"code":"370302102234","name":"小范村委会"},{"code":"370302102235","name":"马棚村委会"},{"code":"370302102236","name":"滴水泉村委会"},{"code":"370302102237","name":"车峪口村委会"},{"code":"370302102238","name":"河石坞村委会"},{"code":"370302102239","name":"北山寺村委会"},{"code":"370302102240","name":"山嘴头村委会"},{"code":"370302102241","name":"苏王村委会"},{"code":"370302102242","name":"兴隆村委会"},{"code":"370302102243","name":"南石谷村委会"},{"code":"370302102244","name":"西楼村委会"}]