[{"code":"370402105200","name":"营子村委会"},{"code":"370402105201","name":"民主村委会"},{"code":"370402105202","name":"古屯村委会"},{"code":"370402105203","name":"天齐庙村委会"},{"code":"370402105204","name":"前小湾村委会"},{"code":"370402105205","name":"丁庄村委会"},{"code":"370402105206","name":"刘耀村委会"},{"code":"370402105207","name":"付刘耀村委会"},{"code":"370402105208","name":"东王庄村委会"},{"code":"370402105209","name":"高庄村委会"},{"code":"370402105210","name":"西王庄村委会"},{"code":"370402105211","name":"杨楼村委会"},{"code":"370402105212","name":"西大楼村委会"},{"code":"370402105213","name":"石羊村委会"},{"code":"370402105214","name":"西花沟村委会"},{"code":"370402105215","name":"付湾村委会"},{"code":"370402105216","name":"黄楼村委会"},{"code":"370402105217","name":"西街村委会"}]