[{"code":"370481106001","name":"前寨居委会"},{"code":"370481106002","name":"后寨居委会"},{"code":"370481106003","name":"大满庄居委会"},{"code":"370481106004","name":"西岗二居委会"},{"code":"370481106005","name":"西岗一居委会"},{"code":"370481106006","name":"大王庄居委会"},{"code":"370481106007","name":"西岗三居委会"},{"code":"370481106008","name":"北曹庄居委会"},{"code":"370481106200","name":"东王庄村委会"},{"code":"370481106201","name":"西孙庄村委会"},{"code":"370481106202","name":"高庙东村委会"},{"code":"370481106203","name":"高庙南村委会"},{"code":"370481106204","name":"高庙西村委会"},{"code":"370481106205","name":"高庙北村委会"},{"code":"370481106206","name":"北赵庄村村委会"},{"code":"370481106207","name":"野庄村委会"},{"code":"370481106208","name":"郭孔庄村委会"},{"code":"370481106209","name":"杜庙村委会"},{"code":"370481106210","name":"杈子园村委会"},{"code":"370481106211","name":"清泉寺村委会"},{"code":"370481106212","name":"大屯村委会"},{"code":"370481106213","name":"郎庄村委会"},{"code":"370481106214","name":"小花庄村委会"},{"code":"370481106215","name":"南魏庄村委会"},{"code":"370481106216","name":"南荒村委会"},{"code":"370481106217","name":"西祝陈村委会"},{"code":"370481106218","name":"东祝陈村委会"},{"code":"370481106219","name":"南曹庄村委会"},{"code":"370481106220","name":"东刘仙村委会"},{"code":"370481106221","name":"西刘仙村委会"},{"code":"370481106222","name":"张大庄村委会"},{"code":"370481106223","name":"柴里东村委会"},{"code":"370481106224","name":"柴里中村委会"},{"code":"370481106225","name":"柴里西村委会"},{"code":"370481106226","name":"半阁村委会"},{"code":"370481106227","name":"马庙村委会"},{"code":"370481106228","name":"凌庄村委会"},{"code":"370481106229","name":"南孔庄村委会"},{"code":"370481106230","name":"王陈庄村委会"},{"code":"370481106231","name":"栾庄村委会"},{"code":"370481106232","name":"北孔庄村委会"},{"code":"370481106233","name":"徐堂村委会"},{"code":"370481106234","name":"程楼村委会"},{"code":"370481106235","name":"西丁庄村委会"},{"code":"370481106236","name":"小杨庄村委会"},{"code":"370481106237","name":"大杨庄村委会"},{"code":"370481106238","name":"东北田岗村村委会"},{"code":"370481106239","name":"东南田岗村村委会"},{"code":"370481106240","name":"西北田岗村村委会"},{"code":"370481106241","name":"西南田岗村村委会"},{"code":"370481106242","name":"丁堂村委会"},{"code":"370481106243","name":"甘桥村委会"},{"code":"370481106244","name":"温堂村委会"},{"code":"370481106245","name":"孙寨村委会"},{"code":"370481106246","name":"西曹庄村委会"},{"code":"370481106247","name":"傅楼村委会"},{"code":"370481106248","name":"西张庄村委会"},{"code":"370481106249","name":"北满庄村委会"},{"code":"370481106250","name":"西河岔村委会"},{"code":"370481106251","name":"东河岔村委会"},{"code":"370481106252","name":"东满庄村委会"},{"code":"370481106253","name":"西姜桥村委会"},{"code":"370481106254","name":"段庄村委会"},{"code":"370481106255","name":"王场村委会"},{"code":"370481106256","name":"邓集村委会"},{"code":"370481106257","name":"半楼村委会"},{"code":"370481106258","name":"刘辛庄村委会"},{"code":"370481106259","name":"杜庄村委会"},{"code":"370481106260","name":"孔满楼村委会"},{"code":"370481106261","name":"大孔庄村委会"},{"code":"370481106262","name":"李庄村委会"},{"code":"370481106263","name":"卓楼村委会"}]