[{"code":"370405101201","name":"李庄村委会"},{"code":"370405101202","name":"半楼村委会"},{"code":"370405101203","name":"德胜庄村委会"},{"code":"370405101204","name":"新闸子村委会"},{"code":"370405101205","name":"官牧村委会"},{"code":"370405101206","name":"毛官庄村委会"},{"code":"370405101207","name":"武宅子村委会"},{"code":"370405101208","name":"张山子西村委会"},{"code":"370405101209","name":"张山子前村委会"},{"code":"370405101210","name":"张山子东村委会"},{"code":"370405101211","name":"梁庄村委会"},{"code":"370405101212","name":"杨家埠西村委会"},{"code":"370405101213","name":"官庄村委会"},{"code":"370405101214","name":"杨家埠东村委会"},{"code":"370405101215","name":"妈妈桥村委会"},{"code":"370405101216","name":"大沟上村委会"},{"code":"370405101217","name":"平山子西村委会"},{"code":"370405101218","name":"平山子东村委会"},{"code":"370405101219","name":"中山子村委会"},{"code":"370405101220","name":"耿山子村委会"},{"code":"370405101221","name":"鹿荒村委会"},{"code":"370405101222","name":"张庄村委会"},{"code":"370405101223","name":"黄邱村委会"},{"code":"370405101224","name":"刘谢庄村委会"},{"code":"370405101225","name":"赵圩子村委会"},{"code":"370405101226","name":"丁庄村委会"},{"code":"370405101227","name":"张塘村委会"},{"code":"370405101228","name":"蒋庄村委会"},{"code":"370405101229","name":"后楼村委会"},{"code":"370405101230","name":"郑庄村委会"},{"code":"370405101231","name":"西伊村委会"},{"code":"370405101232","name":"阚庄村委会"},{"code":"370405101233","name":"杜安村委会"},{"code":"370405101234","name":"后于村委会"},{"code":"370405101235","name":"唐庄村委会"},{"code":"370405101236","name":"前李村委会"},{"code":"370405101237","name":"侯孟前村委会"},{"code":"370405101238","name":"侯孟后村委会"},{"code":"370405101239","name":"东官庄村委会"},{"code":"370405101240","name":"泉源村委会"},{"code":"370405101241","name":"城西村委会"},{"code":"370405101242","name":"侯塘村委会"},{"code":"370405101243","name":"黄滩村委会"},{"code":"370405101244","name":"冷庄村委会"},{"code":"370405101245","name":"善庄村委会"},{"code":"370405101246","name":"六里石村委会"}]