[{"code":"370522002201","name":"彭家村村民委员会"},{"code":"370522002202","name":"十里堡村村民委员会"},{"code":"370522002203","name":"柏茂张村村民委员会"},{"code":"370522002204","name":"北于村村民委员会"},{"code":"370522002205","name":"苏楼村村民委员会"},{"code":"370522002206","name":"徐集村村民委员会"},{"code":"370522002207","name":"西魏村村民委员会"},{"code":"370522002208","name":"东魏村村民委员会"},{"code":"370522002209","name":"小高村村民委员会"},{"code":"370522002210","name":"大高村村民委员会"},{"code":"370522002211","name":"丁坊村村民委员会"},{"code":"370522002212","name":"小王村村民委员会"},{"code":"370522002213","name":"左家村村民委员会"},{"code":"370522002214","name":"大庄村村民委员会"},{"code":"370522002215","name":"孙家村村民委员会"},{"code":"370522002216","name":"姚刘村村民委员会"},{"code":"370522002217","name":"崔湾村村民委员会"},{"code":"370522002218","name":"前宋村村民委员会"},{"code":"370522002219","name":"南张村村民委员会"},{"code":"370522002220","name":"满家村村民委员会"},{"code":"370522002221","name":"前刘村村民委员会"},{"code":"370522002222","name":"西冯村村民委员会"},{"code":"370522002223","name":"牟家村村民委员会"},{"code":"370522002224","name":"西綦村村民委员会"},{"code":"370522002225","name":"店子村村民委员会"},{"code":"370522002226","name":"赵庄村村民委员会"},{"code":"370522002227","name":"西李村村民委员会"},{"code":"370522002228","name":"西朱村村民委员会"},{"code":"370522002229","name":"双李村村民委员会"},{"code":"370522002230","name":"双高村村民委员会"},{"code":"370522002231","name":"胥家村村民委员会"},{"code":"370522002232","name":"北朱村村民委员会"},{"code":"370522002233","name":"吴苟李村村民委员会"},{"code":"370522002234","name":"东尹王村村民委员会"},{"code":"370522002235","name":"西尹王村村民委员会"},{"code":"370522002236","name":"陈家村村民委员会"},{"code":"370522002237","name":"大胡村村民委员会"},{"code":"370522002238","name":"南楼村村民委员会"},{"code":"370522002239","name":"庄家村村民委员会"},{"code":"370522002240","name":"常家村村民委员会"},{"code":"370522002241","name":"东孙村村民委员会"},{"code":"370522002242","name":"东潘村村民委员会"},{"code":"370522002243","name":"大田村村民委员会"},{"code":"370522002402","name":"胜利油田滨南四矿类似居委会"}]