[{"code":"370602009001","name":"卧龙社区居民委员会"},{"code":"370602009002","name":"三和社区居民委员会"},{"code":"370602009003","name":"黄务社区居民委员会"},{"code":"370602009004","name":"东林社区居民委员会"},{"code":"370602009005","name":"西林居民委员会"},{"code":"370602009006","name":"姜家社区居民委员会"},{"code":"370602009007","name":"杜家居民委员会"},{"code":"370602009008","name":"上车门社区居民委员会"},{"code":"370602009009","name":"南车门居民委员会"},{"code":"370602009010","name":"东珠社区居民委员会"},{"code":"370602009011","name":"华西社区居民委员会"},{"code":"370602009012","name":"珠岩社区居民委员会"},{"code":"370602009013","name":"南里居民委员会"},{"code":"370602009014","name":"北里居民委员会"},{"code":"370602009015","name":"东里居民委员会"},{"code":"370602009016","name":"西里居民委员会"},{"code":"370602009017","name":"东鑫社区居民委员会"},{"code":"370602009018","name":"张家居民委员会"},{"code":"370602009019","name":"刘家居民委员会"},{"code":"370602009020","name":"富甲社区居民委员会"},{"code":"370602009021","name":"郑家居民委员会"},{"code":"370602009022","name":"蓁山社区居民委员会"},{"code":"370602009023","name":"篆山居民委员会"},{"code":"370602009024","name":"官庄社区居民委员会"},{"code":"370602009025","name":"初家居民委员会"},{"code":"370602009026","name":"夏家居民委员会"},{"code":"370602009027","name":"朱家社区居民委员会"},{"code":"370602009028","name":"北秀苑社区居民委员会"}]