[{"code":"370682108201","name":"谭格庄村委会"},{"code":"370682108202","name":"小台子村委会"},{"code":"370682108203","name":"北马庄村委会"},{"code":"370682108204","name":"南马庄村委会"},{"code":"370682108205","name":"小水岔村委会"},{"code":"370682108206","name":"大水岔村委会"},{"code":"370682108207","name":"后施格庄村委会"},{"code":"370682108208","name":"前施格庄村委会"},{"code":"370682108209","name":"张家泊子村委会"},{"code":"370682108210","name":"李家泊子村委会"},{"code":"370682108211","name":"大韩家村委会"},{"code":"370682108212","name":"西下河村委会"},{"code":"370682108213","name":"吕家庄村委会"},{"code":"370682108214","name":"小韩家村委会"},{"code":"370682108215","name":"小于家村委会"},{"code":"370682108216","name":"大汪家村委会"},{"code":"370682108217","name":"石猪河村委会"},{"code":"370682108218","name":"小汪家村委会"},{"code":"370682108219","name":"西崖后村委会"},{"code":"370682108220","name":"北罗家疃村委会"},{"code":"370682108221","name":"蔡庄村委会"},{"code":"370682108222","name":"姜岭庄村委会"},{"code":"370682108223","name":"西赵家庄村委会"},{"code":"370682108224","name":"孙家庄村委会"},{"code":"370682108225","name":"旭日庄村委会"},{"code":"370682108226","name":"苏家村委会"},{"code":"370682108227","name":"北汪家村委会"},{"code":"370682108228","name":"前解格庄村委会"},{"code":"370682108229","name":"后解格庄村委会"},{"code":"370682108230","name":"小后洼村委会"},{"code":"370682108231","name":"小刘家村委会"},{"code":"370682108232","name":"大刘家村委会"},{"code":"370682108233","name":"李庄村委会"},{"code":"370682108234","name":"胡家堡村委会"},{"code":"370682108235","name":"东河北村委会"},{"code":"370682108236","name":"西河北村委会"},{"code":"370682108237","name":"河南村委会"},{"code":"370682108238","name":"北染房村委会"},{"code":"370682108239","name":"南染房村委会"},{"code":"370682108240","name":"苗家村委会"},{"code":"370682108241","name":"圈里村委会"},{"code":"370682108242","name":"北张格庄村委会"},{"code":"370682108243","name":"安里村委会"},{"code":"370682108244","name":"高家村委会"},{"code":"370682108245","name":"夏家村委会"},{"code":"370682108246","name":"西吴家村委会"},{"code":"370682108247","name":"东吴家村委会"},{"code":"370682108248","name":"高庄沟村委会"},{"code":"370682108249","name":"安儿沟村委会"},{"code":"370682108250","name":"西留村委会"},{"code":"370682108251","name":"胜利村村委会"},{"code":"370682108252","name":"姚家庄村委会"},{"code":"370682108253","name":"娄里村委会"},{"code":"370682108254","name":"鹤山沟村委会"},{"code":"370682108255","name":"鹤山泊村委会"},{"code":"370682108256","name":"绵远沟村委会"},{"code":"370682108257","name":"小姚格庄村委会"},{"code":"370682108258","name":"花沟村委会"},{"code":"370682108259","name":"邢格庄村委会"},{"code":"370682108260","name":"北院村委会"},{"code":"370682108261","name":"中院村委会"},{"code":"370682108262","name":"南院村委会"},{"code":"370682108263","name":"朱省村委会"},{"code":"370682108264","name":"瓦屋村委会"},{"code":"370682108265","name":"沈家村委会"},{"code":"370682108266","name":"不动山村委会"},{"code":"370682108267","name":"西横岚后村委会"},{"code":"370682108268","name":"中横岚后村委会"},{"code":"370682108269","name":"东横岚后村委会"},{"code":"370682108270","name":"西姜格庄村委会"},{"code":"370682108271","name":"东姜格庄村委会"},{"code":"370682108272","name":"西杨格庄村委会"},{"code":"370682108273","name":"李家村委会"},{"code":"370682108274","name":"步家村委会"},{"code":"370682108275","name":"李家沟村委会"},{"code":"370682108276","name":"上孙家村委会"},{"code":"370682108277","name":"铁匠庄村委会"},{"code":"370682108278","name":"磕堡石村委会"},{"code":"370682108279","name":"张家村委会"},{"code":"370682108280","name":"留家村委会"},{"code":"370682108281","name":"贾家村委会"},{"code":"370682108282","name":"许家旺村委会"},{"code":"370682108283","name":"西王家庄村委会"},{"code":"370682108284","name":"东王家庄村委会"}]