[{"code":"370785002001","name":"城里社区居委会"},{"code":"370785002002","name":"西关社区居委会"},{"code":"370785002003","name":"北关社区居委会"},{"code":"370785002004","name":"交通村社区居委会"},{"code":"370785002005","name":"文化村社区居委会"},{"code":"370785002006","name":"苗家村社区居委会"},{"code":"370785002007","name":"小王庄社区居委会"},{"code":"370785002008","name":"北大王庄社区居委会"},{"code":"370785002009","name":"北栾家庄社区居委会"},{"code":"370785002010","name":"皋头社区居委会"},{"code":"370785002011","name":"尧头社区居委会"},{"code":"370785002012","name":"老木田社区居委会"},{"code":"370785002013","name":"万家村社区居委会"},{"code":"370785002014","name":"永安村社区居委会"},{"code":"370785002015","name":"小庄居民委员会"},{"code":"370785002016","name":"三官庙居民委员会"},{"code":"370785002017","name":"刘新村居民委员会"},{"code":"370785002018","name":"崔家村居民委员会"},{"code":"370785002019","name":"八元庄居民委员会"},{"code":"370785002020","name":"倪家庵居民委员会"},{"code":"370785002021","name":"曹家村居民委员会"},{"code":"370785002200","name":"前毛家庄村民委员会"},{"code":"370785002201","name":"后毛家庄村民委员会"},{"code":"370785002202","name":"张家小庄村民委员会"},{"code":"370785002203","name":"高家屯村民委员会"},{"code":"370785002204","name":"雷家庄村民委员会"},{"code":"370785002205","name":"殷家楼村民委员会"},{"code":"370785002206","name":"鲍家庄村民委员会"},{"code":"370785002207","name":"辛店村民委员会"},{"code":"370785002208","name":"永丰庄村民委员会"},{"code":"370785002209","name":"李村村民委员会"},{"code":"370785002210","name":"康家庄一村村民委员会"},{"code":"370785002211","name":"康家庄二村村民委员会"},{"code":"370785002212","name":"康家庄三村村民委员会"},{"code":"370785002213","name":"康家庄四村村民委员会"},{"code":"370785002214","name":"田家庄村民委员会"},{"code":"370785002215","name":"周家庄村民委员会"},{"code":"370785002216","name":"绳家庄村民委员会"},{"code":"370785002217","name":"关爷庙村民委员会"},{"code":"370785002218","name":"王村村民委员会"},{"code":"370785002219","name":"葛家集村民委员会"},{"code":"370785002220","name":"傅沈屯村民委员会"},{"code":"370785002221","name":"东尤家屯村民委员会"},{"code":"370785002222","name":"西尤家屯村民委员会"},{"code":"370785002223","name":"于家村村民委员会"},{"code":"370785002224","name":"钟家屯村民委员会"},{"code":"370785002232","name":"张新庄村民委员会"},{"code":"370785002233","name":"西李村民委员会"},{"code":"370785002234","name":"陈家村民委员会"},{"code":"370785002235","name":"杨家庄村民委员会"},{"code":"370785002236","name":"北志屯村民委员会"},{"code":"370785002237","name":"南志屯村民委员会"},{"code":"370785002238","name":"蔡家站村民委员会"},{"code":"370785002239","name":"蔡家庄村民委员会"},{"code":"370785002240","name":"徐家庄村民委员会"},{"code":"370785002241","name":"马家庄村民委员会"},{"code":"370785002242","name":"丰家庄村民委员会"},{"code":"370785002243","name":"土辛庄村民委员会"},{"code":"370785002244","name":"赫家庄村民委员会"},{"code":"370785002245","name":"红埠子庄村民委员会"},{"code":"370785002246","name":"郑家庄村民委员会"},{"code":"370785002247","name":"双头庄村民委员会"},{"code":"370785002248","name":"薛家庄村民委员会"},{"code":"370785002249","name":"姚家庄村民委员会"},{"code":"370785002250","name":"窦富台子村民委员会"},{"code":"370785002251","name":"闫家庄村民委员会"},{"code":"370785002252","name":"韩家庄村民委员会"},{"code":"370785002253","name":"沂塘东村村民委员会"},{"code":"370785002254","name":"沂塘西村村民委员会"}]