[{"code":"370811017001","name":"八里庙社区居民委员会"},{"code":"370811017002","name":"李庄社区居民委员会"},{"code":"370811017200","name":"史海村村委会"},{"code":"370811017201","name":"东西街村村委会"},{"code":"370811017202","name":"西北街村村委会"},{"code":"370811017203","name":"居北村村委会"},{"code":"370811017204","name":"张店村村委会"},{"code":"370811017205","name":"壶头刘村村委会"},{"code":"370811017206","name":"十里东村村委会"},{"code":"370811017207","name":"十里西村村委会"},{"code":"370811017208","name":"十里北村村委会"},{"code":"370811017209","name":"宫王庄村村委会"},{"code":"370811017210","name":"西朱庄村村委会"},{"code":"370811017211","name":"刘营村委会"},{"code":"370811017212","name":"永东村委会"},{"code":"370811017213","name":"汪东村委会"},{"code":"370811017214","name":"汪西村村委会"},{"code":"370811017215","name":"桥东村村委会"},{"code":"370811017216","name":"后张宇村村委会"},{"code":"370811017217","name":"前张宇村村委会"},{"code":"370811017218","name":"屈刘村村委会"},{"code":"370811017219","name":"胡厂村村委会"},{"code":"370811017220","name":"胡庄村村委会"},{"code":"370811017221","name":"孟庄村村委会"},{"code":"370811017222","name":"孙井村村委会"},{"code":"370811017223","name":"西正桥村村委会"},{"code":"370811017224","name":"西张桥村村委会"},{"code":"370811017225","name":"兰庄村村委会"},{"code":"370811017226","name":"东朱庄村村委会"},{"code":"370811017227","name":"二里半村村委会"},{"code":"370811017228","name":"夏庄村村委会"},{"code":"370811017229","name":"侯庄村村委会"},{"code":"370811017230","name":"五里营河北村村委会"},{"code":"370811017231","name":"五里营河南村村委会"},{"code":"370811017232","name":"靳庄村村委会"},{"code":"370811017233","name":"唐营村村委会"},{"code":"370811017234","name":"阮家村村委会"},{"code":"370811017235","name":"胡西村村委会"},{"code":"370811017236","name":"胡东村村委会"},{"code":"370811017237","name":"蒋营村村委会"},{"code":"370811017238","name":"宫白庄村村委会"},{"code":"370811017239","name":"南刘村村委会"},{"code":"370811017240","name":"永北村村委会"},{"code":"370811017241","name":"西李村村委会"},{"code":"370811017242","name":"杨庄村村委会"},{"code":"370811017243","name":"永南村村委会"},{"code":"370811017244","name":"常马村村委会"},{"code":"370811017245","name":"东李村村委会"},{"code":"370811017246","name":"张天楼村村委会"},{"code":"370811017247","name":"大辛庄村村委会"},{"code":"370811017248","name":"北薛屯村村委会"},{"code":"370811017249","name":"前埝口村村委会"},{"code":"370811017250","name":"后埝口村村委会"},{"code":"370811017251","name":"陈屯村村委会"},{"code":"370811017252","name":"西陈庄村村委会"},{"code":"370811017253","name":"白咀村村委会"},{"code":"370811017254","name":"桥西村村委会"},{"code":"370811017255","name":"火西村村委会"},{"code":"370811017256","name":"满营村村委会"},{"code":"370811017257","name":"唐庄村村委会"},{"code":"370811017258","name":"火东村村委会"}]