[{"code":"370826108200","name":"马坡西村村民委员会"},{"code":"370826108201","name":"马坡前村村民委员会"},{"code":"370826108202","name":"马坡中村村民委员会"},{"code":"370826108203","name":"马坡东村村民委员会"},{"code":"370826108204","name":"马坡后村村民委员会"},{"code":"370826108205","name":"址坊村村委会"},{"code":"370826108206","name":"泉上村村委会"},{"code":"370826108207","name":"路庄村村委会"},{"code":"370826108208","name":"桥上村村委会"},{"code":"370826108209","name":"西庄南村村委会"},{"code":"370826108210","name":"西庄北村村委会"},{"code":"370826108211","name":"何庄村村委会"},{"code":"370826108212","name":"马店村村委会"},{"code":"370826108213","name":"宗村东村村民委员会"},{"code":"370826108214","name":"宗村西村村民委员会"},{"code":"370826108215","name":"石里南村村委会"},{"code":"370826108216","name":"石里北村村委会"},{"code":"370826108217","name":"石里东村村委会"},{"code":"370826108218","name":"石里西村村委会"},{"code":"370826108219","name":"夹坊村村委会"},{"code":"370826108220","name":"荆南村村委会"},{"code":"370826108221","name":"荆北村村委会"},{"code":"370826108222","name":"韩寨村村委会"},{"code":"370826108223","name":"北苏村村委会"},{"code":"370826108224","name":"于庄村村委会"},{"code":"370826108225","name":"马庄村村委会"},{"code":"370826108226","name":"孙庄村村委会"},{"code":"370826108227","name":"张庄村村委会"},{"code":"370826108228","name":"张园村村委会"},{"code":"370826108229","name":"徐楼村村委会"},{"code":"370826108230","name":"河口村村委会"},{"code":"370826108231","name":"姬堂村村委会"},{"code":"370826108232","name":"潘庄村村委会"},{"code":"370826108233","name":"南苏庄村村民委员会"},{"code":"370826108234","name":"东李庄村村民委员会"},{"code":"370826108235","name":"东九村村委会"},{"code":"370826108236","name":"西九村村委会"},{"code":"370826108237","name":"范庄村村委会"},{"code":"370826108238","name":"朱集村村委会"},{"code":"370826108239","name":"曹坊村村委会"},{"code":"370826108240","name":"胡村村委会"},{"code":"370826108241","name":"南李庄村村委会"},{"code":"370826108242","name":"黄庄村村委会"},{"code":"370826108243","name":"东程堂村村委会"},{"code":"370826108244","name":"西程堂村村委会"},{"code":"370826108245","name":"东程楼村村委会"},{"code":"370826108246","name":"西程楼村村委会"},{"code":"370826108247","name":"大王庄村民委员会"},{"code":"370826108248","name":"吴庙村村委会"},{"code":"370826108249","name":"郑庄村村委会"},{"code":"370826108250","name":"焦庄村村委会"},{"code":"370826108251","name":"冯庄村村委会"},{"code":"370826108252","name":"居桥村村委会"},{"code":"370826108253","name":"寨子东村村民委员会"},{"code":"370826108254","name":"寨子西村村民委员会"},{"code":"370826108255","name":"盛楼村村委会"},{"code":"370826108256","name":"闫庄村村委会"},{"code":"370826108257","name":"周庄村村委会"}]