[{"code":"370881004200","name":"大雪村民委员会"},{"code":"370881004201","name":"北雪村民委员会"},{"code":"370881004202","name":"西雪村民委员会"},{"code":"370881004203","name":"南雪村民委员会"},{"code":"370881004204","name":"前苗营村民委员会"},{"code":"370881004205","name":"后苗营村民委员会"},{"code":"370881004206","name":"武家村村民委员会"},{"code":"370881004207","name":"店北头村民委员会"},{"code":"370881004208","name":"北凫村村民委员会"},{"code":"370881004209","name":"东凫村村民委员会"},{"code":"370881004210","name":"南凫村村民委员会"},{"code":"370881004211","name":"前宣西村民委员会"},{"code":"370881004212","name":"后宣西村民委员会"},{"code":"370881004213","name":"前宣东村民委员会"},{"code":"370881004214","name":"后宣东村民委员会"},{"code":"370881004215","name":"西鲁贤村民委员会"},{"code":"370881004216","name":"东鲁贤村民委员会"},{"code":"370881004217","name":"白杨店村民委员会"},{"code":"370881004218","name":"白杨树村民委员会"},{"code":"370881004219","name":"前西庄村民委员会"},{"code":"370881004220","name":"后西庄村民委员会"},{"code":"370881004221","name":"三合村民委员会"},{"code":"370881004222","name":"姜家村村民委员会"},{"code":"370881004223","name":"东陈家村村民委员会"},{"code":"370881004224","name":"袁家庄村民委员会"},{"code":"370881004225","name":"大埠南村民委员会"},{"code":"370881004226","name":"小埠南村民委员会"},{"code":"370881004227","name":"后彭家村民委员会"},{"code":"370881004228","name":"前彭家村民委员会"},{"code":"370881004229","name":"石家村村民委员会"},{"code":"370881004230","name":"北兴埠村民委员会"},{"code":"370881004231","name":"林家村村民委员会"},{"code":"370881004232","name":"阮家村村民委员会"},{"code":"370881004233","name":"铁炉村民委员会"},{"code":"370881004234","name":"西陈家村村民委员会"},{"code":"370881004235","name":"南兴埠村民委员会"}]