[{"code":"370828004200","name":"李集村民委员会"},{"code":"370828004201","name":"三杨村民委员会"},{"code":"370828004202","name":"孙店村民委员会"},{"code":"370828004203","name":"于庄村民委员会"},{"code":"370828004204","name":"南孙庄村民委员会"},{"code":"370828004205","name":"康桥村民委员会"},{"code":"370828004206","name":"袁洼村民委员会"},{"code":"370828004207","name":"三关村民委员会"},{"code":"370828004208","name":"王丕庄村民委员会"},{"code":"370828004209","name":"大王楼村民委员会"},{"code":"370828004210","name":"马楼村民委员会"},{"code":"370828004211","name":"张暗楼村民委员会"},{"code":"370828004212","name":"彭井村民委员会"},{"code":"370828004213","name":"胡井村民委员会"},{"code":"370828004214","name":"李楼寨村民委员会"},{"code":"370828004215","name":"牌坊林村民委员会"},{"code":"370828004216","name":"杨楼村民委员会"},{"code":"370828004217","name":"土楼村民委员会"},{"code":"370828004218","name":"郭楼村民委员会"},{"code":"370828004219","name":"李林村民委员会"},{"code":"370828004220","name":"陈洼村民委员会"},{"code":"370828004221","name":"苇子园村民委员会"},{"code":"370828004222","name":"吴岗村民委员会"},{"code":"370828004223","name":"西吴岗村民委员会"},{"code":"370828004224","name":"祭田村民委员会"},{"code":"370828004225","name":"李故楼村民委员会"},{"code":"370828004226","name":"苏庙村民委员会"},{"code":"370828004227","name":"李阁村民委员会"}]