[{"code":"370921002001","name":"西关居委会"},{"code":"370921002002","name":"邢家庄居委会"},{"code":"370921002201","name":"大庙临邑东村委会"},{"code":"370921002202","name":"大庙临邑西村委会"},{"code":"370921002203","name":"周家临邑村委会"},{"code":"370921002204","name":"王家临邑村委会"},{"code":"370921002205","name":"郭家临邑村委会"},{"code":"370921002206","name":"徐马高临邑村委会"},{"code":"370921002207","name":"张陈临邑村委会"},{"code":"370921002208","name":"路家临邑村委会"},{"code":"370921002209","name":"沙岭店村委会"},{"code":"370921002210","name":"红庙村委会"},{"code":"370921002211","name":"任家村村委会"},{"code":"370921002212","name":"杨家集村委会"},{"code":"370921002213","name":"花石桥村委会"},{"code":"370921002214","name":"李家庄村委会"},{"code":"370921002215","name":"许家庄村委会"},{"code":"370921002216","name":"杨家庄村委会"},{"code":"370921002217","name":"吴家东和村委会"},{"code":"370921002218","name":"李家楼村委会"},{"code":"370921002219","name":"青川中村委会"},{"code":"370921002220","name":"青川寺村委会"},{"code":"370921002221","name":"青川围子村委会"},{"code":"370921002222","name":"大屯村委会"}]