[{"code":"370921110201","name":"东磁东村村委会"},{"code":"370921110202","name":"歇息铺村委会"},{"code":"370921110204","name":"田家院村委会"},{"code":"370921110205","name":"东磁西村村委会"},{"code":"370921110206","name":"新街村委会"},{"code":"370921110207","name":"白土厂村委会"},{"code":"370921110208","name":"井泉庄村委会"},{"code":"370921110211","name":"南高村村委会"},{"code":"370921110212","name":"北高村村委会"},{"code":"370921110213","name":"西高村村委会"},{"code":"370921110214","name":"石家门村委会"},{"code":"370921110215","name":"张家寨村委会"},{"code":"370921110216","name":"任家街村委会"},{"code":"370921110217","name":"东北庄村委会"},{"code":"370921110218","name":"永安寨村委会"},{"code":"370921110219","name":"北马家寨村委会"},{"code":"370921110220","name":"南梁父村委会"},{"code":"370921110221","name":"小河西村委会"},{"code":"370921110222","name":"胜天庄村委会"},{"code":"370921110223","name":"乔家庄村委会"},{"code":"370921110224","name":"东爵山村委会"},{"code":"370921110225","name":"红旗村委会"},{"code":"370921110226","name":"西爵山村委会"},{"code":"370921110227","name":"马梁村委会"},{"code":"370921110228","name":"塘坊村委会"},{"code":"370921110229","name":"成功庄村委会"},{"code":"370921110230","name":"张家村村委会"},{"code":"370921110231","name":"湖村村委会"},{"code":"370921110232","name":"北故城村委会"},{"code":"370921110233","name":"西故城村委会"},{"code":"370921110234","name":"高庄村委会"},{"code":"370921110235","name":"梅家村村委会"},{"code":"370921110236","name":"东营村委会"},{"code":"370921110237","name":"西营村委会"},{"code":"370921110238","name":"朱家洼村委会"},{"code":"370921110239","name":"埠南村委会"},{"code":"370921110240","name":"进粮庄村委会"},{"code":"370921110241","name":"满家村村委会"},{"code":"370921110242","name":"后吕观村委会"},{"code":"370921110243","name":"前吕观村委会"},{"code":"370921110244","name":"南马家寨村委会"},{"code":"370921110245","name":"杨家庄村委会"},{"code":"370921110246","name":"上陡沟村委会"},{"code":"370921110247","name":"下陡沟村委会"},{"code":"370921110248","name":"永义庄村委会"},{"code":"370921110249","name":"沈家庄村委会"},{"code":"370921110250","name":"大王家庄村委会"},{"code":"370921110251","name":"韩家岭村委会"},{"code":"370921110252","name":"门家庄村委会"},{"code":"370921110253","name":"南王家庄村委会"},{"code":"370921110254","name":"西范家庄村委会"},{"code":"370921110255","name":"东范家庄村委会"},{"code":"370921110256","name":"顺义庄村委会"},{"code":"370921110257","name":"孔家庄村委会"},{"code":"370921110258","name":"梧桐峪村委会"},{"code":"370921110259","name":"潘家庄村委会"},{"code":"370921110260","name":"胡家庄村委会"},{"code":"370921110261","name":"凤山峪村委会"},{"code":"370921110262","name":"翟家庄村委会"}]