[{"code":"371002001001","name":"东北村居委会"},{"code":"371002001002","name":"红光居委会"},{"code":"371002001003","name":"布谷夼居委会"},{"code":"371002001004","name":"西北村居委会"},{"code":"371002001005","name":"西门外居委会"},{"code":"371002001006","name":"海城居委会"},{"code":"371002001007","name":"石河居委会"},{"code":"371002001008","name":"南山居委会"},{"code":"371002001009","name":"前进村居委会"},{"code":"371002001010","name":"大众居委会"},{"code":"371002001011","name":"大桥居委会"},{"code":"371002001012","name":"塔山居委会"},{"code":"371002001013","name":"塔中居委会"},{"code":"371002001014","name":"胜利居委会"},{"code":"371002001015","name":"杏花村居委会"},{"code":"371002001016","name":"同德居委会"},{"code":"371002001017","name":"峰泉居委会"},{"code":"371002001018","name":"鸿武居委会"}]