[{"code":"371302003001","name":"南坛社区居委会"},{"code":"371302003002","name":"御碑街社区居委会"},{"code":"371302003003","name":"三里庄社区居委会"},{"code":"371302003004","name":"傅家屯社区居委会"},{"code":"371302003005","name":"普家村社区居委会"},{"code":"371302003006","name":"焦家庄社区居委会"},{"code":"371302003007","name":"小埠东社区居委会"},{"code":"371302003008","name":"清泉庄社区居委会"},{"code":"371302003016","name":"朝阳社区居委会"},{"code":"371302003017","name":"东风社区居委会"},{"code":"371302003018","name":"东关社区居委会"},{"code":"371302003019","name":"煤山社区居委会"},{"code":"371302003020","name":"东北园社区居委会"}]