[{"code":"371581109200","name":"牛张寨村委会"},{"code":"371581109201","name":"邢坊村委会"},{"code":"371581109202","name":"水波村委会"},{"code":"371581109203","name":"张常庄村委会"},{"code":"371581109204","name":"冯圈村委会"},{"code":"371581109205","name":"北崔庄村委会"},{"code":"371581109206","name":"杨圈村委会"},{"code":"371581109207","name":"李圈村委会"},{"code":"371581109208","name":"孟口村委会"},{"code":"371581109209","name":"西王集村委会"},{"code":"371581109210","name":"堤口村委会"},{"code":"371581109211","name":"郑厂村委会"},{"code":"371581109212","name":"魏厂村委会"},{"code":"371581109213","name":"东常庄村委会"},{"code":"371581109214","name":"西常庄村委会"},{"code":"371581109215","name":"庞烟店村委会"},{"code":"371581109216","name":"杨烟店村委会"},{"code":"371581109217","name":"刘烟店村委会"},{"code":"371581109218","name":"拳厂村委会"},{"code":"371581109219","name":"李拐村委会"},{"code":"371581109220","name":"王庄村委会"},{"code":"371581109221","name":"汪庄村委会"},{"code":"371581109222","name":"青石磙村委会"},{"code":"371581109223","name":"娄子坡村委会"},{"code":"371581109224","name":"樊庄村委会"},{"code":"371581109225","name":"陈辛庄村委会"},{"code":"371581109226","name":"南崔庄村委会"},{"code":"371581109227","name":"王沿村委会"},{"code":"371581109228","name":"大罗卜村委会"},{"code":"371581109229","name":"西路庄村委会"},{"code":"371581109230","name":"康庄村委会"},{"code":"371581109231","name":"前张寨村委会"},{"code":"371581109232","name":"曹张寨村委会"},{"code":"371581109233","name":"许张寨村委会"}]