[{"code":"371522103200","name":"桥下村委会"},{"code":"371522103201","name":"大吕海村委会"},{"code":"371522103202","name":"西街村委会"},{"code":"371522103203","name":"吴坑村委会"},{"code":"371522103204","name":"前朱庙村委会"},{"code":"371522103205","name":"高菜园村委会"},{"code":"371522103206","name":"王沟村委会"},{"code":"371522103207","name":"前黄固屯村委会"},{"code":"371522103208","name":"辛山谷村委会"},{"code":"371522103209","name":"黄堂村委会"},{"code":"371522103210","name":"秦村村委会"},{"code":"371522103211","name":"五楼屯村委会"},{"code":"371522103212","name":"东关村委会"},{"code":"371522103213","name":"前郭连庄村委会"},{"code":"371522103214","name":"南街村委会"},{"code":"371522103215","name":"三里庄村委会"},{"code":"371522103216","name":"后朱庙村委会"},{"code":"371522103217","name":"蝗虫庙村委会"},{"code":"371522103218","name":"于沟村委会"},{"code":"371522103219","name":"后黄固屯村委会"},{"code":"371522103220","name":"后山谷村委会"},{"code":"371522103221","name":"前韩楼村委会"},{"code":"371522103222","name":"徐排村委会"},{"code":"371522103223","name":"东街村委会"},{"code":"371522103224","name":"后郭连庄村委会"},{"code":"371522103225","name":"太平街村委会"},{"code":"371522103226","name":"周路村村委会"},{"code":"371522103227","name":"古井村委会"},{"code":"371522103228","name":"远庙村委会"},{"code":"371522103229","name":"西马沟村委会"},{"code":"371522103230","name":"文山谷村委会"},{"code":"371522103231","name":"林庄村委会"},{"code":"371522103232","name":"后韩楼村委会"},{"code":"371522103233","name":"张排村委会"},{"code":"371522103234","name":"北街村委会"},{"code":"371522103235","name":"孟秋寺村委会"},{"code":"371522103236","name":"南关村委会"},{"code":"371522103237","name":"红庙村委会"},{"code":"371522103238","name":"岳东村委会"},{"code":"371522103239","name":"焦村村委会"},{"code":"371522103240","name":"东马沟村委会"},{"code":"371522103241","name":"刘山谷村委会"},{"code":"371522103242","name":"武庙村委会"},{"code":"371522103243","name":"西韩楼村委会"},{"code":"371522103244","name":"李排村委会"},{"code":"371522103245","name":"吕村村委会"},{"code":"371522103246","name":"西场村委会"},{"code":"371522103247","name":"原岳赵村委会"},{"code":"371522103248","name":"郭海村委会"},{"code":"371522103249","name":"岳西村委会"},{"code":"371522103250","name":"王庄村委会"},{"code":"371522103251","name":"小屯村委会"},{"code":"371522103252","name":"李山谷村委会"},{"code":"371522103253","name":"贾李村委会"},{"code":"371522103254","name":"大柳树村委会"},{"code":"371522103255","name":"王排村委会"}]