[{"code":"371521113201","name":"郭店屯村委会"},{"code":"371521113202","name":"姜邢村委会"},{"code":"371521113203","name":"前刘一村委会"},{"code":"371521113204","name":"后刘村委会"},{"code":"371521113205","name":"黄庄村委会"},{"code":"371521113206","name":"丁庄一村委会"},{"code":"371521113207","name":"北葛村委会"},{"code":"371521113208","name":"孟屯村委会"},{"code":"371521113209","name":"王顶村委会"},{"code":"371521113210","name":"南李一村委会"},{"code":"371521113211","name":"南葛村委会"},{"code":"371521113212","name":"前梨园村委会"},{"code":"371521113213","name":"后梨园村委会"},{"code":"371521113214","name":"洪刘村委会"},{"code":"371521113215","name":"李屯村委会"},{"code":"371521113216","name":"段庄村委会"},{"code":"371521113217","name":"候堂村委会"},{"code":"371521113218","name":"邢庄一村委会"},{"code":"371521113219","name":"葛集村委会"},{"code":"371521113220","name":"赵元村委会"},{"code":"371521113221","name":"丰徐村委会"},{"code":"371521113222","name":"于庄二村委会"},{"code":"371521113223","name":"东李村委会"},{"code":"371521113224","name":"孟庄村委会"},{"code":"371521113225","name":"杨皋村委会"},{"code":"371521113226","name":"冯集村委会"},{"code":"371521113227","name":"东朱庄村委会"},{"code":"371521113228","name":"陈堂一村委会"},{"code":"371521113230","name":"邓楼村委会"},{"code":"371521113231","name":"张寨村委会"},{"code":"371521113232","name":"辛集村委会"},{"code":"371521113233","name":"李家村委会"},{"code":"371521113234","name":"焦集村委会"},{"code":"371521113235","name":"前宋村委会"},{"code":"371521113236","name":"后宋村委会"},{"code":"371521113237","name":"苑店村委会"},{"code":"371521113238","name":"王屯村委会"},{"code":"371521113239","name":"赵庄村委会"},{"code":"371521113240","name":"梁庄一村委会"},{"code":"371521113241","name":"候海村委会"},{"code":"371521113242","name":"东韩村委会"},{"code":"371521113243","name":"姜屯一村委会"},{"code":"371521113244","name":"杨庄一村委会"},{"code":"371521113245","name":"张堂村委会"},{"code":"371521113246","name":"王营村委会"},{"code":"371521113247","name":"西朱村委会"},{"code":"371521113248","name":"邵楼村委会"},{"code":"371521113249","name":"杨庙村委会"},{"code":"371521113250","name":"北韩村委会"},{"code":"371521113251","name":"张刘村委会"},{"code":"371521113252","name":"曹庄一村委会"},{"code":"371521113253","name":"九杨东村委会"},{"code":"371521113254","name":"九杨西村委会"}]