[{"code":"371622101200","name":"中街村委会"},{"code":"371622101201","name":"蒋家村委会"},{"code":"371622101202","name":"小张村委会"},{"code":"371622101203","name":"南街村委会"},{"code":"371622101204","name":"冯店村委会"},{"code":"371622101205","name":"东毛村委会"},{"code":"371622101206","name":"南魏村委会"},{"code":"371622101207","name":"张宅村委会"},{"code":"371622101208","name":"西毛村委会"},{"code":"371622101209","name":"北街村委会"},{"code":"371622101210","name":"新安村委会"},{"code":"371622101211","name":"东朱村委会"},{"code":"371622101212","name":"黄巾宅村委会"},{"code":"371622101213","name":"大董村委会"},{"code":"371622101214","name":"大韩村委会"},{"code":"371622101215","name":"李应举村委会"},{"code":"371622101216","name":"孙宅村委会"},{"code":"371622101217","name":"马宅村委会"},{"code":"371622101218","name":"小韩村委会"},{"code":"371622101219","name":"苏家村委会"},{"code":"371622101220","name":"东宋村委会"},{"code":"371622101221","name":"位宅村委会"},{"code":"371622101222","name":"王什村委会"},{"code":"371622101223","name":"东吕村委会"},{"code":"371622101224","name":"西吕村委会"},{"code":"371622101225","name":"张孟连村委会"},{"code":"371622101226","name":"盖家村委会"},{"code":"371622101227","name":"小郑村委会"},{"code":"371622101228","name":"生金李村委会"},{"code":"371622101229","name":"道王村委会"},{"code":"371622101230","name":"张连禹村委会"},{"code":"371622101231","name":"史君汉村委会"},{"code":"371622101232","name":"洼刘村委会"},{"code":"371622101233","name":"贩帽村委会"},{"code":"371622101234","name":"郑店村委会"},{"code":"371622101235","name":"刘斗占村委会"},{"code":"371622101236","name":"肖家村委会"},{"code":"371622101237","name":"张娥村委会"},{"code":"371622101238","name":"刘跑马村委会"},{"code":"371622101239","name":"燕店村委会"},{"code":"371622101240","name":"南小王村委会"},{"code":"371622101241","name":"聂家村委会"},{"code":"371622101242","name":"商家村委会"},{"code":"371622101243","name":"王朝政村委会"},{"code":"371622101244","name":"柴家村委会"},{"code":"371622101245","name":"李化甫村委会"},{"code":"371622101246","name":"官窑村委会"},{"code":"371622101247","name":"南赵村委会"},{"code":"371622101248","name":"老观王村委会"},{"code":"371622101249","name":"北赵村委会"},{"code":"371622101250","name":"马腾肖村委会"},{"code":"371622101251","name":"赵花村委会"},{"code":"371622101252","name":"都付刘村委会"},{"code":"371622101253","name":"董汉帮村委会"},{"code":"371622101254","name":"干锅村委会"},{"code":"371622101255","name":"桑东村委会"},{"code":"371622101256","name":"桑西村委会"},{"code":"371622101257","name":"大么王村委会"},{"code":"371622101258","name":"桑北陈村委会"},{"code":"371622101259","name":"邹家村委会"},{"code":"371622101260","name":"李朝干村委会"},{"code":"371622101261","name":"西官庄村委会"},{"code":"371622101262","name":"沙窝村委会"},{"code":"371622101263","name":"马守梓村委会"},{"code":"371622101264","name":"梨行村委会"},{"code":"371622101265","name":"大殷村委会"},{"code":"371622101266","name":"南董村委会"},{"code":"371622101267","name":"小殷村委会"},{"code":"371622101268","name":"黄盆村委会"},{"code":"371622101269","name":"季家村委会"},{"code":"371622101270","name":"张满村委会"},{"code":"371622101271","name":"大邱村委会"},{"code":"371622101272","name":"张南村委会"},{"code":"371622101273","name":"张北村委会"},{"code":"371622101274","name":"小司村委会"},{"code":"371622101275","name":"南贾村委会"},{"code":"371622101276","name":"何次楼村委会"},{"code":"371622101277","name":"王宾王村委会"},{"code":"371622101278","name":"南史村委会"},{"code":"371622101279","name":"万家村委会"},{"code":"371622101280","name":"沙河毛村委会"},{"code":"371622101281","name":"大司村委会"},{"code":"371622101282","name":"大么张村委会"},{"code":"371622101283","name":"花牛王村委会"},{"code":"371622101284","name":"八里村委会"},{"code":"371622101285","name":"张连范村委会"},{"code":"371622101286","name":"大丁村委会"},{"code":"371622101287","name":"小牛村委会"},{"code":"371622101288","name":"唐王村委会"},{"code":"371622101289","name":"东小马村委会"},{"code":"371622101290","name":"老牛村委会"},{"code":"371622101291","name":"小丁村委会"},{"code":"371622101292","name":"赵守艺村委会"},{"code":"371622101293","name":"申家村委会"},{"code":"371622101294","name":"任家村委会"},{"code":"371622101295","name":"万集村委会"},{"code":"371622101296","name":"王岳村委会"},{"code":"371622101297","name":"宗家村委会"}]