[{"code":"371626115200","name":"前安村委会"},{"code":"371626115201","name":"乔家村委会"},{"code":"371626115202","name":"码一村委会"},{"code":"371626115203","name":"胡家村委会"},{"code":"371626115204","name":"小太平村委会"},{"code":"371626115205","name":"大王村委会"},{"code":"371626115206","name":"后安村委会"},{"code":"371626115207","name":"李码村委会"},{"code":"371626115208","name":"于店村委会"},{"code":"371626115209","name":"码二村委会"},{"code":"371626115210","name":"大郭村委会"},{"code":"371626115211","name":"牛坊村委会"},{"code":"371626115212","name":"炭刘村委会"},{"code":"371626115213","name":"孟家桥村委会"},{"code":"371626115214","name":"纪家村委会"},{"code":"371626115215","name":"中站村委会"},{"code":"371626115216","name":"小赵村委会"},{"code":"371626115217","name":"小郭村委会"},{"code":"371626115218","name":"成集村委会"},{"code":"371626115219","name":"东站村委会"},{"code":"371626115220","name":"西站村委会"},{"code":"371626115221","name":"任家村委会"},{"code":"371626115222","name":"小师家村委会"},{"code":"371626115223","name":"胡坡村委会"},{"code":"371626115224","name":"小王家庄村委会"},{"code":"371626115225","name":"高家村委会"},{"code":"371626115226","name":"归苏村委会"},{"code":"371626115227","name":"李坡村委会"},{"code":"371626115228","name":"赵家村委会"},{"code":"371626115229","name":"小寨村委会"},{"code":"371626115230","name":"田家村委会"},{"code":"371626115231","name":"赵坊村委会"},{"code":"371626115232","name":"码头寨村委会"},{"code":"371626115233","name":"时圈村委会"},{"code":"371626115234","name":"小牛王村委会"},{"code":"371626115235","name":"陈寨村委会"},{"code":"371626115236","name":"洼里村委会"},{"code":"371626115237","name":"大牛王村委会"},{"code":"371626115238","name":"范井村委会"},{"code":"371626115239","name":"北高村委会"},{"code":"371626115240","name":"黄龙村委会"},{"code":"371626115241","name":"南高村委会"},{"code":"371626115242","name":"路家村委会"},{"code":"371626115243","name":"延东村委会"},{"code":"371626115244","name":"边家村委会"},{"code":"371626115245","name":"小蔡家村委会"},{"code":"371626115246","name":"延西村委会"},{"code":"371626115247","name":"三合村委会"},{"code":"371626115248","name":"李家庄村委会"},{"code":"371626115249","name":"小信村委会"},{"code":"371626115250","name":"旧延安村委会"},{"code":"371626115251","name":"大信村委会"},{"code":"371626115252","name":"窖头村委会"},{"code":"371626115253","name":"王庄村委会"},{"code":"371626115254","name":"草庙村委会"},{"code":"371626115255","name":"新张桥村委会"},{"code":"371626115256","name":"谷家村委会"},{"code":"371626115257","name":"刘桥村委会"},{"code":"371626115258","name":"仁合村委会"},{"code":"371626115259","name":"小杨村委会"},{"code":"371626115260","name":"田拐村委会"},{"code":"371626115261","name":"西孙家村委会"},{"code":"371626115262","name":"新苗家村委会"},{"code":"371626115263","name":"高王村委会"},{"code":"371626115264","name":"老张桥村委会"},{"code":"371626115265","name":"谷王村委会"},{"code":"371626115266","name":"新马家村委会"},{"code":"371626115267","name":"潘桥村委会"},{"code":"371626115268","name":"小邵家村委会"},{"code":"371626115269","name":"段家村委会"},{"code":"371626115270","name":"冯王村委会"},{"code":"371626115271","name":"刘平村委会"},{"code":"371626115272","name":"邵店村委会"},{"code":"371626115273","name":"肖家村委会"},{"code":"371626115274","name":"大杨家村委会"},{"code":"371626115275","name":"还乡村委会"},{"code":"371626115276","name":"大寨村委会"},{"code":"371626115277","name":"西韩村委会"}]