[{"code":"371621003200","name":"刘集村委会"},{"code":"371621003203","name":"杨刘村委会"},{"code":"371621003204","name":"前厂村委会"},{"code":"371621003205","name":"后厂村委会"},{"code":"371621003206","name":"李洪村委会"},{"code":"371621003207","name":"李许村委会"},{"code":"371621003208","name":"南董村委会"},{"code":"371621003209","name":"南马村委会"},{"code":"371621003210","name":"何坊村委会"},{"code":"371621003211","name":"王湾村委会"},{"code":"371621003212","name":"梯门李村委会"},{"code":"371621003213","name":"西高村委会"},{"code":"371621003214","name":"杨评事村委会"},{"code":"371621003215","name":"东小吴村委会"},{"code":"371621003216","name":"张大官村委会"},{"code":"371621003217","name":"齐家村委会"},{"code":"371621003218","name":"牛茁村委会"},{"code":"371621003219","name":"大商村委会"},{"code":"371621003220","name":"王古刘村委会"},{"code":"371621003221","name":"柏吕村委会"},{"code":"371621003222","name":"傅商村委会"},{"code":"371621003223","name":"展家村委会"},{"code":"371621003224","name":"北苏村委会"},{"code":"371621003225","name":"马没手村委会"},{"code":"371621003226","name":"二郎堂村委会"},{"code":"371621003227","name":"李泗池村委会"},{"code":"371621003228","name":"王里村委会"},{"code":"371621003229","name":"马铁匠村委会"},{"code":"371621003230","name":"前谢村委会"},{"code":"371621003231","name":"陈谢村委会"},{"code":"371621003232","name":"杀猪徐村委会"},{"code":"371621003233","name":"七庙韩村委会"},{"code":"371621003234","name":"尚家村委会"},{"code":"371621003235","name":"镜扬村委会"},{"code":"371621003236","name":"孙铁匠村委会"},{"code":"371621003237","name":"后韩村委会"},{"code":"371621003238","name":"张振堂村委会"},{"code":"371621003239","name":"邢家村委会"},{"code":"371621003240","name":"张大磨村委会"},{"code":"371621003241","name":"常庄村委会"},{"code":"371621003242","name":"马吴村委会"},{"code":"371621003243","name":"毕顾村委会"},{"code":"371621003244","name":"牛刘村委会"},{"code":"371621003245","name":"王皮村委会"},{"code":"371621003246","name":"大由村委会"},{"code":"371621003247","name":"中由村委会"},{"code":"371621003248","name":"少洼耿村委会"},{"code":"371621003249","name":"孔王村委会"},{"code":"371621003250","name":"菠菜郑村委会"},{"code":"371621003251","name":"菠菜孟村委会"},{"code":"371621003252","name":"小耿村委会"},{"code":"371621003253","name":"南沈村委会"},{"code":"371621003254","name":"坊南孟村委会"},{"code":"371621003255","name":"耿家村委会"},{"code":"371621003256","name":"郎家村委会"},{"code":"371621003257","name":"南小吴村委会"},{"code":"371621003258","name":"斗子李村委会"},{"code":"371621003259","name":"苑家村委会"},{"code":"371621003260","name":"董家堂村委会"},{"code":"371621003266","name":"刘黄村委会"},{"code":"371621003268","name":"钦风村委会"},{"code":"371621003269","name":"官道李村委会"},{"code":"371621003270","name":"史马村委会"},{"code":"371621003271","name":"胡家庄村委会"},{"code":"371621003272","name":"小辛庄村委会"},{"code":"371621003273","name":"大李家村委会"},{"code":"371621003274","name":"小张村委会"},{"code":"371621003275","name":"曲家村委会"},{"code":"371621003276","name":"王丛村委会"},{"code":"371621003277","name":"郭马村委会"},{"code":"371621003278","name":"谷庵村委会"},{"code":"371621003279","name":"赵翟村委会"},{"code":"371621003280","name":"管道张村委会"},{"code":"371621003283","name":"大刘家村委会"},{"code":"371621003284","name":"马徐家村委会"},{"code":"371621003285","name":"郭家园村委会"},{"code":"371621003286","name":"常家村委会"},{"code":"371621003287","name":"李家店村委会"},{"code":"371621003288","name":"蔚家村委会"},{"code":"371621003290","name":"孙顶村委会"},{"code":"371621003291","name":"前娘娘坟村委会"},{"code":"371621003292","name":"王图村委会"},{"code":"371621003293","name":"李合玉村委会"},{"code":"371621003294","name":"尹杨家村委会"},{"code":"371621003295","name":"周家村委会"},{"code":"371621003296","name":"苏家楼村委会"},{"code":"371621003298","name":"前苏村委会"},{"code":"371621003299","name":"刘窑货村委会"},{"code":"371621003300","name":"邓家村委会"},{"code":"371621003303","name":"大吴村委会"},{"code":"371621003304","name":"邢何村委会"},{"code":"371621003305","name":"毛刘村委会"},{"code":"371621003306","name":"香翟村委会"},{"code":"371621003307","name":"伏家村委会"},{"code":"371621003309","name":"王官村委会"}]