[{"code":"410103013001","name":"长江路社区居民委员会"},{"code":"410103013002","name":"航海中路社区居民委员会"},{"code":"410103013003","name":"孙八砦社区居民委员会"},{"code":"410103013004","name":"高砦社区居民委员会"},{"code":"410103013005","name":"五号街坊社区居民委员会"},{"code":"410103013006","name":"玫瑰花园社区居民委员会"},{"code":"410103013007","name":"台胞小区社区居民委员会"},{"code":"410103013008","name":"代庄街社区居民委员会"},{"code":"410103013009","name":"万达社区居民委员会"}]