[{"code":"410327102200","name":"柳泉村村民委员会"},{"code":"410327102201","name":"鱼泉村村民委员会"},{"code":"410327102202","name":"西高村村民委员会"},{"code":"410327102203","name":"东高村村民委员会"},{"code":"410327102204","name":"沙漠村村民委员会"},{"code":"410327102205","name":"河北村村民委员会"},{"code":"410327102206","name":"河东村村民委员会"},{"code":"410327102207","name":"花庄村村民委员会"},{"code":"410327102208","name":"元村村民委员会"},{"code":"410327102209","name":"水兑村村民委员会"},{"code":"410327102210","name":"苗湾村村民委员会"},{"code":"410327102211","name":"丁湾村村民委员会"},{"code":"410327102212","name":"曹坪村村民委员会"},{"code":"410327102213","name":"十字路村村民委员会"},{"code":"410327102214","name":"汪营村村民委员会"},{"code":"410327102215","name":"黑沟村村民委员会"},{"code":"410327102216","name":"英武村村民委员会"},{"code":"410327102217","name":"高窑村村民委员会"},{"code":"410327102218","name":"尹村村民委员会"},{"code":"410327102219","name":"上于村村民委员会"},{"code":"410327102220","name":"清泉村村民委员会"},{"code":"410327102221","name":"贺沟村村民委员会"},{"code":"410327102222","name":"于村村民委员会"},{"code":"410327102223","name":"龙潭村村民委员会"},{"code":"410327102224","name":"赵沟村村民委员会"},{"code":"410327102225","name":"纸房村村民委员会"},{"code":"410327102226","name":"沙子沟村村民委员会"},{"code":"410327102227","name":"毛沟村村民委员会"},{"code":"410327102228","name":"五树村村民委员会"}]