[{"code":"410423003001","name":"新峰社区居委会"},{"code":"410423003002","name":"城厢社区居委会"},{"code":"410423003003","name":"大同社区居委会"},{"code":"410423003004","name":"前进社区居委会"},{"code":"410423003005","name":"黉学社区居委会"},{"code":"410423003006","name":"阳光社区居委会"},{"code":"410423003007","name":"河滨社区居委会"},{"code":"410423003008","name":"七里社区居委会"},{"code":"410423003009","name":"五里社区居委会"},{"code":"410423003010","name":"小贾庄社区居委会"},{"code":"410423003011","name":"望城岗社区居委会"}]