[{"code":"410823101200","name":"何营东村委会"},{"code":"410823101201","name":"何营西村委会"},{"code":"410823101202","name":"赵庄村委会"},{"code":"410823101203","name":"小许庄村委会"},{"code":"410823101204","name":"大许庄村委会"},{"code":"410823101205","name":"魏庄村委会"},{"code":"410823101206","name":"詹东村委会"},{"code":"410823101207","name":"詹西村委会"},{"code":"410823101208","name":"李庄村委会"},{"code":"410823101209","name":"老田庵村委会"},{"code":"410823101210","name":"小庄村委会"},{"code":"410823101211","name":"冯庄村委会"},{"code":"410823101212","name":"小茶堡村委会"},{"code":"410823101213","name":"杨延井村委会"},{"code":"410823101214","name":"郭庵村委会"},{"code":"410823101215","name":"大茶堡村委会"},{"code":"410823101216","name":"何井村委会"},{"code":"410823101217","name":"东厂村委会"},{"code":"410823101218","name":"溜村村委会"},{"code":"410823101219","name":"大刘庄村委会"},{"code":"410823101220","name":"王菜园村委会"},{"code":"410823101221","name":"王庄村委会"},{"code":"410823101222","name":"陈庄村委会"},{"code":"410823101223","name":"宋庄村委会"},{"code":"410823101224","name":"马营村委会"},{"code":"410823101225","name":"张菜园村委会"},{"code":"410823101226","name":"小马营村委会"}]