[{"code":"410928213201","name":"南湖村委会"},{"code":"410928213202","name":"安邱村委会"},{"code":"410928213203","name":"关寨村委会"},{"code":"410928213204","name":"叶庄村委会"},{"code":"410928213205","name":"渠村村委会"},{"code":"410928213206","name":"王芟河村委会"},{"code":"410928213207","name":"青庄村委会"},{"code":"410928213208","name":"大芟河村委会"},{"code":"410928213209","name":"陈寨村委会"},{"code":"410928213210","name":"前园村委会"},{"code":"410928213211","name":"后园村委会"},{"code":"410928213212","name":"马庄村村委会"},{"code":"410928213213","name":"刘海村村委会"},{"code":"410928213214","name":"翟庄村村委会"},{"code":"410928213215","name":"牛寨村委会"},{"code":"410928213216","name":"孟居村委会"},{"code":"410928213217","name":"刘寨村村委会"},{"code":"410928213218","name":"草坡村委会"},{"code":"410928213219","name":"巴寨村委会"},{"code":"410928213220","name":"武寨村委会"},{"code":"410928213221","name":"田庄村村委会"},{"code":"410928213222","name":"韩村村委会"},{"code":"410928213223","name":"张寨村委会"},{"code":"410928213224","name":"朱楼村委会"},{"code":"410928213225","name":"李庄村委会"},{"code":"410928213226","name":"王窑村委会"},{"code":"410928213227","name":"张李屯村委会"},{"code":"410928213228","name":"王辛庄村委会"},{"code":"410928213229","name":"三合村委会"},{"code":"410928213230","name":"公西村村委会"},{"code":"410928213231","name":"公西集村委会"},{"code":"410928213232","name":"大闵城村委会"},{"code":"410928213233","name":"曹闵城村委会"},{"code":"410928213234","name":"刘闵城村委会"}]