[{"code":"411025207001","name":"汾陈村社区居民委员会"},{"code":"411025207002","name":"王梦寺村社区居民委员会"},{"code":"411025207003","name":"后河庄村社区居民委员会"},{"code":"411025207004","name":"方庄村社区居民委员会"},{"code":"411025207005","name":"半坡店村社区居民委员会"},{"code":"411025207006","name":"台官李村社区居民委员会"},{"code":"411025207007","name":"仲庄村社区居民委员会"},{"code":"411025207202","name":"大路村委会"},{"code":"411025207203","name":"北吕庄村委会"},{"code":"411025207204","name":"庾河村委会"},{"code":"411025207207","name":"大磨张村委会"},{"code":"411025207208","name":"朱堂村委会"},{"code":"411025207209","name":"程桥村委会"},{"code":"411025207210","name":"北崔庄村委会"},{"code":"411025207211","name":"岗杨村委会"},{"code":"411025207212","name":"王窑村委会"},{"code":"411025207213","name":"北竹园村委会"},{"code":"411025207214","name":"双楼张村委会"},{"code":"411025207215","name":"北杨庄村委会"},{"code":"411025207216","name":"北乔庄村委会"},{"code":"411025207217","name":"宋堂村委会"},{"code":"411025207218","name":"李营村委会"},{"code":"411025207219","name":"柳庄村委会"},{"code":"411025207220","name":"老庄阎村委会"},{"code":"411025207221","name":"砖墙李村委会"},{"code":"411025207222","name":"北徐庄村委会"},{"code":"411025207223","name":"北纸房村委会"},{"code":"411025207224","name":"促进李村委会"},{"code":"411025207228","name":"赤涧傅村委会"},{"code":"411025207230","name":"访车李村委会"}]