[{"code":"411024103001","name":"陈化店居民委员会"},{"code":"411024103002","name":"杨刘居民委员会"},{"code":"411024103003","name":"马桥居民委员会"},{"code":"411024103004","name":"东明义居民委员会"},{"code":"411024103005","name":"西明义居民委员会"},{"code":"411024103006","name":"伍子居民委员会"},{"code":"411024103007","name":"后杨居民委员会"},{"code":"411024103008","name":"张刘庄居民委员会"},{"code":"411024103009","name":"黄陵居民委员会"},{"code":"411024103010","name":"前程居民委员会"},{"code":"411024103011","name":"河张居民委员会"},{"code":"411024103012","name":"赵寨居民委员会"},{"code":"411024103013","name":"河西杜居民委员会"},{"code":"411024103014","name":"王岳南居民委员会"},{"code":"411024103015","name":"王岳北居民委员会"},{"code":"411024103016","name":"东陈居民委员会"},{"code":"411024103017","name":"所村居民委员会"},{"code":"411024103215","name":"云汉村委会"},{"code":"411024103216","name":"西后杜村委会"},{"code":"411024103217","name":"西苏家村委会"},{"code":"411024103218","name":"苏庄村委会"},{"code":"411024103219","name":"西黄庄村委会"},{"code":"411024103220","name":"武庄村委会"},{"code":"411024103221","name":"常村村委会"},{"code":"411024103222","name":"丁集村委会"},{"code":"411024103223","name":"刘庄村委会"}]