[{"code":"411323105200","name":"东岗村委会"},{"code":"411323105201","name":"简村村委会"},{"code":"411323105202","name":"茶峪村委会"},{"code":"411323105203","name":"上店村委会"},{"code":"411323105204","name":"石门村委会"},{"code":"411323105205","name":"木寨村委会"},{"code":"411323105206","name":"奎文村委会"},{"code":"411323105207","name":"大沟村委会"},{"code":"411323105208","name":"宣沟村委会"},{"code":"411323105209","name":"丰山村委会"},{"code":"411323105210","name":"庄口村委会"},{"code":"411323105211","name":"北峪村委会"},{"code":"411323105212","name":"邪地村委会"},{"code":"411323105213","name":"丁河村委会"},{"code":"411323105214","name":"瓦房村委会"},{"code":"411323105215","name":"大林沟村委会"},{"code":"411323105216","name":"蒲塘村委会"},{"code":"411323105217","name":"秋树沟村委会"},{"code":"411323105218","name":"蝎子坪村委会"},{"code":"411323105219","name":"寺山村委会"},{"code":"411323105220","name":"马蹄岭村委会"},{"code":"411323105221","name":"陈阳村委会"},{"code":"411323105222","name":"秧地村委会"},{"code":"411323105223","name":"木瓜沟村委会"},{"code":"411323105224","name":"黄草坪村委会"},{"code":"411323105225","name":"古峪村委会"},{"code":"411323105226","name":"德胜村委会"},{"code":"411323105227","name":"龙庄村委会"},{"code":"411323105228","name":"虫岈村委会"}]