[{"code":"411423102201","name":"张庄村委会"},{"code":"411423102202","name":"后赵村委会"},{"code":"411423102203","name":"翟庙村委会"},{"code":"411423102204","name":"北陈村委会"},{"code":"411423102205","name":"堤湾村委会"},{"code":"411423102206","name":"宋庄村委会"},{"code":"411423102207","name":"杨楼村委会"},{"code":"411423102208","name":"邵庄村委会"},{"code":"411423102209","name":"苗庄村委会"},{"code":"411423102210","name":"焦庄村委会"},{"code":"411423102211","name":"五卜村委会"},{"code":"411423102212","name":"梁庄村委会"},{"code":"411423102213","name":"孟李村委会"},{"code":"411423102214","name":"桃园关村委会"},{"code":"411423102215","name":"张堂村委会"},{"code":"411423102216","name":"袁庄村委会"},{"code":"411423102217","name":"李楼村委会"},{"code":"411423102218","name":"天齐庙村委会"},{"code":"411423102219","name":"程楼村委会"},{"code":"411423102220","name":"二卜村委会"},{"code":"411423102221","name":"柳河集村委会"},{"code":"411423102222","name":"胡庄村委会"},{"code":"411423102223","name":"时洼村委会"},{"code":"411423102224","name":"赵尔庄村委会"},{"code":"411423102225","name":"火食店村委会"},{"code":"411423102226","name":"周庄村委会"},{"code":"411423102227","name":"吕河村委会"}]