[{"code":"411424106201","name":"南街村委会"},{"code":"411424106202","name":"西街村委会"},{"code":"411424106203","name":"东街村委会"},{"code":"411424106204","name":"北街村委会"},{"code":"411424106205","name":"陆庄村委会"},{"code":"411424106206","name":"老官张村委会"},{"code":"411424106207","name":"余花村委会"},{"code":"411424106208","name":"大张庄村委会"},{"code":"411424106209","name":"邓庄村委会"},{"code":"411424106210","name":"董庄村委会"},{"code":"411424106211","name":"司洼村委会"},{"code":"411424106212","name":"杜庄村委会"},{"code":"411424106213","name":"大张旗村委会"},{"code":"411424106214","name":"元兵马村委会"},{"code":"411424106215","name":"苇自园村委会"},{"code":"411424106216","name":"范庄村委会"},{"code":"411424106217","name":"马张桥村委会"},{"code":"411424106218","name":"余老家村委会"},{"code":"411424106219","name":"余双楼村委会"},{"code":"411424106220","name":"任庙村委会"},{"code":"411424106221","name":"赵楼村委会"},{"code":"411424106222","name":"权庄村委会"},{"code":"411424106223","name":"陈楼村委会"},{"code":"411424106224","name":"王双庙村委会"},{"code":"411424106225","name":"庞堂村委会"},{"code":"411424106226","name":"王侯村委会"}]