[{"code":"411425202201","name":"店集村委会"},{"code":"411425202202","name":"魏楼村委会"},{"code":"411425202203","name":"宋庄村委会"},{"code":"411425202204","name":"董南村委会"},{"code":"411425202205","name":"高庄村委会"},{"code":"411425202206","name":"屠庄村委会"},{"code":"411425202207","name":"沈庄村委会"},{"code":"411425202208","name":"杨楼村委会"},{"code":"411425202209","name":"大张村委会"},{"code":"411425202210","name":"小张村委会"},{"code":"411425202211","name":"花李庄村委会"},{"code":"411425202212","name":"南刘村委会"},{"code":"411425202213","name":"杨庄村委会"},{"code":"411425202214","name":"张桥村委会"},{"code":"411425202215","name":"宋火神庙村委会"},{"code":"411425202216","name":"西刘村委会"},{"code":"411425202217","name":"前李阁村委会"},{"code":"411425202218","name":"吴楼村委会"},{"code":"411425202219","name":"庞屯村委会"},{"code":"411425202220","name":"半庙村委会"},{"code":"411425202221","name":"郭庄村委会"},{"code":"411425202222","name":"洼阳村委会"},{"code":"411425202223","name":"闫屯村委会"},{"code":"411425202224","name":"惠楼村委会"},{"code":"411425202225","name":"魏固堆村委会"},{"code":"411425202226","name":"赵庄村委会"},{"code":"411425202227","name":"李庄村委会"},{"code":"411425202228","name":"董北村委会"},{"code":"411425202229","name":"丁庄村委会"},{"code":"411425202230","name":"李庙村委会"}]