[{"code":"411422206201","name":"白庙村委会"},{"code":"411422206202","name":"李楼村委会"},{"code":"411422206203","name":"裴堂村委会"},{"code":"411422206204","name":"郭店村委会"},{"code":"411422206205","name":"聂庄村委会"},{"code":"411422206206","name":"徐阳沟村委会"},{"code":"411422206207","name":"仲集村委会"},{"code":"411422206208","name":"王一明村委会"},{"code":"411422206209","name":"殷楼村委会"},{"code":"411422206210","name":"土楼村委会"},{"code":"411422206211","name":"赵河口村委会"},{"code":"411422206212","name":"姜集村委会"},{"code":"411422206213","name":"袁柳村委会"},{"code":"411422206214","name":"李口村委会"},{"code":"411422206215","name":"西朱楼村委会"},{"code":"411422206216","name":"鲁楼村委会"},{"code":"411422206217","name":"后阳村委会"},{"code":"411422206218","name":"单庄村委会"},{"code":"411422206219","name":"苏庄村委会"},{"code":"411422206220","name":"石屯村委会"},{"code":"411422206221","name":"东朱楼村委会"}]