[{"code":"411528210200","name":"临河村委会"},{"code":"411528210201","name":"常店孜村委会"},{"code":"411528210202","name":"单台村委会"},{"code":"411528210203","name":"杜围孜村委会"},{"code":"411528210204","name":"高集村委会"},{"code":"411528210205","name":"黄庄村委会"},{"code":"411528210206","name":"刘大庙村委会"},{"code":"411528210207","name":"罗寨村委会"},{"code":"411528210208","name":"柿树园村委会"},{"code":"411528210209","name":"新集村委会"},{"code":"411528210210","name":"宣楼村委会"},{"code":"411528210211","name":"余楼村委会"},{"code":"411528210212","name":"张楼村委会"},{"code":"411528210213","name":"张寨村委会"},{"code":"411528210214","name":"郑寨村委会"}]