[{"code":"411627108201","name":"付东村委会"},{"code":"411627108202","name":"付西村委会"},{"code":"411627108203","name":"皇王村委会"},{"code":"411627108204","name":"张坤楼东村委会"},{"code":"411627108205","name":"陆湾村委会"},{"code":"411627108206","name":"老屯村委会"},{"code":"411627108207","name":"岳庄村委会"},{"code":"411627108208","name":"宋庄村委会"},{"code":"411627108209","name":"双李村委会"},{"code":"411627108210","name":"于王村委会"},{"code":"411627108211","name":"西元村委会"},{"code":"411627108212","name":"钱庄村委会"},{"code":"411627108213","name":"贾庄村委会"},{"code":"411627108214","name":"王国贞村委会"},{"code":"411627108215","name":"王楼村委会"},{"code":"411627108216","name":"大时村委会"},{"code":"411627108217","name":"冯堂村委会"},{"code":"411627108218","name":"谭桥村委会"},{"code":"411627108219","name":"岳油坊村委会"},{"code":"411627108220","name":"岳西村委会"},{"code":"411627108221","name":"岳东村委会"},{"code":"411627108222","name":"张老庄村委会"},{"code":"411627108223","name":"新庄村委会"},{"code":"411627108224","name":"槐寺村委会"},{"code":"411627108225","name":"小吴楼村委会"},{"code":"411627108226","name":"明光村委会"},{"code":"411627108227","name":"刘清占村委会"},{"code":"411627108228","name":"李彩村委会"},{"code":"411627108229","name":"汪郑村委会"},{"code":"411627108230","name":"李庄村委会"},{"code":"411627108231","name":"周庄村委会"},{"code":"411627108232","name":"岳集村委会"},{"code":"411627108233","name":"谢堂村委会"},{"code":"411627108234","name":"张坤楼西村委会"},{"code":"411627108235","name":"郑老庄村委会"}]