[{"code":"411724104200","name":"陡沟村委会"},{"code":"411724104201","name":"代湾村委会"},{"code":"411724104202","name":"张湾村委会"},{"code":"411724104203","name":"隗湾村委会"},{"code":"411724104204","name":"祝湾村委会"},{"code":"411724104205","name":"孟庄村委会"},{"code":"411724104206","name":"常闵村委会"},{"code":"411724104207","name":"小魏庄村委会"},{"code":"411724104208","name":"西闵村委会"},{"code":"411724104209","name":"大鲁村委会"},{"code":"411724104210","name":"汪楼村委会"},{"code":"411724104211","name":"谢庙村委会"},{"code":"411724104212","name":"八里村委会"},{"code":"411724104213","name":"孟寨村委会"},{"code":"411724104214","name":"尚田村委会"},{"code":"411724104215","name":"周湾村委会"}]