[{"code":"420115089001","name":"滨湖社区居民委员会"},{"code":"420115089201","name":"檀树岭村村委会"},{"code":"420115089202","name":"联益村村委会"},{"code":"420115089203","name":"张家湾村村委会"},{"code":"420115089204","name":"大屋陈村村委会"},{"code":"420115089205","name":"星火村村委会"},{"code":"420115089206","name":"罗立村村委会"},{"code":"420115089207","name":"白湖村村委会"},{"code":"420115089208","name":"牛山村村委会"},{"code":"420115089209","name":"何头咀村村委会"},{"code":"420115089210","name":"青山村村委会"},{"code":"420115089211","name":"蔡王村村委会"},{"code":"420115089212","name":"吴泗村村委会"},{"code":"420115089213","name":"方家咀村村委会"}]