[{"code":"420304110200","name":"青树沟村民委员会"},{"code":"420304110201","name":"周家河村委会"},{"code":"420304110202","name":"水泉沟村委会"},{"code":"420304110203","name":"园岭山村委会"},{"code":"420304110204","name":"九里岗村民委员会"},{"code":"420304110205","name":"万家坪村委会"},{"code":"420304110206","name":"钱家河村委会"},{"code":"420304110207","name":"秦家沟村委会"},{"code":"420304110208","name":"龚家院村委会"},{"code":"420304110209","name":"蓼池村民委员会"},{"code":"420304110210","name":"琵琶滩村委会"},{"code":"420304110211","name":"白果树村委会"}]