[{"code":"420624100001","name":"水镜庄社区居委会"},{"code":"420624100002","name":"和平桥社区居委会"},{"code":"420624100003","name":"花石桥社区居委会"},{"code":"420624100004","name":"徐庶庙社区居委会"},{"code":"420624100005","name":"文峰塔社区居委会"},{"code":"420624100006","name":"便河社区居委会"},{"code":"420624100007","name":"胡家营社区居委会"},{"code":"420624100200","name":"船湾村委会"},{"code":"420624100201","name":"花石桥村委会"},{"code":"420624100202","name":"文笔峰村委会"},{"code":"420624100203","name":"徐庶庙村委会"},{"code":"420624100205","name":"南背村委会"},{"code":"420624100206","name":"马家嘴村委会"},{"code":"420624100207","name":"榆树岭村委会"},{"code":"420624100208","name":"殷庄村委会"},{"code":"420624100209","name":"凉泉村委会"},{"code":"420624100210","name":"洪河村委会"},{"code":"420624100211","name":"大河村委会"},{"code":"420624100212","name":"王山村委会"},{"code":"420624100213","name":"木瓜园村委会"},{"code":"420624100214","name":"杨林村委会"},{"code":"420624100215","name":"樊湾村委会"},{"code":"420624100216","name":"张家营村委会"},{"code":"420624100217","name":"大山村委会"},{"code":"420624100218","name":"余畈村委会"},{"code":"420624100219","name":"张林村委会"},{"code":"420624100220","name":"田家营村委会"},{"code":"420624100221","name":"车家店村委会"},{"code":"420624100222","name":"黄垭村委会"},{"code":"420624100223","name":"李家院村委会"},{"code":"420624100224","name":"郭家土城村委会"},{"code":"420624100225","name":"姚岗村委会"},{"code":"420624100226","name":"丁冲村委会"},{"code":"420624100227","name":"关庙集村委会"},{"code":"420624100228","name":"胡家营村委会"},{"code":"420624100229","name":"舒向湾村委会"},{"code":"420624100230","name":"大堰冲村委会"},{"code":"420624100231","name":"临沮岗村委会"},{"code":"420624100232","name":"狮子包村委会"},{"code":"420624100233","name":"便河村民委员会"}]