[{"code":"420704400001","name":"大闸社区"},{"code":"420704400002","name":"樊川社区"},{"code":"420704400003","name":"内河社区"},{"code":"420704400201","name":"长堤村委会"},{"code":"420704400202","name":"杜沟村委会"},{"code":"420704400203","name":"旭光村委会"},{"code":"420704400204","name":"月河村委会"},{"code":"420704400205","name":"杜山村委会"},{"code":"420704400206","name":"范灯村委会"},{"code":"420704400207","name":"周铺村委会"},{"code":"420704400208","name":"钮墩村委会"},{"code":"420704400209","name":"得胜村委会"},{"code":"420704400210","name":"周力村委会"}]