[{"code":"420921202001","name":"和平社区居委会"},{"code":"420921202201","name":"汪岗村委会"},{"code":"420921202202","name":"幸光村委会"},{"code":"420921202203","name":"长山村委会"},{"code":"420921202204","name":"余冲村委会"},{"code":"420921202205","name":"堰冲村委会"},{"code":"420921202206","name":"新民村委会"},{"code":"420921202207","name":"湛鲁村委会"},{"code":"420921202208","name":"大庙村委会"},{"code":"420921202209","name":"林徐村委会"},{"code":"420921202210","name":"老兴村委会"},{"code":"420921202211","name":"桥边村委会"},{"code":"420921202212","name":"民建村委会"},{"code":"420921202213","name":"大圣村委会"},{"code":"420921202214","name":"康杨村委会"},{"code":"420921202215","name":"朱祠村委会"},{"code":"420921202216","name":"高陈村委会"},{"code":"420921202217","name":"邱家村委会"},{"code":"420921202218","name":"吴店村委会"},{"code":"420921202219","name":"三集村委会"},{"code":"420921202220","name":"建一村委会"},{"code":"420921202221","name":"曾刘村委会"},{"code":"420921202222","name":"建二村委会"},{"code":"420921202223","name":"刘王村委会"},{"code":"420921202224","name":"冯庙村委会"},{"code":"420921202225","name":"栗林村委会"},{"code":"420921202226","name":"同乐村委会"},{"code":"420921202227","name":"界河村委会"},{"code":"420921202228","name":"湾湖村委会"},{"code":"420921202229","name":"龙庵村委会"},{"code":"420921202230","name":"杨桥村委会"},{"code":"420921202231","name":"广店村委会"},{"code":"420921202232","name":"全民村委会"},{"code":"420921202233","name":"黄土砦村委会"}]