[{"code":"421003105001","name":"弥市居委会"},{"code":"421003105201","name":"沿河村委会"},{"code":"421003105202","name":"五陵观村委会"},{"code":"421003105203","name":"太平桥村委会"},{"code":"421003105204","name":"里甲口村委会"},{"code":"421003105205","name":"刘家桥村委会"},{"code":"421003105206","name":"两县街村委会"},{"code":"421003105207","name":"合兴村委会"},{"code":"421003105208","name":"新堤村委会"},{"code":"421003105209","name":"弥市村委会"},{"code":"421003105210","name":"炮台村委会"},{"code":"421003105211","name":"老场村委会"},{"code":"421003105212","name":"工农村委会"},{"code":"421003105213","name":"陈家湾村委会"},{"code":"421003105214","name":"新华桥村委会"},{"code":"421003105215","name":"观台村委会"},{"code":"421003105216","name":"天保村委会"},{"code":"421003105217","name":"苏家铺村委会"},{"code":"421003105218","name":"姚家铺村委会"},{"code":"421003105219","name":"双马村委会"},{"code":"421003105220","name":"普兴村委会"},{"code":"421003105221","name":"龙华村委会"},{"code":"421003105222","name":"邱市村委会"},{"code":"421003105223","name":"谢家垸村委会"},{"code":"421003105224","name":"改口村委会"},{"code":"421003105225","name":"大桥村委会"},{"code":"421003105400","name":"里甲口居委会"},{"code":"421003105500","name":"砖瓦厂农业队"},{"code":"421003105501","name":"棉花原种场"},{"code":"421003105502","name":"中洲子渔场"},{"code":"421003105503","name":"漳泊湖渔场"}]