[{"code":"421126200200","name":"向桥村委会"},{"code":"421126200201","name":"白水村委会"},{"code":"421126200202","name":"黄土村委会"},{"code":"421126200203","name":"宋树村委会"},{"code":"421126200204","name":"王榜村委会"},{"code":"421126200205","name":"孙山村委会"},{"code":"421126200206","name":"毛咀村委会"},{"code":"421126200207","name":"杨畈村委会"},{"code":"421126200208","name":"童咀村委会"},{"code":"421126200209","name":"藕塘村委会"},{"code":"421126200210","name":"刘寨村委会"},{"code":"421126200211","name":"枫树村委会"},{"code":"421126200212","name":"桥上垸村委会"},{"code":"421126200213","name":"邓桥村委会"},{"code":"421126200214","name":"姜冲村委会"},{"code":"421126200215","name":"桥边河村委会"},{"code":"421126200216","name":"杨垅村委会"},{"code":"421126200217","name":"大园村委会"},{"code":"421126200218","name":"龙井岸村委会"},{"code":"421126200219","name":"桐油畈村委会"},{"code":"421126200220","name":"唐山村委会"},{"code":"421126200221","name":"斌冲村委会"},{"code":"421126200222","name":"曹大山村委会"},{"code":"421126200223","name":"棠树岭村委会"},{"code":"421126200224","name":"狮子堰村委会"},{"code":"421126200225","name":"胡山村委会"},{"code":"421126200226","name":"柳堰村委会"},{"code":"421126200227","name":"百罗丘村委会"}]