[{"code":"421127104001","name":"大河居委会"},{"code":"421127104200","name":"吴祥村委会"},{"code":"421127104201","name":"宋冲村委会"},{"code":"421127104202","name":"下鸣水村委会"},{"code":"421127104203","name":"吴箭楼村委会"},{"code":"421127104204","name":"大庙村委会"},{"code":"421127104205","name":"四渡河村委会"},{"code":"421127104206","name":"团山村委会"},{"code":"421127104207","name":"杨凼村委会"},{"code":"421127104208","name":"香炉山村委会"},{"code":"421127104209","name":"栗子园村委会"},{"code":"421127104210","name":"徐墩村委会"},{"code":"421127104211","name":"广文冲村委会"},{"code":"421127104212","name":"天门村委会"},{"code":"421127104213","name":"四祖寺村委会"},{"code":"421127104214","name":"袁山村委会"},{"code":"421127104215","name":"门山村委会"},{"code":"421127104216","name":"永安村委会"},{"code":"421127104217","name":"赵畈村委会"},{"code":"421127104218","name":"荷叶村委会"},{"code":"421127104219","name":"大桥村委会"},{"code":"421127104220","name":"大河村委会"},{"code":"421127104221","name":"义丰村委会"},{"code":"421127104222","name":"洪岭村委会"},{"code":"421127104223","name":"九房村委会"},{"code":"421127104224","name":"大屋村委会"},{"code":"421127104225","name":"李埂村委会"},{"code":"421127104226","name":"钱建楼村委会"},{"code":"421127104227","name":"高墩村委会"},{"code":"421127104228","name":"聂闸村委会"},{"code":"421127104229","name":"叶塘村委会"},{"code":"421127104230","name":"李林村委会"},{"code":"421127104231","name":"余苏村委会"},{"code":"421127104232","name":"王枫村委会"},{"code":"421127104233","name":"老屋村委会"},{"code":"421127104234","name":"友恒村委会"},{"code":"421127104235","name":"王河村委会"},{"code":"421127104236","name":"太山村委会"},{"code":"421127104237","name":"西河村委会"},{"code":"421127104238","name":"花园山村委会"},{"code":"421127104239","name":"万马村委会"},{"code":"421127104240","name":"肖畈村委会"},{"code":"421127104241","name":"戢畈村委会"},{"code":"421127104242","name":"黄桥村委会"},{"code":"421127104243","name":"雷咀村委会"},{"code":"421127104244","name":"快岭村委会"},{"code":"421127104245","name":"福选村委会"},{"code":"421127104246","name":"车路村委会"}]