[{"code":"430181117003","name":"心源社区居委会"},{"code":"430181117004","name":"永安社区居委会"},{"code":"430181117005","name":"永新社区居委会"},{"code":"430181117006","name":"丰裕社区居委会"},{"code":"430181117211","name":"礼耕村委会"},{"code":"430181117217","name":"水山村委会"},{"code":"430181117223","name":"芦塘村委会"},{"code":"430181117233","name":"督正村委会"},{"code":"430181117242","name":"坪头村委会"},{"code":"430181117243","name":"永和村委会"},{"code":"430181117244","name":"大安村委会"},{"code":"430181117245","name":"西湖潭村委会"}]