[{"code":"430321113001","name":"机关居委会"},{"code":"430321113002","name":"电厂街居委会"},{"code":"430321113003","name":"王家山社区居委会"},{"code":"430321113213","name":"铺子岭村委会"},{"code":"430321113215","name":"九江村委会"},{"code":"430321113223","name":"金风村委会"},{"code":"430321113229","name":"新福村委会"},{"code":"430321113241","name":"柳湖村委会"},{"code":"430321113242","name":"同福村委会"},{"code":"430321113243","name":"雁银村委会"},{"code":"430321113244","name":"金河村委会"},{"code":"430321113245","name":"燕荆村委会"},{"code":"430321113246","name":"金福村委会"},{"code":"430321113247","name":"杨嘉桥村委会"},{"code":"430321113248","name":"白鹿村委会"},{"code":"430321113249","name":"富家村委会"},{"code":"430321113250","name":"金洪村委会"},{"code":"430321113251","name":"新桥村委会"},{"code":"430321113252","name":"旷家新村委会"},{"code":"430321113253","name":"三湘村委会"},{"code":"430321113254","name":"合金村委会"},{"code":"430321113255","name":"华东村委会"},{"code":"430321113256","name":"金蛟村委会"},{"code":"430321113257","name":"金笔村委会"}]