[{"code":"430381109001","name":"粉壁滩居委会"},{"code":"430381109002","name":"分路口居委会"},{"code":"430381109203","name":"白田村委会"},{"code":"430381109204","name":"长江村委会"},{"code":"430381109205","name":"新苗村委会"},{"code":"430381109208","name":"五星村委会"},{"code":"430381109211","name":"大冲村委会"},{"code":"430381109213","name":"上麓村委会"},{"code":"430381109214","name":"高冲村委会"},{"code":"430381109217","name":"上扶村委会"},{"code":"430381109219","name":"石江村委会"},{"code":"430381109220","name":"仁厚村委会"},{"code":"430381109224","name":"东毛村委会"},{"code":"430381109225","name":"三迁村委会"},{"code":"430381109227","name":"白石村委会"},{"code":"430381109229","name":"芋子村委会"},{"code":"430381109232","name":"星辉村委会"},{"code":"430381109233","name":"沙田村委会"},{"code":"430381109235","name":"田新村"}]