[{"code":"430421114001","name":"关帝庙社区居委会"},{"code":"430421114002","name":"振兴社区居委会"},{"code":"430421114200","name":"关市村委会"},{"code":"430421114201","name":"兰山村委会"},{"code":"430421114203","name":"马岭村委会"},{"code":"430421114205","name":"源江村委会"},{"code":"430421114206","name":"黄泥村委会"},{"code":"430421114213","name":"石麓村委会"},{"code":"430421114216","name":"唐市村委会"},{"code":"430421114218","name":"贞福村委会"},{"code":"430421114226","name":"寄龙村委会"},{"code":"430421114228","name":"马安村委会"},{"code":"430421114232","name":"汇水村委会"},{"code":"430421114234","name":"金马村委会"},{"code":"430421114243","name":"梅麓村委会"},{"code":"430421114246","name":"众星村委会"},{"code":"430421114247","name":"黄龙村委会"},{"code":"430421114248","name":"上斛村委会"},{"code":"430421114249","name":"福音村委会"},{"code":"430421114250","name":"保新村委会"},{"code":"430421114251","name":"高平村委会"},{"code":"430421114252","name":"永康村委会"},{"code":"430421114253","name":"三阳村委会"},{"code":"430421114254","name":"双福村委会"}]