[{"code":"430422104001","name":"正街社区"},{"code":"430422104003","name":"黄市社区"},{"code":"430422104201","name":"五一村"},{"code":"430422104204","name":"吐泉村"},{"code":"430422104206","name":"公塘村"},{"code":"430422104207","name":"黄竹村"},{"code":"430422104210","name":"柳树村"},{"code":"430422104212","name":"溪头村"},{"code":"430422104214","name":"引田村"},{"code":"430422104216","name":"足田村"},{"code":"430422104218","name":"冠市村"},{"code":"430422104220","name":"梅盐村"},{"code":"430422104222","name":"坪田村"},{"code":"430422104225","name":"杨武村"},{"code":"430422104226","name":"新塘村"},{"code":"430422104228","name":"柏潭村"},{"code":"430422104230","name":"畔壁村"}]