[{"code":"430426002001","name":"石门社区居委会"},{"code":"430426002002","name":"颜家社区居委会"},{"code":"430426002003","name":"三圣居委会"},{"code":"430426002004","name":"曹西居委会"},{"code":"430426002008","name":"洪丰居委会"},{"code":"430426002009","name":"新丰居委会"},{"code":"430426002010","name":"祁丰居委会"},{"code":"430426002204","name":"何家村委会"},{"code":"430426002207","name":"青山村委会"},{"code":"430426002210","name":"绿野村委会"},{"code":"430426002217","name":"山硚村委会"},{"code":"430426002218","name":"玖隆村委会"},{"code":"430426002219","name":"乔丰村委会"},{"code":"430426002220","name":"大福村委会"}]