[{"code":"430611103001","name":"朝阳社区"},{"code":"430611103002","name":"雅园社区"},{"code":"430611103003","name":"百花社区"},{"code":"430611103004","name":"六门闸社区"},{"code":"430611103005","name":"托龙山社区"},{"code":"430611103006","name":"银杯社区"},{"code":"430611103007","name":"分路口社区"},{"code":"430611103200","name":"团洲村"},{"code":"430611103201","name":"西北湖村"},{"code":"430611103202","name":"古月湖村"},{"code":"430611103203","name":"两门闸村"},{"code":"430611103204","name":"高桥村"},{"code":"430611103205","name":"天星洲村"},{"code":"430611103206","name":"马颈河村"},{"code":"430611103207","name":"丰收村"},{"code":"430611103208","name":"牛奶湖村"},{"code":"430611103209","name":"东北湖渔场类似村"},{"code":"430611103210","name":"三角闸村"},{"code":"430611103211","name":"乾隆村"},{"code":"430611103212","name":"观音村"},{"code":"430611103213","name":"幸福村"},{"code":"430611103214","name":"文家湾村"},{"code":"430611103215","name":"采桑湖渔场类似村"}]