[{"code":"430703122001","name":"吴家坝社区"},{"code":"430703122002","name":"青龙嘴社区"},{"code":"430703122003","name":"金家坊社区"},{"code":"430703122201","name":"党家庵村"},{"code":"430703122202","name":"荆树湾村"},{"code":"430703122203","name":"黄壁坪村"},{"code":"430703122204","name":"茄子冲村"},{"code":"430703122205","name":"铁山坪村"},{"code":"430703122206","name":"茶场村委会"},{"code":"430703122207","name":"逆江坪村"},{"code":"430703122208","name":"湖江坪村"},{"code":"430703122209","name":"廖花河村"},{"code":"430703122210","name":"新庵冲村"},{"code":"430703122211","name":"高峰村"}]