[{"code":"430722501001","name":"黄泥湖社区"},{"code":"430722501201","name":"新北湖村委会"},{"code":"430722501203","name":"渔场村委会"},{"code":"430722501204","name":"裕民村委会"},{"code":"430722501211","name":"幸福村委会"},{"code":"430722501212","name":"安康村委会"},{"code":"430722501213","name":"西洲村委会"},{"code":"430722501221","name":"田园村委会"},{"code":"430722501222","name":"建湖村委会"},{"code":"430722501223","name":"永安村委会"},{"code":"430722501231","name":"新兴村委会"},{"code":"430722501232","name":"春晓村委会"}]