[{"code":"430922108003","name":"牛田社区"},{"code":"430922108201","name":"金光山村委会"},{"code":"430922108202","name":"杉树仑村委会"},{"code":"430922108204","name":"临市街村委会"},{"code":"430922108214","name":"清塘村委会"},{"code":"430922108216","name":"金凤山村委会"},{"code":"430922108223","name":"观庄村委会"},{"code":"430922108229","name":"峡山口村委会"},{"code":"430922108231","name":"三塘湾村委会"},{"code":"430922108239","name":"小桃村"}]