[{"code":"431026106001","name":"大坪居委会"},{"code":"431026106203","name":"联村村"},{"code":"431026106205","name":"坪湾瑶族村委会"},{"code":"431026106208","name":"城溪瑶族村委会"},{"code":"431026106209","name":"李屋村委会"},{"code":"431026106212","name":"下祝村"},{"code":"431026106213","name":"大坪村"},{"code":"431026106214","name":"官路村委会"},{"code":"431026106215","name":"欧村村委会"},{"code":"431026106217","name":"隆兴村委会"},{"code":"431026106219","name":"溪头村委会"},{"code":"431026106220","name":"南村村"},{"code":"431026106221","name":"堆山村"},{"code":"431026106222","name":"祝岭瑶族村"},{"code":"431026106223","name":"鲁塘新村"}]