[{"code":"431021102003","name":"花坪社区"},{"code":"431021102200","name":"仁义村村委会"},{"code":"431021102205","name":"白云村村委会"},{"code":"431021102209","name":"大湖村村委会"},{"code":"431021102210","name":"阴山村村委会"},{"code":"431021102212","name":"山河村村委会"},{"code":"431021102213","name":"下源村"},{"code":"431021102214","name":"桐子坪村民委员会"},{"code":"431021102219","name":"长江村村委会"},{"code":"431021102220","name":"乌市村村委会"},{"code":"431021102221","name":"育才村村委会"},{"code":"431021102222","name":"五美村"},{"code":"431021102223","name":"大王村"},{"code":"431021102224","name":"田湾村"},{"code":"431021102225","name":"银河村"},{"code":"431021102226","name":"何花村"}]