[{"code":"431022112200","name":"龙塘村"},{"code":"431022112205","name":"天塘村"},{"code":"431022112206","name":"猴子冲村"},{"code":"431022112207","name":"山背村"},{"code":"431022112208","name":"仁洞村"},{"code":"431022112210","name":"满塘村"},{"code":"431022112213","name":"太平山村"},{"code":"431022112216","name":"林家牌村"},{"code":"431022112217","name":"马鞍山村"},{"code":"431022112218","name":"南冲村"},{"code":"431022112219","name":"罗轸村"},{"code":"431022112220","name":"贺家瑶族村"},{"code":"431022112221","name":"竹梓塘村"},{"code":"431022112222","name":"水尾村"},{"code":"431022112223","name":"笠头村"},{"code":"431022112224","name":"菜子冲村"},{"code":"431022112225","name":"台霄村"},{"code":"431022112226","name":"杨桐江村"},{"code":"431022112230","name":"东源山村"},{"code":"431022112231","name":"天子山村"},{"code":"431022112232","name":"乐水河村"}]