[{"code":"431128104010","name":"新圩居委会"},{"code":"431128104011","name":"高山居委会"},{"code":"431128104012","name":"蒋家居委会"},{"code":"431128104013","name":"山水塘居委会"},{"code":"431128104200","name":"伍家村委会"},{"code":"431128104201","name":"白芒村委会"},{"code":"431128104202","name":"兰溪村委会"},{"code":"431128104203","name":"上禾塘村委会"},{"code":"431128104206","name":"桐木窝村委会"},{"code":"431128104209","name":"万年村委会"},{"code":"431128104210","name":"祖亭下村委会"},{"code":"431128104212","name":"三占塘村委会"},{"code":"431128104214","name":"道塘村委会"},{"code":"431128104216","name":"梧村村委会"},{"code":"431128104217","name":"潘溪头村委会"},{"code":"431128104220","name":"石门头村委会"},{"code":"431128104222","name":"程家村委会"},{"code":"431128104225","name":"秀岗村委会"},{"code":"431128104228","name":"长富村委会"},{"code":"431128104230","name":"上坪村委会"}]