[{"code":"431129200201","name":"源田塘村委会"},{"code":"431129200202","name":"杜家田村委会"},{"code":"431129200208","name":"大林江村委会"},{"code":"431129200209","name":"贝芝头村委会"},{"code":"431129200210","name":"木浪村委会"},{"code":"431129200211","name":"伍家寨村委会"},{"code":"431129200212","name":"社公湾村委会"},{"code":"431129200219","name":"界牌村"},{"code":"431129200220","name":"芝源村"},{"code":"431129200221","name":"源水村"},{"code":"431129200222","name":"前进村"},{"code":"431129200223","name":"洪源村"}]