[{"code":"431225108200","name":"金坪村村委会"},{"code":"431225108201","name":"桐木村村委会"},{"code":"431225108202","name":"岩脚村村委会"},{"code":"431225108207","name":"黄土坝村村委会"},{"code":"431225108208","name":"清江村村委会"},{"code":"431225108209","name":"地灵村村委会"},{"code":"431225108210","name":"石其村村委会"},{"code":"431225108211","name":"水尾村村委会"},{"code":"431225108212","name":"肖家村村委会"},{"code":"431225108213","name":"王家村村委会"},{"code":"431225108214","name":"东岳村村委会"},{"code":"431225108215","name":"楼脚村村委会"},{"code":"431225108216","name":"坡脚村村委会"},{"code":"431225108218","name":"半山村村委会"},{"code":"431225108220","name":"老团村村委会"}]