[{"code":"431322110001","name":"孟公桥社区居委会"},{"code":"431322110201","name":"大树庙村委会"},{"code":"431322110202","name":"坪砥村委会"},{"code":"431322110203","name":"太岩村委会"},{"code":"431322110207","name":"桃溪村委会"},{"code":"431322110209","name":"洞下村委会"},{"code":"431322110210","name":"星燎村委会"},{"code":"431322110211","name":"远景村委会"},{"code":"431322110216","name":"太阳村委会"},{"code":"431322110219","name":"桥头村委会"},{"code":"431322110221","name":"小门村委会"},{"code":"431322110229","name":"明星村委会"},{"code":"431322110230","name":"红星村委会"},{"code":"431322110231","name":"付家村委会"},{"code":"431322110232","name":"孟公村委会"},{"code":"431322110233","name":"石龙村委会"},{"code":"431322110235","name":"月塘村委会"},{"code":"431322110236","name":"清水村委会"},{"code":"431322110239","name":"瑞阳村委会"},{"code":"431322110240","name":"星塘村委会"},{"code":"431322110243","name":"九龙村委会"},{"code":"431322110245","name":"红光村委会"},{"code":"431322110246","name":"宝塔村委会"},{"code":"431322110247","name":"老屋村委会"},{"code":"431322110249","name":"北丰村委会"},{"code":"431322110250","name":"沙洲村委会"},{"code":"431322110252","name":"簪溪村委会"},{"code":"431322110253","name":"龙溪村委会"},{"code":"431322110256","name":"塘坪村委会"},{"code":"431322110257","name":"天盆村委会"},{"code":"431322110258","name":"吉龙山村委会"},{"code":"431322110259","name":"金泰村委会"}]