[{"code":"440115001001","name":"南沙社区居民委员会"},{"code":"440115001002","name":"逸涛雅苑居委会"},{"code":"440115001003","name":"南北台居委会"},{"code":"440115001004","name":"红岭居委会"},{"code":"440115001005","name":"蝴蝶洲居委会"},{"code":"440115001006","name":"海庭居委会"},{"code":"440115001200","name":"大岭界村民委员会"},{"code":"440115001201","name":"塘坑村民委员会"},{"code":"440115001202","name":"大冲管理区村委会"},{"code":"440115001203","name":"广隆管理区村委会"},{"code":"440115001204","name":"板头管理区村委会"},{"code":"440115001205","name":"金洲管理区村委会"},{"code":"440115001206","name":"沙螺湾管理区村委会"},{"code":"440115001207","name":"东瓜宇管理区村委会"},{"code":"440115001208","name":"坦头管理区村委会"},{"code":"440115001209","name":"芦湾管理区村委会"},{"code":"440115001210","name":"九王庙村民委员会"},{"code":"440115001211","name":"深湾村民委员会"},{"code":"440115001212","name":"东井村民委员会"},{"code":"440115001213","name":"鹿颈村民委员会"},{"code":"440115001214","name":"南横村民委员会"},{"code":"440115001500","name":"南沙林场"}]