[{"code":"440111107001","name":"和珊社区居委会"},{"code":"440111107002","name":"龙归社区居委会"},{"code":"440111107003","name":"龙穗社区居委会"},{"code":"440111107004","name":"龙悦社区居委会"},{"code":"440111107005","name":"东湖映月社区居委会"},{"code":"440111107006","name":"汇雅社区居委会"},{"code":"440111107007","name":"金龙社区居委会"},{"code":"440111107008","name":"蓝山社区居委会"},{"code":"440111107200","name":"兴丰村委会"},{"code":"440111107201","name":"穗丰村委会"},{"code":"440111107202","name":"白山村委会"},{"code":"440111107203","name":"和龙村委会"},{"code":"440111107204","name":"米龙村委会"},{"code":"440111107205","name":"大源村委会"},{"code":"440111107206","name":"石湖村委会"},{"code":"440111107207","name":"头陂村委会"},{"code":"440111107208","name":"沙亭村委会"},{"code":"440111107209","name":"大沥村委会"},{"code":"440111107210","name":"谢家庄村委会"},{"code":"440111107211","name":"营溪村委会"},{"code":"440111107212","name":"草庄村委会"},{"code":"440111107213","name":"田心村委会"},{"code":"440111107214","name":"柏塘村委会"},{"code":"440111107215","name":"北村村委会"},{"code":"440111107216","name":"夏良村委会"},{"code":"440111107217","name":"南村村委会"},{"code":"440111107218","name":"园夏村委会"},{"code":"440111107219","name":"南岭村委会"},{"code":"440111107220","name":"永兴村委会"}]