[{"code":"440105001101","name":"下渡社区居委会"},{"code":"440105001102","name":"鹭江社区居委会"},{"code":"440105001103","name":"大江涌社区居委会"},{"code":"440105001104","name":"客村社区居委会"},{"code":"440105001106","name":"珠影社区居委会"},{"code":"440105001107","name":"七所社区居委会"},{"code":"440105001108","name":"赤岗社区居委会"},{"code":"440105001109","name":"毛纺社区居委会"},{"code":"440105001110","name":"赤塘社区居委会"},{"code":"440105001111","name":"七星岗社区居委会"},{"code":"440105001112","name":"石榴岗社区居委会"},{"code":"440105001113","name":"大江苑社区居委会"},{"code":"440105001116","name":"竹园社区居委会"},{"code":"440105001117","name":"南贤社区居委会"},{"code":"440105001118","name":"江景社区居委会"},{"code":"440105001119","name":"鸿运社区居委会"},{"code":"440105001121","name":"金星社区居委会"},{"code":"440105001123","name":"愉景雅苑社区居委会"},{"code":"440105001124","name":"江丽社区居委会"},{"code":"440105001125","name":"汇美社区居委会"},{"code":"440105001126","name":"新鸿社区居委会"},{"code":"440105001127","name":"珠江帝景社区居委会"}]