[{"code":"440106011004","name":"棠德南社区居委会"},{"code":"440106011012","name":"祥龙社区居委会"},{"code":"440106011018","name":"荷光西社区居委会"},{"code":"440106011019","name":"荷光东社区居委会"},{"code":"440106011020","name":"达善西社区居委会"},{"code":"440106011021","name":"棠德北社区居委会"},{"code":"440106011022","name":"邮电社区居委会"},{"code":"440106011023","name":"天安社区居委会"},{"code":"440106011024","name":"丰乐社区居委会"},{"code":"440106011025","name":"广棠社区居委会"},{"code":"440106011027","name":"枫叶社区居委会"},{"code":"440106011028","name":"尚景社区居委会"},{"code":"440106011029","name":"加拿大花园社区居委会"},{"code":"440106011030","name":"东南社区居委会"},{"code":"440106011031","name":"达善东社区居委会"},{"code":"440106011032","name":"华景西社区居委会"},{"code":"440106011033","name":"华景东社区居委会"},{"code":"440106011034","name":"泰安社区居委会"}]