[{"code":"440282106001","name":"邓坊社区居委会"},{"code":"440282106201","name":"邓坊村委会"},{"code":"440282106202","name":"里源村委会"},{"code":"440282106203","name":"赤石村委会"},{"code":"440282106204","name":"洋西村委会"},{"code":"440282106205","name":"赤马村委会"},{"code":"440282106206","name":"马战村委会"},{"code":"440282106207","name":"茶头背村委会"},{"code":"440282106208","name":"上湖村委会"},{"code":"440282106209","name":"兰田村委会"}]