[{"code":"440705108001","name":"三江社区居委会"},{"code":"440705108201","name":"联和村委会"},{"code":"440705108202","name":"新江村委会"},{"code":"440705108203","name":"联合村委会"},{"code":"440705108204","name":"深吕村委会"},{"code":"440705108205","name":"九子沙村委会"},{"code":"440705108210","name":"洋美村委会"},{"code":"440705108211","name":"良德冲村委会"},{"code":"440705108212","name":"临步村委会"},{"code":"440705108213","name":"新马单村委会"},{"code":"440705108216","name":"官田村委会"},{"code":"440705108217","name":"沙岗村委会"},{"code":"440705108218","name":"新谢村村委会"},{"code":"440705108501","name":"沙仔场"},{"code":"440705108502","name":"虎坑场"},{"code":"440705108503","name":"渔业场"}]