[{"code":"440825001001","name":"龙尾社区居委会"},{"code":"440825001002","name":"木棉树社区居委会"},{"code":"440825001003","name":"向阳社区居委会"},{"code":"440825001004","name":"南门塘社区居委会"},{"code":"440825001005","name":"华建社区居委会"},{"code":"440825001006","name":"大糖社区居委会"},{"code":"440825001007","name":"附城社区居委会"},{"code":"440825001202","name":"何宅寮村委会"},{"code":"440825001203","name":"西门村委会"},{"code":"440825001204","name":"北门村委会"}]