[{"code":"440825113201","name":"下埚村委会"},{"code":"440825113202","name":"那屯村委会"},{"code":"440825113203","name":"乙神村委会"},{"code":"440825113204","name":"槟榔村委会"},{"code":"440825113205","name":"龙埚村委会"},{"code":"440825113206","name":"博爱村委会"},{"code":"440825113207","name":"北潭村委会"},{"code":"440825113208","name":"长乐村委会"},{"code":"440825113209","name":"海港村委会"},{"code":"440825113210","name":"五里村委会"},{"code":"440825113211","name":"三塘村委会"},{"code":"440825113212","name":"竹山村委会"},{"code":"440825113213","name":"四塘村委会"},{"code":"440825113214","name":"南山村委会"},{"code":"440825113215","name":"二桥村委会"},{"code":"440825113216","name":"芒海村委会"},{"code":"440825113219","name":"下井村委会"}]