[{"code":"440902102001","name":"新坡商业城居委会"},{"code":"440902102201","name":"新坡村委会"},{"code":"440902102202","name":"车田村委会"},{"code":"440902102203","name":"合水村委会"},{"code":"440902102204","name":"新城村委会"},{"code":"440902102205","name":"文冲口村委会"},{"code":"440902102206","name":"高岭村委会"},{"code":"440902102207","name":"华德岭村委会"},{"code":"440902102208","name":"樟古村委会"},{"code":"440902102209","name":"官渡村委会"},{"code":"440902102210","name":"大塘村委会"},{"code":"440902102211","name":"莲塘村委会"},{"code":"440902102212","name":"关车村委会"},{"code":"440902102213","name":"黄塘村委会"}]