[{"code":"440981101001","name":"安山圩居委会"},{"code":"440981101201","name":"明星村委会"},{"code":"440981101202","name":"新垌村委会"},{"code":"440981101203","name":"安山村委会"},{"code":"440981101204","name":"东茂坡村委会"},{"code":"440981101205","name":"中合村委会"},{"code":"440981101206","name":"流垌村委会"},{"code":"440981101207","name":"长流村委会"},{"code":"440981101208","name":"大路坡村委会"},{"code":"440981101209","name":"新德村委会"},{"code":"440981101210","name":"高良村委会"},{"code":"440981101211","name":"钢铁村委会"},{"code":"440981101212","name":"坡仔村委会"},{"code":"440981101213","name":"高联村委会"},{"code":"440981101214","name":"良坑村委会"},{"code":"440981101215","name":"云炉村委会"},{"code":"440981101216","name":"云山村委会"},{"code":"440981101217","name":"联合村委会"},{"code":"440981101218","name":"新光村委会"},{"code":"440981101219","name":"凤坑村委会"}]