[{"code":"440982003001","name":"霞宝社区"},{"code":"440982003002","name":"兴郭社区"},{"code":"440982003201","name":"下郭村委会"},{"code":"440982003202","name":"多谷村委会"},{"code":"440982003203","name":"潦口村委会"},{"code":"440982003204","name":"灵村村委会"},{"code":"440982003205","name":"石狗塘村委会"},{"code":"440982003206","name":"文子山村委会"},{"code":"440982003207","name":"坡尾村委会"},{"code":"440982003208","name":"官田村委会"},{"code":"440982003209","name":"黄槐村委会"}]