[{"code":"441302008001","name":"甲子社区居委会"},{"code":"441302008002","name":"曙光社区居委会"},{"code":"441302008003","name":"御湖社区居委会"},{"code":"441302008004","name":"万麓湖社区居委会"},{"code":"441302008200","name":"东江村民委员会"},{"code":"441302008202","name":"澄海村民委员会"},{"code":"441302008203","name":"青春村民委员会"},{"code":"441302008204","name":"东升村民委员会"},{"code":"441302008205","name":"陈江村民委员会"},{"code":"441302008207","name":"胜利村民委员会"},{"code":"441302008208","name":"五一村民委员会"},{"code":"441302008209","name":"观田村民委员会"},{"code":"441302008210","name":"石圳村民委员会"},{"code":"441302008211","name":"幸福村民委员会"},{"code":"441302008212","name":"社溪村民委员会"}]