[{"code":"441521118001","name":"长安社区居民委员会"},{"code":"441521118002","name":"长兴社区居民委员会"},{"code":"441521118003","name":"日兴社区居民委员会"},{"code":"441521118004","name":"南园社区居民委员会"},{"code":"441521118005","name":"新城社区居民委员会"},{"code":"441521118006","name":"新兴社区居民委员会"},{"code":"441521118007","name":"西坑社区居民委员会"},{"code":"441521118201","name":"后山村民委员会"},{"code":"441521118202","name":"龙岗村民委员会"},{"code":"441521118203","name":"笏雅村民委员会"},{"code":"441521118204","name":"新塘村民委员会"},{"code":"441521118205","name":"平新村民委员会"},{"code":"441521118206","name":"平一村民委员会"},{"code":"441521118207","name":"平二村民委员会"},{"code":"441521118208","name":"平三村民委员会"},{"code":"441521118209","name":"白山村民委员会"},{"code":"441521118210","name":"西山村民委员会"},{"code":"441521118211","name":"十三坑村民委员会"},{"code":"441521118212","name":"赤坭村民委员会"},{"code":"441521118213","name":"高北村民委员会"},{"code":"441521118214","name":"公一村民委员会"},{"code":"441521118215","name":"公二村民委员会"},{"code":"441521118216","name":"公三村民委员会"},{"code":"441521118217","name":"青围村民委员会"},{"code":"441521118218","name":"五联村民委员会"},{"code":"441521118219","name":"庵前村民委员会"},{"code":"441521118220","name":"下洞村民委员会"},{"code":"441521118221","name":"联和村民委员会"},{"code":"441521118222","name":"高联村民委员会"},{"code":"441521118223","name":"示仔村民委员会"}]