[{"code":"441581102001","name":"西门社区居委会"},{"code":"441581102002","name":"诗书社区居委会"},{"code":"441581102003","name":"水朝社区居委会"},{"code":"441581102004","name":"后城社区居委会"},{"code":"441581102005","name":"西湖社区居民委员会"},{"code":"441581102201","name":"红坡村委会"},{"code":"441581102202","name":"红卫村委会"},{"code":"441581102203","name":"港口村委会"},{"code":"441581102204","name":"包一村委会"},{"code":"441581102205","name":"包二村委会"},{"code":"441581102206","name":"灶背村委会"},{"code":"441581102207","name":"海英村委会"},{"code":"441581102208","name":"围仔村委会"},{"code":"441581102209","name":"新丰村委会"},{"code":"441581102210","name":"浅海村委会"},{"code":"441581102211","name":"浅澳村委会"},{"code":"441581102212","name":"田头园村委会"},{"code":"441581102213","name":"后埔村委会"},{"code":"441581102214","name":"新饶村委会"},{"code":"441581102215","name":"上林村委会"},{"code":"441581102216","name":"北城村委会"},{"code":"441581102217","name":"南城村委会"},{"code":"441581102218","name":"角清村委会"},{"code":"441581102219","name":"前堆村委会"},{"code":"441581102220","name":"上洋村委会"},{"code":"441581102221","name":"曾厝村委会"},{"code":"441581102222","name":"角洋村委会"},{"code":"441581102223","name":"草洋村委会"},{"code":"441581102224","name":"戴厝村委会"},{"code":"441581102225","name":"角溪坂村委会"},{"code":"441581102226","name":"新布村委会"},{"code":"441581102227","name":"梅田村委会"},{"code":"441581102228","name":"霞博村委会"},{"code":"441581102229","name":"桂林村委会"},{"code":"441581102230","name":"湖坑村委会"},{"code":"441581102231","name":"桥头村委会"},{"code":"441581102232","name":"滴水村委会"},{"code":"441581102233","name":"六桃村委会"},{"code":"441581102234","name":"南溪村委会"},{"code":"441581102235","name":"新酉村委会"},{"code":"441581102236","name":"莲花村委会"},{"code":"441581102237","name":"更新村委会"}]