[{"code":"441721106001","name":"儒洞社区居委会"},{"code":"441721106201","name":"蓝田村委会"},{"code":"441721106202","name":"寿场村委会"},{"code":"441721106203","name":"河洞村委会"},{"code":"441721106204","name":"边海村委会"},{"code":"441721106205","name":"大村村委会"},{"code":"441721106206","name":"福安村委会"},{"code":"441721106207","name":"三教村委会"},{"code":"441721106208","name":"石楼村委会"},{"code":"441721106209","name":"新村村委会"},{"code":"441721106210","name":"南洞村委会"},{"code":"441721106211","name":"新桥村委会"},{"code":"441721106212","name":"驹龙村委会"}]