[{"code":"442000106001","name":"汇源社区居民委员会"},{"code":"442000106201","name":"康乐村民委员会"},{"code":"442000106202","name":"龙山村民委员会"},{"code":"442000106203","name":"龙瑞村民委员会"},{"code":"442000106204","name":"云汉村民委员会"},{"code":"442000106205","name":"乐群村民委员会"},{"code":"442000106206","name":"龙头环村民委员会"},{"code":"442000106207","name":"圣狮村民委员会"},{"code":"442000106208","name":"象角村民委员会"},{"code":"442000106209","name":"沙溪村民委员会"},{"code":"442000106210","name":"虎逊村民委员会"},{"code":"442000106211","name":"濠涌村民委员会"},{"code":"442000106212","name":"涌头村民委员会"},{"code":"442000106213","name":"中兴村民委员会"},{"code":"442000106214","name":"涌边村民委员会"},{"code":"442000106215","name":"港园村民委员会"}]