[{"code":"445103101001","name":"登塘社区居委会"},{"code":"445103101002","name":"田东社区居委会"},{"code":"445103101200","name":"登塘村委会"},{"code":"445103101201","name":"笔埔村委会"},{"code":"445103101202","name":"白云村委会"},{"code":"445103101203","name":"扬美村委会"},{"code":"445103101204","name":"林一村委会"},{"code":"445103101205","name":"林二村委会"},{"code":"445103101206","name":"溪乾寮村委会"},{"code":"445103101207","name":"郑岗村委会"},{"code":"445103101208","name":"下林村委会"},{"code":"445103101209","name":"凤岗埔村委会"},{"code":"445103101210","name":"三新乡村委会"},{"code":"445103101211","name":"东寮村委会"},{"code":"445103101212","name":"平林村委会"},{"code":"445103101213","name":"尧田村委会"},{"code":"445103101214","name":"白水村委会"},{"code":"445103101215","name":"关竹村委会"},{"code":"445103101216","name":"枫树员村委会"},{"code":"445103101217","name":"白茫洲村委会"},{"code":"445103101218","name":"新西坑村委会"},{"code":"445103101219","name":"横洋村委会"},{"code":"445103101220","name":"田东村委会"},{"code":"445103101221","name":"黄潭村委会"},{"code":"445103101222","name":"伍全村委会"},{"code":"445103101223","name":"栖凤村委会"},{"code":"445103101224","name":"小葫芦村委会"},{"code":"445103101225","name":"大葫芦村委会"},{"code":"445103101226","name":"世田村委会"}]