[{"code":"450123100005","name":"新兴社区居委会"},{"code":"450123100006","name":"国泰社区居委会"},{"code":"450123100008","name":"兴阳社区居委会"},{"code":"450123100201","name":"四兴村委会"},{"code":"450123100202","name":"那可村委会"},{"code":"450123100203","name":"宝塔村委会"},{"code":"450123100204","name":"西宁村委会"},{"code":"450123100205","name":"震东村委会"},{"code":"450123100206","name":"小林村委会"},{"code":"450123100207","name":"大林村委会"},{"code":"450123100208","name":"旺中村委会"},{"code":"450123100209","name":"东安村委会"},{"code":"450123100210","name":"东信村委会"},{"code":"450123100211","name":"良兴村委会"},{"code":"450123100212","name":"良一村委会"},{"code":"450123100213","name":"良二村委会"},{"code":"450123100214","name":"良安村委会"}]