[{"code":"450125200001","name":"澄泰社区居委会"},{"code":"450125200201","name":"弄贬村委会"},{"code":"450125200202","name":"大坡村委会"},{"code":"450125200203","name":"安宁村委会"},{"code":"450125200204","name":"圩底村委会"},{"code":"450125200205","name":"云龙村委会"},{"code":"450125200206","name":"高顶村委会"},{"code":"450125200207","name":"漫桥村委会"},{"code":"450125200208","name":"下江村委会"},{"code":"450125200209","name":"新联村委会"},{"code":"450125200210","name":"洋渡村委会"},{"code":"450125200211","name":"东红村委会"}]