[{"code":"450304001001","name":"龙船坪社区"},{"code":"450304001002","name":"天鹅社区"},{"code":"450304001003","name":"雉山社区"},{"code":"450304001004","name":"银锭社区"},{"code":"450304001005","name":"民族社区"},{"code":"450304001006","name":"甘棠社区"},{"code":"450304001007","name":"东安社区"},{"code":"450304001008","name":"新竹社区"},{"code":"450304001009","name":"竹林社区"},{"code":"450304001010","name":"金竹社区"},{"code":"450304001011","name":"翠竹路社区"},{"code":"450304001012","name":"八一社区"},{"code":"450304001013","name":"尚智社区"},{"code":"450304001014","name":"翠西社区"}]