[{"code":"450804104001","name":"石卡社区居委会"},{"code":"450804104201","name":"大庆村委会"},{"code":"450804104202","name":"西山村委会"},{"code":"450804104203","name":"方竹村委会"},{"code":"450804104204","name":"大岩村委会"},{"code":"450804104205","name":"陆村村委会"},{"code":"450804104206","name":"樟竹村委会"},{"code":"450804104207","name":"白沙村委会"},{"code":"450804104208","name":"翰平村委会"},{"code":"450804104209","name":"福龙村委会"},{"code":"450804104210","name":"万塘村委会"},{"code":"450804104211","name":"新旺村委会"},{"code":"450804104212","name":"鹤心村委会"},{"code":"450804104213","name":"凤思村委会"},{"code":"450804104214","name":"翰芦村委会"},{"code":"450804104215","name":"村面村委会"},{"code":"450804104216","name":"都蕴村委会"},{"code":"450804104217","name":"坭湾村委会"},{"code":"450804104218","name":"江南村委会"}]