[{"code":"450803100001","name":"桥圩街居委会"},{"code":"450803100201","name":"桥圩村委会"},{"code":"450803100202","name":"新庆村委会"},{"code":"450803100203","name":"何平村委会"},{"code":"450803100204","name":"兴华村委会"},{"code":"450803100205","name":"徐村村委会"},{"code":"450803100206","name":"蒙垌村委会"},{"code":"450803100207","name":"大垌心村委会"},{"code":"450803100208","name":"长塘村委会"},{"code":"450803100209","name":"下李村委会"},{"code":"450803100210","name":"青塘村委会"},{"code":"450803100211","name":"锦垌村委会"},{"code":"450803100212","name":"南兴村委会"},{"code":"450803100213","name":"振南村委会"},{"code":"450803100214","name":"新垌村委会"},{"code":"450803100215","name":"良塘村委会"},{"code":"450803100216","name":"杨村村委会"},{"code":"450803100217","name":"南溪桥村委会"},{"code":"450803100218","name":"铜鼓岭村委会"},{"code":"450803100219","name":"东井塘村委会"},{"code":"450803100220","name":"永梧村委会"},{"code":"450803100221","name":"姚平村委会"},{"code":"450803100222","name":"震华村委会"},{"code":"450803100223","name":"新华村委会"},{"code":"450803100224","name":"新兴村委会"},{"code":"450803100225","name":"松马村委会"}]