[{"code":"450923115001","name":"沙河街社区居委会"},{"code":"450923115201","name":"新香村委会"},{"code":"450923115202","name":"竹旺村委会"},{"code":"450923115203","name":"大观村委会"},{"code":"450923115204","name":"山桥村委会"},{"code":"450923115205","name":"玉桥村委会"},{"code":"450923115206","name":"大仁村委会"},{"code":"450923115207","name":"礼安村委会"},{"code":"450923115208","name":"长远村委会"},{"code":"450923115209","name":"竹田村委会"},{"code":"450923115210","name":"双山村委会"},{"code":"450923115211","name":"双江村委会"},{"code":"450923115212","name":"大鹏村委会"},{"code":"450923115213","name":"大石村委会"},{"code":"450923115214","name":"白石村委会"},{"code":"450923115215","name":"霞岭村委会"},{"code":"450923115216","name":"沙河村委会"}]