[{"code":"451028201201","name":"仁龙村委会"},{"code":"451028201202","name":"山洲村委会"},{"code":"451028201203","name":"汉吉村委会"},{"code":"451028201204","name":"太平村委会"},{"code":"451028201205","name":"党雄村委会"},{"code":"451028201206","name":"九龙村委会"},{"code":"451028201207","name":"塘英村委会"},{"code":"451028201208","name":"全达村委会"},{"code":"451028201209","name":"逻瓦村委会"},{"code":"451028201210","name":"龙南村委会"},{"code":"451028201211","name":"黄龙村委会"}]