[{"code":"451081201201","name":"二郎村委会"},{"code":"451081201202","name":"真意村委会"},{"code":"451081201203","name":"史典村委会"},{"code":"451081201204","name":"敏马村委会"},{"code":"451081201205","name":"壬庄村委会"},{"code":"451081201206","name":"个宝村委会"},{"code":"451081201207","name":"邦亮村委会"},{"code":"451081201208","name":"龙井村委会"},{"code":"451081201209","name":"龙珠村委会"},{"code":"451081201210","name":"巴烈村委会"},{"code":"451081201211","name":"巴择村委会"},{"code":"451081201212","name":"腾茂村委会"}]