[{"code":"451002202201","name":"长平村委会"},{"code":"451002202202","name":"汪甸村委会"},{"code":"451002202203","name":"两琶村委会"},{"code":"451002202204","name":"喜乡村委会"},{"code":"451002202205","name":"塘兴村委会"},{"code":"451002202206","name":"下塘村委会"},{"code":"451002202207","name":"飘零村委会"},{"code":"451002202208","name":"六卜村委会"},{"code":"451002202209","name":"乐益村委会"},{"code":"451002202210","name":"沙洪村委会"},{"code":"451002202211","name":"伟阳村委会"},{"code":"451002202212","name":"伟弄村委会"},{"code":"451002202213","name":"六核村委会"}]