[{"code":"460107004001","name":"大园社区居委会"},{"code":"460107004002","name":"三峰社区居委会"},{"code":"460107004003","name":"高登社区居委会"},{"code":"460107004004","name":"桂林社区居委会"},{"code":"460107004005","name":"凤翔社区居委会"},{"code":"460107004006","name":"洗马桥社区居民委员会"},{"code":"460107004200","name":"那央村委会"},{"code":"460107004201","name":"五岳村委会"},{"code":"460107004202","name":"儒逢村委会"},{"code":"460107004203","name":"红星村委会"},{"code":"460107004204","name":"石塔村委会"}]