[{"code":"469006400400","name":"国营东兴场部社区"},{"code":"469006400401","name":"东岭分场场部社区"},{"code":"469006400500","name":"国营东兴农场水声作业区"},{"code":"469006400501","name":"国营东兴农场佑田作业区"},{"code":"469006400502","name":"国营东兴农场打磉作业区"},{"code":"469006400503","name":"国营东兴农场官谋作业区"},{"code":"469006400504","name":"国营东兴农场东岭片红园作业区"},{"code":"469006400505","name":"国营东兴农场东岭片东乐作业区"}]