[{"code":"469005105001","name":"潭牛墟社区居委会"},{"code":"469005105002","name":"新桥墟社区居委会"},{"code":"469005105200","name":"二公堆村委会"},{"code":"469005105201","name":"大庙村委会"},{"code":"469005105202","name":"潭北村委会"},{"code":"469005105203","name":"潭牛村委会"},{"code":"469005105204","name":"企堆村委会"},{"code":"469005105205","name":"中心村委会"},{"code":"469005105206","name":"昌美村委会"},{"code":"469005105207","name":"昌头村委会"},{"code":"469005105208","name":"大昌村委会"},{"code":"469005105209","name":"大顶村委会"},{"code":"469005105210","name":"古城村委会"},{"code":"469005105211","name":"孔雀村委会"},{"code":"469005105212","name":"新民村委会"},{"code":"469005105213","name":"新溪村委会"},{"code":"469005105214","name":"新桥村委会"},{"code":"469005105400","name":"国营文昌橡胶研究所居委会"},{"code":"469005105500","name":"文昌华侨农场"},{"code":"469005105501","name":"国营文昌橡胶研究所村委会"}]