[{"code":"500111006001","name":"街村社区居委会"},{"code":"500111006002","name":"高笋社区居委会"},{"code":"500111006003","name":"普安社区居委会"},{"code":"500111006004","name":"登云社区居委会"},{"code":"500111006005","name":"新店社区居委会"},{"code":"500111006006","name":"黄连社区居委会"},{"code":"500111006007","name":"福寿社区居委会"},{"code":"500111006008","name":"田坝社区居委会"},{"code":"500111006009","name":"茅里堡社区居委会"},{"code":"500111006200","name":"八里村委会"},{"code":"500111006201","name":"阮家村委会"},{"code":"500111006202","name":"永福村委会"}]