[{"code":"500105100001","name":"鱼城社区居委会"},{"code":"500105100002","name":"港机新村社区居委会"},{"code":"500105100003","name":"棠富园社区居委会"},{"code":"500105100004","name":"和韵家园社区居民委员会"},{"code":"500105100005","name":"和美社区居民委员会"},{"code":"500105100006","name":"和锦社区居民委员会"},{"code":"500105100201","name":"楼房村委会"},{"code":"500105100202","name":"井池村委会"},{"code":"500105100203","name":"三佛村委会"},{"code":"500105100204","name":"石亭村委会"},{"code":"500105100205","name":"草坝村委会"},{"code":"500105100206","name":"鹿角村委会"},{"code":"500105100208","name":"兴隆村委会"},{"code":"500105100209","name":"望龙村委会"},{"code":"500105100213","name":"仰山村委会"},{"code":"500105100214","name":"石岭村委会"}]