[{"code":"500101143001","name":"国光居委会"},{"code":"500101143002","name":"兴盛居委会"},{"code":"500101143003","name":"油房坝居委会"},{"code":"500101143200","name":"平安村委会"},{"code":"500101143201","name":"李河村委会"},{"code":"500101143202","name":"福世村委会"},{"code":"500101143203","name":"天地村委会"},{"code":"500101143204","name":"十字村委会"},{"code":"500101143205","name":"高升村委会"},{"code":"500101143206","name":"彭河村委会"},{"code":"500101143207","name":"骑龙村委会"},{"code":"500101143208","name":"荆煤村委会"},{"code":"500101143209","name":"七里村委会"},{"code":"500101143210","name":"棕花村委会"},{"code":"500101143211","name":"蒲团村委会"},{"code":"500101143212","name":"洞沟村委会"},{"code":"500101143213","name":"小城村委会"}]