[{"code":"500111114001","name":"文昌社区居委会"},{"code":"500111114002","name":"正龙社区居委会"},{"code":"500111114200","name":"小滩村委会"},{"code":"500111114201","name":"玉滩村委会"},{"code":"500111114202","name":"双滩村委会"},{"code":"500111114203","name":"武胜村委会"},{"code":"500111114204","name":"宝冲村委会"},{"code":"500111114205","name":"盘龙村委会"},{"code":"500111114206","name":"玉河村委会"},{"code":"500111114207","name":"凉水村委会"},{"code":"500111114208","name":"宝珠村委会"},{"code":"500111114209","name":"官仓村委会"},{"code":"500111114210","name":"白马村委会"},{"code":"500111114211","name":"八角村委会"},{"code":"500111114212","name":"老君村委会"},{"code":"500111114213","name":"土门村委会"},{"code":"500111114214","name":"马王村委会"},{"code":"500111114215","name":"下坝村委会"},{"code":"500111114216","name":"佛岩村委会"},{"code":"500111114217","name":"熊家坪村委会"}]