[{"code":"500116002001","name":"牌坊社区居委会"},{"code":"500116002002","name":"东方红社区居委会"},{"code":"500116002003","name":"兰港社区居委会"},{"code":"500116002004","name":"磷肥厂社区居委会"},{"code":"500116002005","name":"重潍社区居委会"},{"code":"500116002006","name":"篆山坪社区居委会"},{"code":"500116002007","name":"杨林社区居委会"},{"code":"500116002008","name":"中渡社区居委会"},{"code":"500116002010","name":"临峰社区居委会"},{"code":"500116002011","name":"长冲社区居委会"},{"code":"500116002012","name":"草坝社区居委会"},{"code":"500116002013","name":"南华社区居委会"},{"code":"500116002014","name":"高桥溪社区居委会"},{"code":"500116002202","name":"和爱村委会"},{"code":"500116002203","name":"红豆村委会"},{"code":"500116002204","name":"陡石村委会"},{"code":"500116002205","name":"三河村委会"}]