[{"code":"500233122001","name":"黄金社区居委"},{"code":"500233122200","name":"黄金村委会"},{"code":"500233122201","name":"凉泉村委会"},{"code":"500233122202","name":"斑竹村委会"},{"code":"500233122203","name":"小河村委会"},{"code":"500233122204","name":"黄土村委会"},{"code":"500233122205","name":"金银村委会"},{"code":"500233122206","name":"骑龙村委会"},{"code":"500233122207","name":"大山村委会"},{"code":"500233122208","name":"绍溪村委会"},{"code":"500233122209","name":"桃花村委会"},{"code":"500233122210","name":"双梁村委会"},{"code":"500233122211","name":"四合村委会"},{"code":"500233122212","name":"下桥村委会"},{"code":"500233122213","name":"樟木村委会"},{"code":"500233122214","name":"云丰村委会"},{"code":"500233122215","name":"甘田村委会"},{"code":"500233122216","name":"芭蕉村委会"},{"code":"500233122217","name":"东风村委会"}]