[{"code":"500238105001","name":"文峰社区居委会"},{"code":"500238105200","name":"银峰村委会"},{"code":"500238105201","name":"长沙村委会"},{"code":"500238105204","name":"长兴村委会"},{"code":"500238105205","name":"三宝村委会"},{"code":"500238105206","name":"三星村委会"},{"code":"500238105207","name":"人和村委会"},{"code":"500238105208","name":"利民村委会"},{"code":"500238105209","name":"燕岭村委会"},{"code":"500238105210","name":"金盆村委会"},{"code":"500238105212","name":"农庆村委会"},{"code":"500238105222","name":"文峰村委会"},{"code":"500238105223","name":"松涛村委会"},{"code":"500238105224","name":"思源村委会"},{"code":"500238105225","name":"建楼村委会"},{"code":"500238105226","name":"正溪村委会"}]