[{"code":"510183109001","name":"斜江社区居委会"},{"code":"510183109002","name":"新民社区居委会"},{"code":"510183109203","name":"火星村民委员会"},{"code":"510183109205","name":"九龙村民委员会"},{"code":"510183109207","name":"华会村民委员会"},{"code":"510183109208","name":"石子村民委员会"},{"code":"510183109209","name":"延贡村民委员会"},{"code":"510183109212","name":"园林村民委员会"},{"code":"510183109214","name":"共富村民委员会"},{"code":"510183109217","name":"英汉村民委员会"},{"code":"510183109220","name":"白玉村民委员会"}]