[{"code":"510185120001","name":"江源镇社区居民委员会"},{"code":"510185120200","name":"安民村村民委员会"},{"code":"510185120201","name":"保卫村村民委员会"},{"code":"510185120202","name":"慈堰村村民委员会"},{"code":"510185120203","name":"东岳村村民委员会"},{"code":"510185120204","name":"丰产村村民委员会"},{"code":"510185120205","name":"和睦村村民委员会"},{"code":"510185120206","name":"花朝村村民委员会"},{"code":"510185120207","name":"江源村村民委员会"},{"code":"510185120208","name":"老鹰村村民委员会"},{"code":"510185120209","name":"民族村村民委员会"},{"code":"510185120210","name":"强民村村民委员会"},{"code":"510185120211","name":"强农村村民委员会"},{"code":"510185120212","name":"任家村村民委员会"},{"code":"510185120213","name":"顺源村村民委员会"},{"code":"510185120214","name":"同乐村村民委员会"},{"code":"510185120215","name":"五洞村村民委员会"},{"code":"510185120216","name":"月湾村村民委员会"}]