[{"code":"510322120003","name":"李桥社区居委会"},{"code":"510322120004","name":"新雨社区居委会"},{"code":"510322120203","name":"五福村委会"},{"code":"510322120204","name":"花渔村委会"},{"code":"510322120205","name":"慈云村委会"},{"code":"510322120216","name":"八甲村委会"},{"code":"510322120217","name":"川主村委会"},{"code":"510322120218","name":"石高村委会"},{"code":"510322120219","name":"王庙村委会"},{"code":"510322120220","name":"高滩村委会"},{"code":"510322120221","name":"石盘村委会"},{"code":"510322120222","name":"小桥村委会"},{"code":"510322120223","name":"车桥村委会"},{"code":"510322120224","name":"大地村委会"},{"code":"510322120225","name":"腰塘村委会"}]