[{"code":"510303104001","name":"龙潭场社区居委会"},{"code":"510303104201","name":"万坪村委会"},{"code":"510303104202","name":"祝堰村委会"},{"code":"510303104203","name":"幸福村委会"},{"code":"510303104204","name":"中坝村委会"},{"code":"510303104205","name":"狮子村委会"},{"code":"510303104206","name":"苗山村委会"},{"code":"510303104207","name":"里坪村委会"},{"code":"510303104208","name":"道澄村委会"},{"code":"510303104209","name":"白鹤村委会"},{"code":"510303104210","name":"旭江村委会"},{"code":"510303104211","name":"箭竹村委会"},{"code":"510303104212","name":"将军村委会"},{"code":"510303104213","name":"回龙村委会"},{"code":"510303104214","name":"桐麻村委会"},{"code":"510303104215","name":"菜子村委会"},{"code":"510303104216","name":"罗家村委会"},{"code":"510303104217","name":"彭家村委会"},{"code":"510303104218","name":"团山村委会"}]