[{"code":"510304100006","name":"松林社区居委会"},{"code":"510304100008","name":"大山铺社区居委会"},{"code":"510304100009","name":"桐子山社区居委会"},{"code":"510304100201","name":"大山村委会"},{"code":"510304100202","name":"新燕村委会"},{"code":"510304100204","name":"江姐村委会"},{"code":"510304100206","name":"盐井村委会"},{"code":"510304100207","name":"世平村委会"},{"code":"510304100208","name":"光明村委会"},{"code":"510304100209","name":"伍家村委会"},{"code":"510304100211","name":"青龙村委会"},{"code":"510304100212","name":"恐龙村委会"}]