[{"code":"510524112001","name":"正东社区居民委员会"},{"code":"510524112202","name":"西湖村民委员会"},{"code":"510524112203","name":"落业村民委员会"},{"code":"510524112205","name":"中寨村民委员会"},{"code":"510524112207","name":"团山村民委员会"},{"code":"510524112209","name":"伏龙村民委员会"},{"code":"510524112211","name":"新龙村民委员会"},{"code":"510524112215","name":"林保村民委员会"},{"code":"510524112216","name":"永兴村民委员会"},{"code":"510524112219","name":"石桩村民委员会"},{"code":"510524112221","name":"阳坪村民委员会"},{"code":"510524112224","name":"普市村民委员会"}]