[{"code":"510623114004","name":"永兴镇社区居委会"},{"code":"510623114201","name":"三星村村委会"},{"code":"510623114202","name":"南峰村村委会"},{"code":"510623114203","name":"梧桐村村委会"},{"code":"510623114204","name":"大柏山村村委会"},{"code":"510623114205","name":"永兴村村委会"},{"code":"510623114206","name":"莲花村村委会"},{"code":"510623114207","name":"稻子村村委会"},{"code":"510623114208","name":"金山寺村村委会"},{"code":"510623114209","name":"金武村村委会"},{"code":"510623114210","name":"长坪村村委会"},{"code":"510623114211","name":"金狮村村委会"},{"code":"510623114212","name":"青山村村委会"},{"code":"510623114213","name":"杨溪村村委会"},{"code":"510623114214","name":"七星村村委会"},{"code":"510623114215","name":"苍松村村委会"}]