[{"code":"510704105001","name":"海棠社区居民委员会"},{"code":"510704105002","name":"沉香社区居民委员会"},{"code":"510704105201","name":"燕子村民委员会"},{"code":"510704105202","name":"天生桥村民委员会"},{"code":"510704105203","name":"八角庙村民委员会"},{"code":"510704105204","name":"石桥村民委员会"},{"code":"510704105205","name":"石河堰村民委员会"},{"code":"510704105206","name":"七曲村民委员会"},{"code":"510704105207","name":"徐家桥村民委员会"},{"code":"510704105208","name":"月台村民委员会"},{"code":"510704105209","name":"抗香村民委员会"},{"code":"510704105210","name":"蔡家桥村民委员会"},{"code":"510704105211","name":"长河埝村民委员会"},{"code":"510704105212","name":"桃花村民委员会"},{"code":"510704105213","name":"铜瓦村民委员会"},{"code":"510704105214","name":"黄金村民委员会"},{"code":"510704105216","name":"锦屏村民委员会"}]