[{"code":"510703101001","name":"场镇社区居民委员会"},{"code":"510703101201","name":"猫林村民委员会"},{"code":"510703101202","name":"大树村民委员会"},{"code":"510703101203","name":"拱桥村民委员会"},{"code":"510703101204","name":"齐心村民委员会"},{"code":"510703101205","name":"清水村民委员会"},{"code":"510703101206","name":"字库村民委员会"},{"code":"510703101207","name":"水塘村民委员会"},{"code":"510703101208","name":"龙坝村民委员会"},{"code":"510703101209","name":"大坪村民委员会"},{"code":"510703101210","name":"三联村民委员会"}]