[{"code":"510723108001","name":"利进社区居民委员会"},{"code":"510723108201","name":"高观村民委员会"},{"code":"510723108202","name":"星致村民委员会"},{"code":"510723108203","name":"铁门村民委员会"},{"code":"510723108204","name":"环山村民委员会"},{"code":"510723108205","name":"桥梁村民委员会"},{"code":"510723108206","name":"薛家村民委员会"},{"code":"510723108207","name":"石溪村民委员会"},{"code":"510723108208","name":"晓光村民委员会"},{"code":"510723108209","name":"龙桥村民委员会"},{"code":"510723108210","name":"石盘村民委员会"}]