[{"code":"510921212001","name":"人和社区居民委员会"},{"code":"510921212200","name":"福田村民委员会"},{"code":"510921212201","name":"清泉村民委员会"},{"code":"510921212202","name":"宝塔村民委员会"},{"code":"510921212203","name":"义寨村民委员会"},{"code":"510921212204","name":"会明村民委员会"},{"code":"510921212205","name":"风洞村民委员会"},{"code":"510921212206","name":"平新村民委员会"},{"code":"510921212207","name":"古桥村民委员会"}]