[{"code":"510923106001","name":"幸福社区居委会"},{"code":"510923106002","name":"观音社区居委会"},{"code":"510923106003","name":"三岔路社区居委会"},{"code":"510923106200","name":"得鱼沟村委会"},{"code":"510923106201","name":"飞场湾村委会"},{"code":"510923106202","name":"黄麻沟村委会"},{"code":"510923106203","name":"家兴沟村委会"},{"code":"510923106204","name":"梁家坝村委会"},{"code":"510923106205","name":"罗家沟村委会"},{"code":"510923106206","name":"葡萄店村委会"},{"code":"510923106207","name":"蒲家沟村委会"},{"code":"510923106208","name":"浅垭子村委会"},{"code":"510923106209","name":"石盘沟村委会"},{"code":"510923106210","name":"石滩垭村委会"},{"code":"510923106211","name":"双古磨村委会"},{"code":"510923106212","name":"水阁村委会"},{"code":"510923106213","name":"四口湾村委会"},{"code":"510923106214","name":"送家沟村委会"},{"code":"510923106215","name":"团结村委会"},{"code":"510923106216","name":"肖家沟村委会"},{"code":"510923106217","name":"玉峰村委会"},{"code":"510923106218","name":"玉印村委会"},{"code":"510923106219","name":"转龙坝村委会"},{"code":"510923106220","name":"八德桥村委会"},{"code":"510923106221","name":"斗笠村委会"},{"code":"510923106222","name":"方平沟村委会"},{"code":"510923106223","name":"高屋基村委会"},{"code":"510923106224","name":"何家井村委会"},{"code":"510923106225","name":"河里坊村委会"},{"code":"510923106226","name":"河中井村委会"},{"code":"510923106227","name":"红花湾村委会"},{"code":"510923106228","name":"红苗子村委会"},{"code":"510923106229","name":"农田村委会"},{"code":"510923106230","name":"三路沟村委会"},{"code":"510923106231","name":"五方坡村委会"},{"code":"510923106232","name":"指石河村委会"}]