[{"code":"511024118001","name":"新街居委会"},{"code":"511024118201","name":"涌溪村村委会"},{"code":"511024118202","name":"古埝村村委会"},{"code":"511024118203","name":"碧凤村村委会"},{"code":"511024118204","name":"双石村村委会"},{"code":"511024118205","name":"青龙村村委会"},{"code":"511024118206","name":"义和村村委会"},{"code":"511024118207","name":"青宁村村委会"},{"code":"511024118208","name":"光荣村村委会"},{"code":"511024118209","name":"天宫村村委会"}]