[{"code":"511011201001","name":"幸福社区居委会"},{"code":"511011201200","name":"苏家村村委会"},{"code":"511011201201","name":"九岭村村委会"},{"code":"511011201202","name":"石冲村村委会"},{"code":"511011201203","name":"长河碥村村委会"},{"code":"511011201204","name":"黄堰村村委会"},{"code":"511011201205","name":"桐麻冲村村委会"},{"code":"511011201206","name":"石包村村委会"},{"code":"511011201207","name":"喻家沟村村委会"},{"code":"511011201208","name":"观音溪村村委会"},{"code":"511011201209","name":"诸古寺村村委会"},{"code":"511011201210","name":"龙井村村委会"},{"code":"511011201211","name":"临江村村委会"},{"code":"511011201212","name":"团山坝村村委会"},{"code":"511011201213","name":"汉桥村村委会"}]