[{"code":"511123100001","name":"凤岭社区居委会"},{"code":"511123100002","name":"学府社区居委会"},{"code":"511123100003","name":"西街社区居委会"},{"code":"511123100004","name":"玉津社区居委会"},{"code":"511123100005","name":"漱玉社区居委会"},{"code":"511123100006","name":"河口朱石滩街社区居委会"},{"code":"511123100007","name":"南盐社区居委会"},{"code":"511123100008","name":"凤凰社区居委会"},{"code":"511123100009","name":"互和社区居委会"},{"code":"511123100010","name":"瑞雪社区居委会"},{"code":"511123100203","name":"联合村委会"},{"code":"511123100204","name":"铜高村委会"},{"code":"511123100205","name":"机场村委会"},{"code":"511123100206","name":"和风村委会"}]