[{"code":"511133100001","name":"民建社区居委会"},{"code":"511133100002","name":"城南社区居委会"},{"code":"511133100003","name":"张坝社区居委会"},{"code":"511133100004","name":"光明社区居民委员会"},{"code":"511133100005","name":"红旗社区居民委员会"},{"code":"511133100205","name":"西城村村委会"},{"code":"511133100206","name":"建新村委会"},{"code":"511133100207","name":"兴隆村委会"},{"code":"511133100209","name":"灯杆堡村委会"},{"code":"511133100210","name":"水碾坝村委会"}]