[{"code":"511304113001","name":"凤翔社区居民委员会"},{"code":"511304113201","name":"石板被村村民委员会"},{"code":"511304113202","name":"红瓦房村村民委员会"},{"code":"511304113203","name":"青杠岭村村民委员会"},{"code":"511304113204","name":"天台山村村民委员会"},{"code":"511304113205","name":"长被嘴村村民委员会"},{"code":"511304113206","name":"石头垭村村民委员会"},{"code":"511304113207","name":"皮匠沟村村民委员会"},{"code":"511304113208","name":"枇杷林村村民委员会"},{"code":"511304113209","name":"杨家坝村村民委员会"},{"code":"511304113210","name":"高桥坝村村民委员会"},{"code":"511304113211","name":"陶家坡村村民委员会"},{"code":"511304113212","name":"牛头寺村村民委员会"},{"code":"511304113213","name":"覃家桥村村民委员会"}]