[{"code":"511303005001","name":"民建社区居民委员会"},{"code":"511303005002","name":"牛市坝社区居民委员会"},{"code":"511303005204","name":"青莲寺村村民委员会"},{"code":"511303005205","name":"新店子村村民委员会"},{"code":"511303005206","name":"白山沟村村民委员会"},{"code":"511303005207","name":"陈家梁村村民委员会"},{"code":"511303005208","name":"一碗水村村民委员会"},{"code":"511303005209","name":"七星桥村村民委员会"},{"code":"511303005210","name":"蓝家庙村村民委员会"}]