[{"code":"511421124001","name":"华兴社区居民委员会"},{"code":"511421124200","name":"正义村民委员会"},{"code":"511421124202","name":"龙门村民委员会"},{"code":"511421124204","name":"前进村民委员会"},{"code":"511421124206","name":"下坝村民委员会"},{"code":"511421124209","name":"劳动村民委员会"},{"code":"511421124213","name":"红塔村民委员会"},{"code":"511421124215","name":"明朗村民委员会"},{"code":"511421124216","name":"水利村民委员会"},{"code":"511421124218","name":"黎明村民委员会"},{"code":"511421124221","name":"青杠村民委员会"},{"code":"511421124222","name":"英雄村民委员会"},{"code":"511421124226","name":"寒保村民委员会"},{"code":"511421124227","name":"曹河村民委员会"}]