[{"code":"511423119001","name":"瓦山社区居民委员会"},{"code":"511423119201","name":"张坝村民委员会"},{"code":"511423119202","name":"群贤村民委员会"},{"code":"511423119203","name":"崔湾村民委员会"},{"code":"511423119204","name":"关帝村民委员会"},{"code":"511423119205","name":"雷坪村民委员会"},{"code":"511423119206","name":"沙湾村民委员会"},{"code":"511423119207","name":"长河村民委员会"},{"code":"511423119208","name":"燕远村民委员会"},{"code":"511423119209","name":"射亭村民委员会"},{"code":"511423119210","name":"新寺村民委员会"},{"code":"511423119211","name":"李湾村民委员会"},{"code":"511423119212","name":"青龙村民委员会"},{"code":"511423119213","name":"永盛村民委员会"},{"code":"511423119214","name":"付田村民委员会"},{"code":"511423119215","name":"自新村民委员会"},{"code":"511423119216","name":"共河村民委员会"},{"code":"511423119217","name":"复兴村民委员会"},{"code":"511423119218","name":"龙圣村民委员会"},{"code":"511423119219","name":"高丽村民委员会"},{"code":"511423119220","name":"凤江村民委员会"},{"code":"511423119221","name":"王村村民委员会"},{"code":"511423119222","name":"孔雀村民委员会"},{"code":"511423119223","name":"罐坪村民委员会"},{"code":"511423119224","name":"石溪村民委员会"},{"code":"511423119225","name":"小店村民委员会"},{"code":"511423119226","name":"卢村村民委员会"}]