[{"code":"511523105001","name":"留耕社区居民委员会"},{"code":"511523105201","name":"三块社区村民委员会"},{"code":"511523105202","name":"方石村民委员会"},{"code":"511523105203","name":"四重村民委员会"},{"code":"511523105204","name":"牟家社区村民委员会"},{"code":"511523105205","name":"银锭村民委员会"},{"code":"511523105206","name":"人民村民委员会"},{"code":"511523105207","name":"新场村民委员会"},{"code":"511523105208","name":"黄龙村民委员会"},{"code":"511523105209","name":"留耕村民委员会"},{"code":"511523105210","name":"东胜村民委员会"},{"code":"511523105211","name":"八一村民委员会"},{"code":"511523105212","name":"重兴村民委员会"},{"code":"511523105213","name":"杨庙村民委员会"},{"code":"511523105214","name":"民权村民委员会"},{"code":"511523105215","name":"中心村民委员会"},{"code":"511523105216","name":"长征村民委员会"},{"code":"511523105217","name":"黄土村民委员会"},{"code":"511523105218","name":"大桥村民委员会"}]