[{"code":"511525205001","name":"玺润社区居民委员会"},{"code":"511525205201","name":"五星村民委员会"},{"code":"511525205202","name":"国安村民委员会"},{"code":"511525205203","name":"塝上村民委员会"},{"code":"511525205204","name":"红星村民委员会"},{"code":"511525205205","name":"华光村民委员会"},{"code":"511525205206","name":"高兴村民委员会"},{"code":"511525205207","name":"公益村民委员会"},{"code":"511525205208","name":"大楠村民委员会"},{"code":"511525205209","name":"振武村民委员会"},{"code":"511525205210","name":"普照村民委员会"},{"code":"511525205211","name":"前峰村民委员会"},{"code":"511525205212","name":"新寨村民委员会"},{"code":"511525205213","name":"花红村民委员会"},{"code":"511525205214","name":"福建村民委员会"},{"code":"511525205215","name":"阳红村民委员会"},{"code":"511525205216","name":"湾滩村民委员会"}]