[{"code":"511524101001","name":"回龙社区居民委员会"},{"code":"511524101201","name":"石陇村民委员会"},{"code":"511524101202","name":"星光村民委员会"},{"code":"511524101203","name":"天池村民委员会"},{"code":"511524101204","name":"六角村民委员会"},{"code":"511524101205","name":"泽鸿村民委员会"},{"code":"511524101206","name":"正坪村民委员会"},{"code":"511524101207","name":"马坪村民委员会"},{"code":"511524101208","name":"平桥村民委员会"},{"code":"511524101209","name":"马安村民委员会"},{"code":"511524101210","name":"清江村民委员会"},{"code":"511524101211","name":"红光村民委员会"},{"code":"511524101212","name":"东河村民委员会"},{"code":"511524101213","name":"黄金村民委员会"},{"code":"511524101214","name":"高简村民委员会"},{"code":"511524101215","name":"中坪村民委员会"},{"code":"511524101216","name":"两河村民委员会"},{"code":"511524101217","name":"天文村民委员会"},{"code":"511524101218","name":"龙尾村民委员会"}]