[{"code":"511621213001","name":"双龙社区居委会"},{"code":"511621213201","name":"赵家坝村委会"},{"code":"511621213202","name":"石桥坪村委会"},{"code":"511621213203","name":"白羊庙村委会"},{"code":"511621213204","name":"寺神庙村委会"},{"code":"511621213205","name":"中和庙村委会"},{"code":"511621213206","name":"壶瓶沟村委会"},{"code":"511621213207","name":"保全寺村委会"},{"code":"511621213208","name":"三清庙村委会"},{"code":"511621213209","name":"二郎庙村委会"},{"code":"511621213210","name":"龙家桥村委会"},{"code":"511621213211","name":"下马沟村委会"},{"code":"511621213212","name":"余家庙村委会"}]