[{"code":"511703112001","name":"街道社区居民委员会"},{"code":"511703112200","name":"金莲村民委员会"},{"code":"511703112201","name":"金通村民委员会"},{"code":"511703112204","name":"金丰村民委员会"},{"code":"511703112205","name":"金鱼村民委员会"},{"code":"511703112206","name":"金山村民委员会"},{"code":"511703112207","name":"金牛村民委员会"},{"code":"511703112208","name":"金江村民委员会"},{"code":"511703112209","name":"金堰村民委员会"}]