[{"code":"511803100001","name":"东城社区居委会"},{"code":"511803100002","name":"中心社区居委会"},{"code":"511803100003","name":"西城社区居委会"},{"code":"511803100004","name":"新城社区居委会"},{"code":"511803100201","name":"同心村村委会"},{"code":"511803100202","name":"紫霞村村委会"},{"code":"511803100203","name":"德光村村委会"},{"code":"511803100204","name":"德福村村委会"},{"code":"511803100205","name":"河坪村村委会"},{"code":"511803100206","name":"关口村村委会"},{"code":"511803100207","name":"箭竹村村委会"},{"code":"511803100208","name":"贯坪村村委会"},{"code":"511803100209","name":"栓马村村委会"},{"code":"511803100210","name":"中瓦村村委会"},{"code":"511803100211","name":"安坪村村委会"},{"code":"511803100212","name":"周坪村村委会"},{"code":"511803100213","name":"上瓦村村委会"},{"code":"511803100214","name":"律沟村村委会"}]