[{"code":"511823109001","name":"富泉社区居委会"},{"code":"511823109201","name":"香树村村委会"},{"code":"511823109202","name":"胡叶村村委会"},{"code":"511823109203","name":"建全村村委会"},{"code":"511823109205","name":"中海村村委会"},{"code":"511823109206","name":"双海村村委会"},{"code":"511823109207","name":"伏龙村村委会"},{"code":"511823109208","name":"桃弯村村委会"},{"code":"511823109209","name":"向明村村委会"},{"code":"511823109210","name":"鸣鹿村村委会"}]