[{"code":"511923115001","name":"得胜社区居民委员会"},{"code":"511923115201","name":"宏图村委会"},{"code":"511923115202","name":"马灵村委会"},{"code":"511923115203","name":"四化村委会"},{"code":"511923115204","name":"五星村委会"},{"code":"511923115205","name":"独柏村委会"},{"code":"511923115206","name":"双泉村委会"},{"code":"511923115207","name":"丰收村委会"},{"code":"511923115208","name":"天宫村委会"},{"code":"511923115209","name":"莲花村委会"},{"code":"511923115210","name":"七曲村委会"},{"code":"511923115211","name":"红星村委会"},{"code":"511923115212","name":"平江村委会"},{"code":"511923115213","name":"新场村委会"},{"code":"511923115214","name":"三宝村委会"}]