[{"code":"511922211001","name":"凤仪社区居民委员会"},{"code":"511922211200","name":"清花村民委员会"},{"code":"511922211201","name":"鱼池村民委员会"},{"code":"511922211202","name":"东流村民委员会"},{"code":"511922211203","name":"永合村民委员会"},{"code":"511922211204","name":"桑树村民委员会"},{"code":"511922211205","name":"檬树村民委员会"},{"code":"511922211206","name":"龙江村民委员会"},{"code":"511922211207","name":"南河村民委员会"},{"code":"511922211208","name":"鱼脊村民委员会"}]