[{"code":"512021102001","name":"石兴社区居民委员会"},{"code":"512021102002","name":"桅坝社区居民委员会"},{"code":"512021102003","name":"广惠桥社区居民委员会"},{"code":"512021102200","name":"石桥村村民委员会"},{"code":"512021102201","name":"戏楼村村民委员会"},{"code":"512021102202","name":"洪坝村村民委员会"},{"code":"512021102203","name":"锋火村村民委员会"},{"code":"512021102204","name":"滴水村村民委员会"},{"code":"512021102205","name":"广惠村村民委员会"},{"code":"512021102206","name":"长龙村村民委员会"},{"code":"512021102207","name":"秀才村村民委员会"},{"code":"512021102208","name":"桅坝村村民委员会"},{"code":"512021102209","name":"干拱村村民委员会"}]