[{"code":"512022112001","name":"乐至县佛星镇佛星社区居民委员会"},{"code":"512022112200","name":"菩萨湾村村民委员会"},{"code":"512022112201","name":"和平村村民委员会"},{"code":"512022112202","name":"四方村村民委员会"},{"code":"512022112203","name":"保境村村民委员会"},{"code":"512022112204","name":"睦邻村村民委员会"},{"code":"512022112205","name":"永兴村村民委员会"},{"code":"512022112206","name":"长乐村村民委员会"},{"code":"512022112207","name":"佛星村村民委员会"},{"code":"512022112208","name":"同协村村民委员会"},{"code":"512022112209","name":"天仙村村民委员会"},{"code":"512022112210","name":"龙口村村民委员会"},{"code":"512022112211","name":"观音岩村村民委员会"},{"code":"512022112212","name":"石洞桥村村民委员会"},{"code":"512022112213","name":"合口村村民委员会"},{"code":"512022112214","name":"飞凤山村村民委员会"},{"code":"512022112215","name":"南山村村民委员会"},{"code":"512022112216","name":"玉皇庙村村民委员会"},{"code":"512022112217","name":"玉金村村民委员会"},{"code":"512022112218","name":"店子湾村村民委员会"},{"code":"512022112219","name":"大石包村村民委员会"},{"code":"512022112220","name":"山尖山村村民委员会"},{"code":"512022112221","name":"马桑坡村村民委员会"},{"code":"512022112222","name":"龙王村村民委员会"},{"code":"512022112223","name":"吴氏祠村村民委员会"},{"code":"512022112224","name":"蔡家庙村村民委员会"},{"code":"512022112225","name":"三元桥村村民委员会"},{"code":"512022112226","name":"银山寺村村民委员会"}]