[{"code":"513322103001","name":"磨西街道居委会"},{"code":"513322103205","name":"咱地村民委员会"},{"code":"513322103206","name":"大乌科村民委员会"},{"code":"513322103207","name":"堡子村民委员会"},{"code":"513322103208","name":"杉树坪村民委员会"},{"code":"513322103209","name":"柏秧坪村民委员会"},{"code":"513322103210","name":"杉树村民委员会"},{"code":"513322103211","name":"牛坪村民委员会"},{"code":"513322103212","name":"磨岗岭村民委员会"},{"code":"513322103213","name":"龙坝尾村民委员会"},{"code":"513322103214","name":"蔡阳坪村民委员会"},{"code":"513322103215","name":"青冈坪村民委员会"}]