[{"code":"513323207201","name":"水子一村民委员会"},{"code":"513323207202","name":"水子二村民委员会"},{"code":"513323207203","name":"水子三村民委员会"},{"code":"513323207204","name":"大马村民委员会"},{"code":"513323207205","name":"长纳村民委员会"},{"code":"513323207206","name":"各宗村民委员会"},{"code":"513323207207","name":"吉宗村民委员会"},{"code":"513323207208","name":"纳交一村民委员会"},{"code":"513323207209","name":"纳交二村民委员会"},{"code":"513323207210","name":"科里村民委员会"}]