[{"code":"513333207204","name":"俄尔村村民委员会"},{"code":"513333207205","name":"洞拉村村民委员会"},{"code":"513333207206","name":"洞青三村村民委员会"},{"code":"513333207207","name":"吉泽村村民委员会"},{"code":"513333207208","name":"蚌珠村村民委员会"},{"code":"513333207209","name":"雅尔布村村民委员会"},{"code":"513333207210","name":"泸角村村民委员会"},{"code":"513333207211","name":"降央村村民委员会"},{"code":"513333207212","name":"拉隆村村民委员会"}]