[{"code":"513432104200","name":"米市村民委员会"},{"code":"513432104201","name":"瓦哈村民委员会"},{"code":"513432104202","name":"马多洛村民委员会"},{"code":"513432104203","name":"来甘村民委员会"},{"code":"513432104204","name":"根依灯村民委员会"},{"code":"513432104205","name":"九书村民委员会"},{"code":"513432104206","name":"尔夫村民委员会"},{"code":"513432104207","name":"莫色且莫村民委员会"},{"code":"513432104208","name":"洛尔村民委员会"},{"code":"513432104209","name":"瓦古村民委员会"},{"code":"513432104210","name":"色普村民委员会"}]