[{"code":"513426110200","name":"鲁吉村村民委员会"},{"code":"513426110201","name":"坡脚村村民委员会"},{"code":"513426110202","name":"小田村村民委员会"},{"code":"513426110203","name":"鲁纳村村民委员会"},{"code":"513426110204","name":"马家山村村民委员会"},{"code":"513426110205","name":"中村村村民委员会"},{"code":"513426110206","name":"热水村村民委员会"},{"code":"513426110207","name":"腰路村村民委员会"},{"code":"513426110208","name":"大箐村村民委员会"},{"code":"513426110209","name":"清洁村村民委员会"},{"code":"513426110210","name":"幺棚村村民委员会"},{"code":"513426110211","name":"拖着村村民委员会"},{"code":"513426110212","name":"火山村村民委员会"},{"code":"513426110213","name":"眉毛村村民委员会"}]