[{"code":"520324102200","name":"和溪村村民委员会"},{"code":"520324102201","name":"马鞍村村民委员会"},{"code":"520324102202","name":"青龙村村民委员会"},{"code":"520324102203","name":"米粮村村民委员会"},{"code":"520324102204","name":"艳山村村民委员会"},{"code":"520324102205","name":"大坎村村民委员会"},{"code":"520324102206","name":"杉木坪村村民委员会"},{"code":"520324102207","name":"桑坝村村民委员会"},{"code":"520324102208","name":"楠木村村民委员会"},{"code":"520324102209","name":"凤山村村民委员会"}]