[{"code":"520424105001","name":"坡贡居委会"},{"code":"520424105202","name":"上坡贡村村民委员会"},{"code":"520424105203","name":"坡头村村民委员会"},{"code":"520424105204","name":"尧上村村民委员会"},{"code":"520424105209","name":"新寨村村民委员会"},{"code":"520424105213","name":"凡化村村民委员会"},{"code":"520424105214","name":"康和村村民委员会"},{"code":"520424105215","name":"宁河村村民委员会"},{"code":"520424105216","name":"水韵村村民委员会"},{"code":"520424105217","name":"兴姜村村民委员会"}]