[{"code":"520521209002","name":"理化社区居民委员会"},{"code":"520521209003","name":"果木社区居民委员会"},{"code":"520521209201","name":"大塘村民委员会"},{"code":"520521209202","name":"石牛村民委员会"},{"code":"520521209204","name":"营盘村民委员会"},{"code":"520521209205","name":"长春村民委员会"},{"code":"520521209206","name":"法乐村民委员会"},{"code":"520521209207","name":"新发村委会"},{"code":"520521209208","name":"偏坡村民委员会"},{"code":"520521209209","name":"金鸡村民委员会"}]