[{"code":"520628211001","name":"永安社区"},{"code":"520628211002","name":"鸣珂社区"},{"code":"520628211003","name":"地茶社区"},{"code":"520628211201","name":"沙堡村委会"},{"code":"520628211203","name":"潦木村委会"},{"code":"520628211204","name":"木盆村委会"},{"code":"520628211205","name":"落星董村委会"},{"code":"520628211206","name":"茶园沟村委会"},{"code":"520628211207","name":"团保村委会"},{"code":"520628211208","name":"五官村委会"},{"code":"520628211210","name":"三岔溪村委会"}]