[{"code":"522328003200","name":"三道墙村"},{"code":"522328003201","name":"弯水井村"},{"code":"522328003202","name":"钱相村"},{"code":"522328003203","name":"新华村"},{"code":"522328003204","name":"乔马村"},{"code":"522328003205","name":"打凼村"},{"code":"522328003206","name":"坡硝村"},{"code":"522328003207","name":"冗达村"},{"code":"522328003208","name":"麻油村"},{"code":"522328003209","name":"坡云村"},{"code":"522328003210","name":"作坊村"},{"code":"522328003211","name":"法统村"},{"code":"522328003212","name":"红旗村"},{"code":"522328003213","name":"沈洪村"},{"code":"522328003214","name":"纳汪村"}]