[{"code":"522622102001","name":"兴隆街居委会"},{"code":"522622102002","name":"南街居委会"},{"code":"522622102003","name":"北街居委会"},{"code":"522622102200","name":"堡上村委会"},{"code":"522622102201","name":"新城村委会"},{"code":"522622102202","name":"魏龙塘村委会"},{"code":"522622102203","name":"天堂村委会"},{"code":"522622102204","name":"马鸡屯村委会"},{"code":"522622102205","name":"苗圃村委会"},{"code":"522622102206","name":"大井村委会"},{"code":"522622102207","name":"干庄村委会"},{"code":"522622102208","name":"代支村委会"},{"code":"522622102209","name":"白岩山村委会"},{"code":"522622102210","name":"金庄村委会"},{"code":"522622102211","name":"皎沙村委会"},{"code":"522622102212","name":"黄岭坳村委会"},{"code":"522622102213","name":"小寨村委会"},{"code":"522622102214","name":"金台村委会"},{"code":"522622102215","name":"新合村委会"},{"code":"522622102216","name":"落裙村委会"},{"code":"522622102217","name":"何家寨村委会"},{"code":"522622102218","name":"黄猴村委会"},{"code":"522622102219","name":"大石村委会"},{"code":"522622102220","name":"榔木哨村委会"},{"code":"522622102221","name":"包老村委会"},{"code":"522622102222","name":"岩头村委会"},{"code":"522622102223","name":"金龙村委会"},{"code":"522622102224","name":"石头堡村委会"},{"code":"522622102225","name":"茅坪村委会"},{"code":"522622102226","name":"马场村委会"},{"code":"522622102227","name":"梨新村委会"},{"code":"522622102228","name":"亮寨村委会"},{"code":"522622102229","name":"下翁细村委会"},{"code":"522622102230","name":"望坝村委会"},{"code":"522622102231","name":"半山村委会"},{"code":"522622102232","name":"塘都村委会"},{"code":"522622102233","name":"重兴村委会"},{"code":"522622102234","name":"上翁细村委会"},{"code":"522622102235","name":"咬寨村委会"},{"code":"522622102236","name":"下枫香村委会"},{"code":"522622102237","name":"上枫香村委会"},{"code":"522622102238","name":"瓦角村委会"},{"code":"522622102239","name":"野落村委会"}]