[{"code":"522631112001","name":"龙额居民委员会"},{"code":"522631112200","name":"龙额村委会"},{"code":"522631112201","name":"唐面村委会"},{"code":"522631112202","name":"归养村委会"},{"code":"522631112203","name":"岑书村委会"},{"code":"522631112204","name":"岑沟村委会"},{"code":"522631112205","name":"六约村委会"},{"code":"522631112206","name":"黄现村委会"},{"code":"522631112207","name":"登晒村委会"},{"code":"522631112208","name":"岑引村委会"},{"code":"522631112209","name":"岑吾村委会"},{"code":"522631112210","name":"岑鱼村委会"},{"code":"522631112211","name":"岑母村委会"},{"code":"522631112212","name":"黄卜村委会"},{"code":"522631112213","name":"岑岜村委会"},{"code":"522631112214","name":"吉林村委会"},{"code":"522631112215","name":"上地坪村委会"},{"code":"522631112216","name":"广荡村委会"},{"code":"522631112217","name":"上埠村委会"},{"code":"522631112218","name":"下埠村委会"},{"code":"522631112219","name":"上德俄村委会"},{"code":"522631112220","name":"下德俄村委会"},{"code":"522631112221","name":"平金村委会"},{"code":"522631112222","name":"古帮村委会"},{"code":"522631112223","name":"亚罕村委会"},{"code":"522631112224","name":"德过村委会"},{"code":"522631112225","name":"起凡村委会"},{"code":"522631112226","name":"美更村委会"},{"code":"522631112227","name":"思姑村委会"},{"code":"522631112228","name":"亚改村委会"}]