[{"code":"522633206200","name":"塘洞村委会"},{"code":"522633206201","name":"杆洞村委会"},{"code":"522633206202","name":"打秀村委会"},{"code":"522633206203","name":"乔谷村委会"},{"code":"522633206204","name":"卡机村委会"},{"code":"522633206205","name":"下敖村委会"},{"code":"522633206206","name":"上敖村委会"},{"code":"522633206207","name":"交顶村委会"},{"code":"522633206208","name":"归眼村委会"},{"code":"522633206209","name":"打格村委会"},{"code":"522633206210","name":"平晏村委会"},{"code":"522633206211","name":"打郎村委会"},{"code":"522633206212","name":"打边村委会"}]