[{"code":"522632102001","name":"寨蒿镇居委会"},{"code":"522632102200","name":"寨蒿村委会"},{"code":"522632102201","name":"维新村委会"},{"code":"522632102202","name":"大堡村委会"},{"code":"522632102203","name":"丰玉村委会"},{"code":"522632102204","name":"老鸦子村委会"},{"code":"522632102205","name":"卫城村委会"},{"code":"522632102206","name":"三洲村委会"},{"code":"522632102207","name":"寿洞村委会"},{"code":"522632102208","name":"高赧村委会"},{"code":"522632102209","name":"求寨村委会"},{"code":"522632102210","name":"扒王村委会"},{"code":"522632102211","name":"平堡村委会"},{"code":"522632102212","name":"便裳村委会"},{"code":"522632102213","name":"归裳村委会"},{"code":"522632102214","name":"票寨村委会"},{"code":"522632102215","name":"晚寨村委会"},{"code":"522632102216","name":"建卫村委会"},{"code":"522632102217","name":"平定村委会"},{"code":"522632102218","name":"乌公村委会"},{"code":"522632102219","name":"高表村委会"},{"code":"522632102220","name":"乃勇村委会"}]