[{"code":"522701107001","name":"平浪居民委员会"},{"code":"522701107002","name":"凯口居民委员会"},{"code":"522701107200","name":"平浪村村民委员会"},{"code":"522701107201","name":"文峰村村民委员会"},{"code":"522701107202","name":"平坝村村民委员会"},{"code":"522701107203","name":"罗雍村村民委员会"},{"code":"522701107204","name":"卡鲁村村民委员会"},{"code":"522701107205","name":"凯口村村民委员会"},{"code":"522701107206","name":"朵罗村村民委员会"},{"code":"522701107207","name":"凯酉村村民委员会"},{"code":"522701107208","name":"沙拉河村村民委员会"},{"code":"522701107209","name":"共和村村民委员会"},{"code":"522701107210","name":"甲壤村村民委员会"},{"code":"522701107211","name":"谷新村村民委员会"},{"code":"522701107212","name":"新龙村村民委员会"}]