[{"code":"522728114200","name":"木引村委会"},{"code":"522728114201","name":"从里村委会"},{"code":"522728114202","name":"云保村委会"},{"code":"522728114203","name":"罗坪村委会"},{"code":"522728114204","name":"把坝村委会"},{"code":"522728114205","name":"纳猛村委会"},{"code":"522728114206","name":"高山村委会"},{"code":"522728114207","name":"宜龙村委会"},{"code":"522728114208","name":"水井村委会"},{"code":"522728114209","name":"摆落村委会"},{"code":"522728114210","name":"速进村委会"},{"code":"522728114211","name":"打金村委会"}]