[{"code":"530125102001","name":"大薛营社区居民委员会"},{"code":"530125102002","name":"古城社区居民委员会"},{"code":"530125102003","name":"南北社区居民委员会"},{"code":"530125102004","name":"安家桥社区居民委员会"},{"code":"530125102005","name":"凤莱社区居民委员会"},{"code":"530125102006","name":"先觉社区居民委员会"},{"code":"530125102007","name":"木龙社区居民委员会"},{"code":"530125102008","name":"车田社区居民委员会"},{"code":"530125102009","name":"陈家渡社区居民委员会"},{"code":"530125102010","name":"陆良营社区居民委员会"},{"code":"530125102011","name":"北羊街社区居民委员会"},{"code":"530125102012","name":"贾王社区居民委员会"},{"code":"530125102207","name":"南冲村委会"},{"code":"530125102208","name":"安南村委会"},{"code":"530125102210","name":"龙兑村委会"},{"code":"530125102213","name":"北墩子村委会"},{"code":"530125102215","name":"清水塘村委会"},{"code":"530125102217","name":"吕广营村委会"},{"code":"530125102218","name":"龙兴村委会"},{"code":"530125102219","name":"合兴村委会"},{"code":"530125102220","name":"米户村委会"}]