[{"code":"530381112201","name":"关营村委会"},{"code":"530381112202","name":"热水村委会"},{"code":"530381112203","name":"营沟村委会"},{"code":"530381112204","name":"秧草村委会"},{"code":"530381112205","name":"得德村委会"},{"code":"530381112206","name":"黎山村委会"},{"code":"530381112207","name":"格依村委会"},{"code":"530381112208","name":"柏木村委会"},{"code":"530381112209","name":"响宗村委会"},{"code":"530381112210","name":"中村村委会"},{"code":"530381112211","name":"述迤村委会"},{"code":"530381112212","name":"乐迤村委会"},{"code":"530381112213","name":"窑上村委会"},{"code":"530381112214","name":"陡沟村委会"},{"code":"530381112215","name":"花鱼村委会"},{"code":"530381112216","name":"色卡村委会"},{"code":"530381112217","name":"吉科村委会"},{"code":"530381112218","name":"阿浪村委会"},{"code":"530381112219","name":"海德村委会"},{"code":"530381112220","name":"岱海村委会"},{"code":"530381112221","name":"干海村委会"},{"code":"530381112222","name":"建新村委会"}]