[{"code":"530402004001","name":"北城居委会"},{"code":"530402004002","name":"大营社区"},{"code":"530402004003","name":"夏井社区"},{"code":"530402004004","name":"东前社区"},{"code":"530402004005","name":"古城社区"},{"code":"530402004006","name":"王棋社区"},{"code":"530402004007","name":"后所社区"},{"code":"530402004008","name":"皂角社区"},{"code":"530402004009","name":"梅园社区"},{"code":"530402004010","name":"高桥社区"},{"code":"530402004011","name":"莲池社区"},{"code":"530402004012","name":"刺桐关社区"},{"code":"530402004013","name":"大石板社区"}]