[{"code":"530581109201","name":"新街社区村民委员会"},{"code":"530581109202","name":"中营社区村民委员会"},{"code":"530581109203","name":"民振社区村民委员会"},{"code":"530581109204","name":"高田社区村民委员会"},{"code":"530581109205","name":"樊家营社区村民委员会"},{"code":"530581109206","name":"闫家冲社区村民委员会"},{"code":"530581109207","name":"东坪社区村民委员会"},{"code":"530581109208","name":"大村社区村民委员会"},{"code":"530581109209","name":"新歧社区村民委员会"},{"code":"530581109210","name":"勐蚌社区村民委员会"},{"code":"530581109211","name":"勐新社区村民委员会"}]