[{"code":"530625105001","name":"老街社区居民委员会"},{"code":"530625105002","name":"新街社区居民委员会"},{"code":"530625105003","name":"滨江社区居民委员会"},{"code":"530625105202","name":"鲁机村民委员会"},{"code":"530625105203","name":"梨园村民委员会"},{"code":"530625105204","name":"骆丘村民委员会"},{"code":"530625105205","name":"核桃村民委员会"},{"code":"530625105206","name":"马坡村民委员会"},{"code":"530625105207","name":"金沙村民委员会"},{"code":"530625105208","name":"河口村民委员会"}]