[{"code":"532324101001","name":"龙泉社区居民委员会"},{"code":"532324101002","name":"南秀社区居民委员会"},{"code":"532324101003","name":"西云社区居民委员会"},{"code":"532324101004","name":"海子山社区居民委员会"},{"code":"532324101005","name":"笪家屯社区居民委员会"},{"code":"532324101006","name":"斗山社区居民委员会"},{"code":"532324101007","name":"火星社区居民委员会"},{"code":"532324101008","name":"罗家屯社区居民委员会"},{"code":"532324101009","name":"平山社区居民委员会"},{"code":"532324101010","name":"灵官社区居民委员会"},{"code":"532324101011","name":"二街社区居民委员会"},{"code":"532324101012","name":"柿子树社区居民委员会"},{"code":"532324101204","name":"白衣村民委员会"},{"code":"532324101205","name":"车子塘村民委员会"},{"code":"532324101206","name":"石门村民委员会"},{"code":"532324101207","name":"上雨天村民委员会"},{"code":"532324101210","name":"红土门村民委员会"},{"code":"532324101211","name":"大谷堆村民委员会"},{"code":"532324101212","name":"蟠龙村民委员会"},{"code":"532324101213","name":"岔河村民委员会"},{"code":"532324101214","name":"云台山村民委员会"},{"code":"532324101215","name":"大智阁村民委员会"},{"code":"532324101216","name":"徐营村民委员会"},{"code":"532324101217","name":"河硐村民委员会"},{"code":"532324101218","name":"上庄科村民委员会"},{"code":"532324101219","name":"斗华村民委员会"},{"code":"532324101220","name":"羊草河村民委员会"},{"code":"532324101222","name":"梅子树村民委员会"},{"code":"532324101224","name":"镇境村民委员会"}]