[{"code":"533103101201","name":"大湾村民委员会"},{"code":"533103101202","name":"松树寨村民委员会"},{"code":"533103101203","name":"芒核村民委员会"},{"code":"533103101204","name":"拉怀村民委员会"},{"code":"533103101205","name":"回贤村民委员会"},{"code":"533103101206","name":"中东村民委员会"},{"code":"533103101207","name":"下东村民委员会"},{"code":"533103101208","name":"象滚塘村民委员会"},{"code":"533103101209","name":"河心场村民委员会"},{"code":"533103101210","name":"云茂村民委员会"}]