[{"code":"533123108201","name":"太平村民委员会"},{"code":"533123108202","name":"弄盏村民委员会"},{"code":"533123108203","name":"璋西村民委员会"},{"code":"533123108204","name":"黄龙村民委员会"},{"code":"533123108205","name":"大寨村民委员会"},{"code":"533123108206","name":"贺回村民委员会"},{"code":"533123108207","name":"卡牙村民委员会"},{"code":"533123108208","name":"龙盆村民委员会"},{"code":"533123108209","name":"芒允村民委员会"},{"code":"533123108210","name":"拉丙村民委员会"},{"code":"533123108211","name":"雪梨村民委员会"}]