[{"code":"542423101001","name":"夏曲卡居委会"},{"code":"542423101002","name":"伯托居委会"},{"code":"542423101201","name":"玉纳村"},{"code":"542423101202","name":"扎勒村"},{"code":"542423101203","name":"扎热村"},{"code":"542423101204","name":"瓦塘村"},{"code":"542423101205","name":"改乃村"},{"code":"542423101206","name":"勒加库村"},{"code":"542423101207","name":"热萨村"},{"code":"542423101208","name":"色娘村"},{"code":"542423101209","name":"勒根村"},{"code":"542423101210","name":"诺美尼村"},{"code":"542423101211","name":"布龙村"},{"code":"542423101212","name":"克玛村"},{"code":"542423101213","name":"热布村"},{"code":"542423101214","name":"擦曲松果村"},{"code":"542423101215","name":"茶迁村"},{"code":"542423101216","name":"永嘎勒村"},{"code":"542423101217","name":"托那莫布村"},{"code":"542423101218","name":"娘热村"},{"code":"542423101219","name":"仲拉村"},{"code":"542423101220","name":"边塘村"}]