[{"code":"610124115202","name":"南淇水村委会"},{"code":"610124115204","name":"北淇水村委会"},{"code":"610124115205","name":"油坊头村委会"},{"code":"610124115207","name":"马坊村委会"},{"code":"610124115209","name":"马村委会"},{"code":"610124115213","name":"骆驼营村委会"},{"code":"610124115214","name":"王唐村委会"},{"code":"610124115219","name":"阿岔村委会"},{"code":"610124115220","name":"司竹村委会"},{"code":"610124115221","name":"金丰村委会"}]