[{"code":"610304102200","name":"司家崖村村民委员会"},{"code":"610304102201","name":"墓子头村村民委员会"},{"code":"610304102202","name":"张家崖村村民委员会"},{"code":"610304102203","name":"杨家沟村村民委员会"},{"code":"610304102204","name":"俱刘村村民委员会"},{"code":"610304102205","name":"冯家咀村村民委员会"},{"code":"610304102206","name":"陈家崖村村民委员会"},{"code":"610304102207","name":"魏家崖村村民委员会"},{"code":"610304102208","name":"黄贺村村民委员会"},{"code":"610304102209","name":"寨子村村民委员会"},{"code":"610304102210","name":"产东村村民委员会"},{"code":"610304102211","name":"产西村村民委员会"},{"code":"610304102212","name":"李家堡村村民委员会"},{"code":"610304102213","name":"底店村村民委员会"},{"code":"610304102214","name":"北坡村村民委员会"},{"code":"610304102215","name":"高南村村民委员会"},{"code":"610304102217","name":"田胥崖村村民委员会"},{"code":"610304102220","name":"肖村村民委员会"},{"code":"610304102221","name":"王家崖村村民委员会"},{"code":"610304102224","name":"三星村村民委员会"}]