[{"code":"610429102200","name":"职田街村委会"},{"code":"610429102201","name":"马家堡村委会"},{"code":"610429102202","name":"照庄村委会"},{"code":"610429102204","name":"早池村委会"},{"code":"610429102207","name":"万寿村委会"},{"code":"610429102209","name":"杨村委会"},{"code":"610429102212","name":"青村委会"},{"code":"610429102214","name":"墙下村委会"},{"code":"610429102216","name":"武家堡村委会"},{"code":"610429102217","name":"小峪子村委会"},{"code":"610429102219","name":"恒安州村委会"}]