[{"code":"610523114202","name":"赵西村委会"},{"code":"610523114203","name":"赵东村委会"},{"code":"610523114204","name":"乐合村委会"},{"code":"610523114205","name":"雨林村委会"},{"code":"610523114206","name":"富民村委会"},{"code":"610523114207","name":"春合村委会"},{"code":"610523114208","name":"新安村委会"},{"code":"610523114209","name":"新建村委会"},{"code":"610523114210","name":"平民村委会"},{"code":"610523114211","name":"仁兴村委会"},{"code":"610523114212","name":"严通村委会"},{"code":"610523114213","name":"利民村委会"},{"code":"610523114214","name":"鲁安村委会"},{"code":"610523114215","name":"鲁豫村委会"},{"code":"610523114216","name":"大庆关村委会"}]