[{"code":"610627102001","name":"道镇社区居委会"},{"code":"610627102200","name":"道镇村委会"},{"code":"610627102201","name":"兰家川村委会"},{"code":"610627102204","name":"府安村委会"},{"code":"610627102206","name":"蒲家沟村委会"},{"code":"610627102207","name":"纸房村委会"},{"code":"610627102208","name":"甄家湾村委会"},{"code":"610627102211","name":"米家沟村委会"},{"code":"610627102212","name":"麻子街村委会"},{"code":"610627102214","name":"南义沟村委会"},{"code":"610627102216","name":"坡底村委会"},{"code":"610627102219","name":"三岔口村委会"},{"code":"610627102220","name":"东沟村委会"},{"code":"610627102221","name":"府村委会"},{"code":"610627102224","name":"黄好坪村委会"},{"code":"610627102225","name":"乔庄村委会"},{"code":"610627102227","name":"五里桥村委会"},{"code":"610627102229","name":"施家庄村委会"}]