[{"code":"610830108200","name":"师家湾村委会"},{"code":"610830108201","name":"崔家沟村委会"},{"code":"610830108202","name":"八斗岔村委会"},{"code":"610830108203","name":"贺家川村委会"},{"code":"610830108204","name":"贺家沟村委会"},{"code":"610830108205","name":"康家圪塔村委会"},{"code":"610830108206","name":"邓家沟村委会"},{"code":"610830108207","name":"营田村委会"},{"code":"610830108208","name":"霍家坪村委会"},{"code":"610830108209","name":"梨家湾村委会"},{"code":"610830108210","name":"张家硷村委会"},{"code":"610830108211","name":"背峁河村委会"},{"code":"610830108212","name":"高家硷村委会"},{"code":"610830108213","name":"王家硷村委会"},{"code":"610830108214","name":"前进村委会"},{"code":"610830108215","name":"十里铺村委会"},{"code":"610830108216","name":"寺家硷村委会"},{"code":"610830108217","name":"韩家硷村委会"},{"code":"610830108218","name":"梁家岔村委会"},{"code":"610830108219","name":"前蒋军沟村委会"},{"code":"610830108220","name":"贺家塬村委会"},{"code":"610830108221","name":"韩家塬村委会"},{"code":"610830108222","name":"徐家沟村委会"},{"code":"610830108223","name":"鲍家沟村委会"},{"code":"610830108224","name":"后惠家河村委会"},{"code":"610830108225","name":"前惠家河村委会"},{"code":"610830108226","name":"李家山村委会"},{"code":"610830108227","name":"惠王村委会"},{"code":"610830108228","name":"惠家山村委会"},{"code":"610830108229","name":"高家畔村委会"},{"code":"610830108230","name":"惠家塬村委会"},{"code":"610830108231","name":"赵家河村委会"},{"code":"610830108232","name":"惠家沟村委会"},{"code":"610830108233","name":"王家沟村委会"},{"code":"610830108234","name":"支山洼村委会"},{"code":"610830108235","name":"南坬里村委会"},{"code":"610830108236","name":"双庙河村委会"},{"code":"610830108237","name":"枣咀河村委会"},{"code":"610830108238","name":"房家河村委会"},{"code":"610830108239","name":"寨腰村委会"},{"code":"610830108240","name":"打咀河村委会"},{"code":"610830108241","name":"桑浪河村委会"},{"code":"610830108242","name":"阳山村委会"},{"code":"610830108243","name":"蔺家坬村委会"},{"code":"610830108244","name":"徐家畔村委会"},{"code":"610830108245","name":"石家河村委会"},{"code":"610830108246","name":"任家山村委会"},{"code":"610830108247","name":"呼家山村委会"},{"code":"610830108248","name":"下张家山村委会"},{"code":"610830108249","name":"鲍家山村委会"},{"code":"610830108250","name":"安则畔村委会"},{"code":"610830108251","name":"贺家畔村委会"}]