[{"code":"610803111200","name":"韩岔村委会"},{"code":"610803111201","name":"邓家焉村委会"},{"code":"610803111202","name":"范老庄村委会"},{"code":"610803111203","name":"黄圪塄村委会"},{"code":"610803111204","name":"胡家沟村委会"},{"code":"610803111205","name":"边则畔村委会"},{"code":"610803111206","name":"高庙村委会"},{"code":"610803111207","name":"三星村委会"},{"code":"610803111208","name":"闫家洼村委会"},{"code":"610803111209","name":"吴兴窑村委会"},{"code":"610803111210","name":"李四桐村委会"},{"code":"610803111211","name":"白岔村委会"},{"code":"610803111212","name":"李渠村委会"},{"code":"610803111213","name":"毕家堡村委会"},{"code":"610803111214","name":"羊路塌村委会"},{"code":"610803111215","name":"柳卜塔村委会"},{"code":"610803111216","name":"瓦高庄村委会"},{"code":"610803111217","name":"元盆洼村委会"},{"code":"610803111218","name":"东沟畔村委会"},{"code":"610803111219","name":"石窑沟村委会"},{"code":"610803111220","name":"榆树峁村委会"},{"code":"610803111221","name":"常家元则村委会"},{"code":"610803111222","name":"郑高梁村委会"},{"code":"610803111223","name":"师家焉村委会"},{"code":"610803111224","name":"代家焉村委会"},{"code":"610803111225","name":"曹阳洼村委会"},{"code":"610803111226","name":"安老庄村委会"},{"code":"610803111227","name":"高家焉村委会"},{"code":"610803111228","name":"拓家畔村委会"},{"code":"610803111229","name":"王家焉村委会"},{"code":"610803111230","name":"杨道沟村委会"},{"code":"610803111231","name":"张台村委会"},{"code":"610803111232","name":"苏家元村委会"},{"code":"610803111233","name":"姬家焉村委会"},{"code":"610803111234","name":"下栾杰村委会"},{"code":"610803111235","name":"韩台村委会"},{"code":"610803111236","name":"常峁焉村委会"},{"code":"610803111237","name":"闫新窑村委会"},{"code":"610803111238","name":"安则梁村委会"},{"code":"610803111239","name":"上栾杰村委会"}]