[{"code":"610902120001","name":"红升社区居委会"},{"code":"610902120002","name":"县河社区居委会"},{"code":"610902120003","name":"财梁社区居委会"},{"code":"610902120004","name":"牛岭社区居委会"},{"code":"610902120005","name":"红霞社区居委会"},{"code":"610902120205","name":"毛坝村委会"},{"code":"610902120207","name":"凡庙村委会"},{"code":"610902120209","name":"大垛村委会"},{"code":"610902120212","name":"白垭村委会"},{"code":"610902120218","name":"谢坝村委会"},{"code":"610902120222","name":"姚河村委会"},{"code":"610902120223","name":"巩固村委会"},{"code":"610902120224","name":"枫树村委会"},{"code":"610902120225","name":"上湾村委会"},{"code":"610902120226","name":"林香村委会"},{"code":"610902120227","name":"富强村委会"},{"code":"610902120228","name":"灯塔村委会"}]