[{"code":"610924100001","name":"东城街道社区门居委会"},{"code":"610924100002","name":"会仙桥街道社区居委会"},{"code":"610924100003","name":"环城路街道社区居委会"},{"code":"610924100004","name":"河堤路街道社区居委会"},{"code":"610924100200","name":"新桃村委会"},{"code":"610924100201","name":"新田村委会"},{"code":"610924100202","name":"太平村委会"},{"code":"610924100203","name":"青中村委会"},{"code":"610924100204","name":"全安村委会"},{"code":"610924100205","name":"楠木村委会"},{"code":"610924100206","name":"天星村委会"},{"code":"610924100207","name":"西门河村委会"},{"code":"610924100208","name":"大力滩村委会"},{"code":"610924100209","name":"双坪村委会"},{"code":"610924100210","name":"和平村委会"},{"code":"610924100212","name":"塘么子沟村委会"},{"code":"610924100214","name":"富家村委会"}]