[{"code":"620103001001","name":"下西园社区居委会"},{"code":"620103001002","name":"上西园社区居委会"},{"code":"620103001003","name":"工林路社区居委会"},{"code":"620103001004","name":"林家庄社区居委会"},{"code":"620103001005","name":"雷坛河西街社区居民委员会"},{"code":"620103001006","name":"柏树巷社区居委会"},{"code":"620103001007","name":"五星坪社区居委会"},{"code":"620103001008","name":"华林山社区居委会"},{"code":"620103001009","name":"华林坪社区居委会"},{"code":"620103001010","name":"文化宫社区居委会"}]