[{"code":"620423103200","name":"大水奓村委会"},{"code":"620423103201","name":"喜集水村委会"},{"code":"620423103202","name":"兴泉村委会"},{"code":"620423103203","name":"三塘村委会"},{"code":"620423103204","name":"北滩村委会"},{"code":"620423103205","name":"余梁村委会"},{"code":"620423103206","name":"新庄村委会"},{"code":"620423103207","name":"新民村委会"},{"code":"620423103208","name":"尚坝村委会"},{"code":"620423103209","name":"南滩村委会"},{"code":"620423103210","name":"陈庄村委会"},{"code":"620423103211","name":"大安村委会"},{"code":"620423103212","name":"福禄村委会"},{"code":"620423103213","name":"马莲村委会"},{"code":"620423103214","name":"中心村委会"},{"code":"620423103215","name":"三台井村委会"},{"code":"620423103216","name":"铧尖村委会"},{"code":"620423103217","name":"民安村委会"}]