[{"code":"620723101001","name":"乐民社区居民委员会"},{"code":"620723101002","name":"东关街社区居委会"},{"code":"620723101003","name":"沙河街社区居民委员会"},{"code":"620723101004","name":"颐和社区居民委员会"},{"code":"620723101005","name":"惠民社区居民委员会"},{"code":"620723101201","name":"东寨村委会"},{"code":"620723101202","name":"西寨村委会"},{"code":"620723101203","name":"化音村委会"},{"code":"620723101204","name":"兰家堡村委会"},{"code":"620723101205","name":"沙河村委会"},{"code":"620723101206","name":"西关村委会"},{"code":"620723101207","name":"五三村委会"},{"code":"620723101208","name":"何强村委会"},{"code":"620723101209","name":"花园村委会"},{"code":"620723101210","name":"闸湾村委会"},{"code":"620723101211","name":"新丰村委会"},{"code":"620723101212","name":"西头号村委会"},{"code":"620723101213","name":"新民村委会"}]