[{"code":"620724105200","name":"碱泉子村委会"},{"code":"620724105201","name":"梧桐村委会"},{"code":"620724105202","name":"新联村委会"},{"code":"620724105203","name":"红新村委会"},{"code":"620724105204","name":"团结村委会"},{"code":"620724105205","name":"建康村委会"},{"code":"620724105206","name":"永胜村委会"},{"code":"620724105207","name":"前进村委会"},{"code":"620724105208","name":"果树村委会"},{"code":"620724105209","name":"新民村委会"},{"code":"620724105210","name":"新建村委会"},{"code":"620724105211","name":"骆驼城村委会"},{"code":"620724105212","name":"西滩村委会"}]