[{"code":"621125209201","name":"能岸村民委员会"},{"code":"621125209202","name":"新东村民委员会"},{"code":"621125209203","name":"林泉村民委员会"},{"code":"621125209204","name":"胭脂村民委员会"},{"code":"621125209205","name":"直沟村民委员会"},{"code":"621125209206","name":"韩川村民委员会"},{"code":"621125209207","name":"黄河村民委员会"},{"code":"621125209208","name":"本本湾村民委员会"},{"code":"621125209209","name":"土司门村民委员会"}]