[{"code":"630123200200","name":"石崖庄村委会"},{"code":"630123200201","name":"新民村委会"},{"code":"630123200202","name":"响河村委会"},{"code":"630123200203","name":"下脖项村委会"},{"code":"630123200204","name":"峨头山村委会"},{"code":"630123200205","name":"兰占巴村委会"},{"code":"630123200206","name":"灰条沟村委会"},{"code":"630123200207","name":"灰条口村委会"},{"code":"630123200208","name":"拉尔贯村委会"},{"code":"630123200209","name":"北山村委会"},{"code":"630123200210","name":"柏树堂村委会"},{"code":"630123200211","name":"山岔村委会"},{"code":"630123200212","name":"炭窑村委会"}]