[{"code":"630122104001","name":"甘河滩社区居民委员会"},{"code":"630122104200","name":"甘河村委会"},{"code":"630122104201","name":"页沟村委会"},{"code":"630122104202","name":"坡东村委会"},{"code":"630122104203","name":"坡西村委会"},{"code":"630122104204","name":"隆寺干村委会"},{"code":"630122104205","name":"下中沟村委会"},{"code":"630122104206","name":"上中沟村委会"},{"code":"630122104207","name":"元山尔村委会"},{"code":"630122104208","name":"卡跃村委会"},{"code":"630122104209","name":"上营村委会"},{"code":"630122104210","name":"下营村委会"},{"code":"630122104211","name":"上河湾村委会"},{"code":"630122104212","name":"下河湾村委会"},{"code":"630122104213","name":"李九村委会"},{"code":"630122104214","name":"前跃村委会"},{"code":"630122104215","name":"东湾村委会"},{"code":"630122104216","name":"黄一村委会"},{"code":"630122104217","name":"黄二村委会"}]