[{"code":"630224206200","name":"谢家滩村村民委员会"},{"code":"630224206201","name":"工扎村村民委员会"},{"code":"630224206202","name":"拉扎村村民委员会"},{"code":"630224206203","name":"要隆村村民委员会"},{"code":"630224206204","name":"卡昂村村民委员会"},{"code":"630224206205","name":"朱家湾村村民委员会"},{"code":"630224206206","name":"九道湾村村民委员会"},{"code":"630224206207","name":"吊沟村村民委员会"},{"code":"630224206208","name":"丁家湾村村民委员会"},{"code":"630224206209","name":"尔多其那村村民委员会"},{"code":"630224206210","name":"韩家窑村村民委员会"},{"code":"630224206211","name":"牙合村村民委员会"},{"code":"630224206212","name":"马塘村村民委员会"},{"code":"630224206213","name":"合群村村民委员会"},{"code":"630224206214","name":"下河滩村村民委员会"},{"code":"630224206215","name":"阴坡村村民委员会"},{"code":"630224206216","name":"西门泉村村民委员会"},{"code":"630224206217","name":"卷坑村村民委员会"}]