[{"code":"630225102001","name":"街子镇社区"},{"code":"630225102200","name":"团结村委会"},{"code":"630225102201","name":"托隆都村委会"},{"code":"630225102202","name":"牙门曲乎村委会"},{"code":"630225102203","name":"三兰巴海村委会"},{"code":"630225102204","name":"沈家村委会"},{"code":"630225102205","name":"上房村委会"},{"code":"630225102206","name":"马家村委会"},{"code":"630225102207","name":"三立方村委会"},{"code":"630225102208","name":"苏哇什村委会"},{"code":"630225102209","name":"洋巴扎村委会"},{"code":"630225102210","name":"波拉海村委会"},{"code":"630225102211","name":"吾土贝那亥村委会"},{"code":"630225102212","name":"洋苦浪村委会"},{"code":"630225102213","name":"波立吉村委会"},{"code":"630225102214","name":"古吉来村委会"},{"code":"630225102215","name":"塘坊村委会"},{"code":"630225102216","name":"果河拉村委会"},{"code":"630225102217","name":"果什滩村委会"},{"code":"630225102218","name":"孟达山村委会"}]