[{"code":"650104006001","name":"铁桥社区居委会"},{"code":"650104006002","name":"五建社区居委会"},{"code":"650104006003","name":"新兴社区居委会"},{"code":"650104006004","name":"四平路社区居委会"},{"code":"650104006005","name":"汇园社区居委会"},{"code":"650104006006","name":"喀什东路社区居委会"},{"code":"650104006007","name":"晨光社区居委会"},{"code":"650104006008","name":"乌东站社区居委会"},{"code":"650104006009","name":"文轩社区居委会"},{"code":"650104006010","name":"东站北社区"},{"code":"650104006011","name":"京疆路社区"}]