[{"code":"650502211200","name":"头道沟村委会"},{"code":"650502211201","name":"二道沟村委会"},{"code":"650502211202","name":"三道沟村委会"},{"code":"650502211203","name":"石城子村委会"},{"code":"650502211204","name":"板房沟村委会"},{"code":"650502211205","name":"白杨沟村委会"},{"code":"650502211206","name":"二崖头村委会"},{"code":"650502211207","name":"榆树沟村委会"},{"code":"650502211208","name":"水亭村委会"},{"code":"650502211210","name":"榆树沟口子村委会"},{"code":"650502211500","name":"沙依巴克生活区"},{"code":"650502211501","name":"阿卡尔生活区"},{"code":"650502211502","name":"牙吾龙生活区"}]