[{"code":"652701501400","name":"团部社区"},{"code":"652701501501","name":"一连"},{"code":"652701501502","name":"二连"},{"code":"652701501503","name":"三连"},{"code":"652701501504","name":"四连"},{"code":"652701501505","name":"五连"},{"code":"652701501506","name":"六连"},{"code":"652701501507","name":"七连"},{"code":"652701501508","name":"八连"},{"code":"652701501509","name":"九连"},{"code":"652701501510","name":"十连"},{"code":"652701501511","name":"十一连"},{"code":"652701501512","name":"十二连"},{"code":"652701501513","name":"良繁站生活区"}]