[{"code":"652927201200","name":"斯代村委会"},{"code":"652927201201","name":"亚巴格村委会"},{"code":"652927201202","name":"亚克瑞科村委会"},{"code":"652927201203","name":"麻扎巴格村委会"},{"code":"652927201204","name":"拜什格热木村委会"},{"code":"652927201205","name":"皮羌村委会"},{"code":"652927201206","name":"托库扎克村委会"},{"code":"652927201207","name":"依力克其墩村委会"},{"code":"652927201208","name":"托万克喀拉霍加村委会"},{"code":"652927201209","name":"尤喀克喀拉霍加村委会"}]