[{"code":"653130203200","name":"喀什葛尔买里斯村委会"},{"code":"653130203201","name":"夏马勒村委会"},{"code":"653130203202","name":"古勒巴格村委会"},{"code":"653130203203","name":"英吾斯塘村委会"},{"code":"653130203204","name":"英吾斯塘贝希村委会"},{"code":"653130203205","name":"阿克库勒村委会"},{"code":"653130203206","name":"铁热克村委会"},{"code":"653130203207","name":"其汗宰村委会"},{"code":"653130203208","name":"盖买村委会"},{"code":"653130203209","name":"夏马勒牧场村委会"},{"code":"653130203210","name":"夏马力林场村委会"},{"code":"653130203211","name":"农场村委会"}]