[{"code":"653125001001","name":"疆南社区居民委员会"},{"code":"653125001002","name":"硕尔巴格社区居民委员会"},{"code":"653125001003","name":"奥尔达吾斯塘社区居民委员会"},{"code":"653125001004","name":"加依铁热克社区居民委员会"},{"code":"653125001005","name":"滨河社区居民委员会"},{"code":"653125001006","name":"叶尔羌社区居民委员会"},{"code":"653125001007","name":"幸福社区居民委员会"},{"code":"653125001008","name":"迎宾路社区居民委员会"},{"code":"653125001009","name":"阿热木巴格社区居民委员会"},{"code":"653125001010","name":"巴格霍依拉社区居民委员会"},{"code":"653125001011","name":"健康社区居委会"},{"code":"653125001012","name":"前进路社区"},{"code":"653125001013","name":"东南社区"},{"code":"653125001014","name":"协海尔巴格社区居民委员会"},{"code":"653125001015","name":"栏杆社区"},{"code":"653125001016","name":"哈尼喀德尔瓦孜社区居民委员会"},{"code":"653125001200","name":"其乃巴格村委会"}]