[{"code":"653226101200","name":"塔格达西曼村委会"},{"code":"653226101201","name":"萨依村委会"},{"code":"653226101202","name":"斯克达西曼村委会"},{"code":"653226101203","name":"乔克拉村委会"},{"code":"653226101204","name":"托万达西曼村委会"},{"code":"653226101205","name":"喀拉吐仑村委会"},{"code":"653226101206","name":"巴什萨依巴格村委会"},{"code":"653226101207","name":"托万萨依巴格村委会"},{"code":"653226101208","name":"喀提亚克村委会"},{"code":"653226101209","name":"阿日希村委会"},{"code":"653226101210","name":"良种村委会"},{"code":"653226101400","name":"文明社区居委会"}]