[{"code":"654324202200","name":"库勒拜村委会"},{"code":"654324202201","name":"姜居勒克村委会"},{"code":"654324202202","name":"萨尔塔克太村委会"},{"code":"654324202203","name":"库勒拜喀拉阔布村委会"},{"code":"654324202204","name":"巴勒塔村委会"},{"code":"654324202205","name":"喀拉希力克村委会"},{"code":"654324202206","name":"塔斯喀拉村委会"},{"code":"654324202208","name":"喀尔乌特克勒村委会"},{"code":"654324202209","name":"喀英德阿热勒村委会"},{"code":"654324202211","name":"阿克加尔村委会"},{"code":"654324202213","name":"库勒拜阔斯阿热勒村委会"},{"code":"654324202214","name":"库勒拜阿克齐村委会"},{"code":"654324202215","name":"喀拉布拉克村委会"},{"code":"654324202218","name":"铁热克提胡拉克村委会"},{"code":"654324202219","name":"吾什托别村委会"},{"code":"654324202223","name":"托喀勒别依特村委会"},{"code":"654324202224","name":"萨尔沃依村委会"},{"code":"654324202225","name":"均塔斯塔克村委会"},{"code":"654324202226","name":"萨尔合亚克村委会"},{"code":"654324202227","name":"那勒村委会"},{"code":"654324202228","name":"齐巴尔喀拉塔斯村委会"},{"code":"654324202229","name":"阿勒尕村委会"},{"code":"654324202230","name":"别斯库都克村委会"},{"code":"654324202231","name":"阿克阿热勒村委会"},{"code":"654324202232","name":"喀拉乌泽克村委会"},{"code":"654324202233","name":"四十一公里村委会"}]